<?xml version="1.0" encoding="UTF-8"?>
<lihc:tcga_bcr xsi:schemaLocation="http://tcga.nci/bcr/xml/clinical/lihc/2.7 https://raw.githubusercontent.com/nchbcr/xsd/2.7/tcga.nci/bcr/xml/clinical/lihc/2.7/TCGA_BCR.LIHC_Clinical.xsd" schemaVersion="2.7" xmlns:lihc="http://tcga.nci/bcr/xml/clinical/lihc/2.7" xmlns:xsi="http://www.w3.org/2001/XMLSchema-instance" xmlns:admin="http://tcga.nci/bcr/xml/administration/2.7" xmlns:shared="http://tcga.nci/bcr/xml/shared/2.7" xmlns:clin_shared="http://tcga.nci/bcr/xml/clinical/shared/2.7" xmlns:chol_lihc_shared="http://tcga.nci/bcr/xml/clinical/shared/chol_lihc/2.7" xmlns:shared_stage="http://tcga.nci/bcr/xml/clinical/shared/stage/2.7" xmlns:lihc_nte="http://tcga.nci/bcr/xml/clinical/lihc/shared/new_tumor_event/2.7/1.0" xmlns:nte="http://tcga.nci/bcr/xml/clinical/shared/new_tumor_event/2.7" xmlns:follow_up_v4.0="http://tcga.nci/bcr/xml/clinical/lihc/followup/2.7/4.0" xmlns:rx="http://tcga.nci/bcr/xml/clinical/pharmaceutical/2.7" xmlns:rad="http://tcga.nci/bcr/xml/clinical/radiation/2.7" xmlns:ablation="http://tcga.nci/bcr/xml/clinical/ablation/2.7">
    <admin:admin>
        <admin:bcr xsd_ver="1.17">Nationwide Children's Hospital</admin:bcr>
        <admin:file_uuid xsd_ver="2.6">3DECCCFE-20E3-4EA3-B033-62F6FEC3F9E7</admin:file_uuid>
        <admin:batch_number xsd_ver="1.17">203.73.0</admin:batch_number>
        <admin:project_code xsd_ver="2.7">TCGA</admin:project_code>
        <admin:disease_code xsd_ver="2.6">LIHC</admin:disease_code>
        <admin:day_of_dcc_upload xsd_ver="1.17">22</admin:day_of_dcc_upload>
        <admin:month_of_dcc_upload xsd_ver="1.17">12</admin:month_of_dcc_upload>
        <admin:year_of_dcc_upload xsd_ver="1.17">2016</admin:year_of_dcc_upload>
        <admin:patient_withdrawal>
            <admin:withdrawn>false</admin:withdrawn>
        </admin:patient_withdrawal>
        <admin:program xsi:nil="true" xsd_ver="2.7"/>
        <admin:dbgap_registration_code xsi:nil="true" xsd_ver="2.7"/>
    </admin:admin>
    <lihc:patient>
        <admin:additional_studies/>
        <shared:tissue_source_site cde="" cde_ver="" xsd_ver="2.4" owner="TSS" procurement_status="Completed" restricted="false">DD</shared:tissue_source_site>
        <shared:patient_id cde="" cde_ver="" xsd_ver="2.4" owner="TSS" procurement_status="Completed" restricted="false">A1EK</shared:patient_id>
        <shared:bcr_patient_barcode preferred_name="" display_order="9999" cde="2003301" cde_ver="" xsd_ver="1.8" owner="TSS" procurement_status="Completed" restricted="false">TCGA-DD-A1EK</shared:bcr_patient_barcode>
        <shared:bcr_patient_uuid preferred_name="" display_order="9999" cde="" cde_ver="" xsd_ver="2.3" owner="TSS" procurement_status="Completed" restricted="false">A5E4412B-0E49-4D86-9CCE-71F440A84048</shared:bcr_patient_uuid>
        <clin_shared:informed_consent_verified preferred_name="patient_consent_status" display_order="71" cde="3288361" cde_ver="1.000" xsd_ver="2.4" tier="1" owner="TSS" procurement_status="Completed" restricted="false">YES</clin_shared:informed_consent_verified>
        <clin_shared:icd_o_3_site preferred_name="" display_order="9999" cde="3226281" cde_ver="" xsd_ver="2.4" tier="2" owner="TSS" procurement_status="Completed" restricted="false">C22.0</clin_shared:icd_o_3_site>
        <clin_shared:icd_o_3_histology preferred_name="" display_order="9999" cde="3226275" cde_ver="" xsd_ver="2.4" tier="2" owner="TSS" procurement_status="Completed" restricted="false">8170/3</clin_shared:icd_o_3_histology>
        <clin_shared:icd_10 preferred_name="" display_order="9999" cde="3226287" cde_ver="" xsd_ver="2.4" tier="2" owner="TSS" procurement_status="Completed" restricted="false">C22.0</clin_shared:icd_10>
        <clin_shared:day_of_form_completion preferred_name="form_completion_day" display_order="4" cde="2975716" cde_ver="1.000" xsd_ver="2.2" tier="2" owner="TSS" procurement_status="Completed" restricted="false">9</clin_shared:day_of_form_completion>
        <clin_shared:month_of_form_completion preferred_name="form_completion_month" display_order="3" cde="2975718" cde_ver="1.000" xsd_ver="2.2" tier="2" owner="TSS" procurement_status="Completed" restricted="false">4</clin_shared:month_of_form_completion>
        <clin_shared:year_of_form_completion preferred_name="form_completion_year" display_order="5" cde="2975720" cde_ver="1.000" xsd_ver="2.2" tier="2" owner="TSS" procurement_status="Completed" restricted="false">2013</clin_shared:year_of_form_completion>
        <clin_shared:tissue_prospective_collection_indicator preferred_name="prospective_collection" display_order="4" cde="3088492" cde_ver="1.000" xsd_ver="2.3" tier="2" owner="TSS" procurement_status="Completed" restricted="false" source_system_identifier="2504016">NO</clin_shared:tissue_prospective_collection_indicator>
        <clin_shared:tissue_retrospective_collection_indicator preferred_name="retrospective_collection" display_order="5" cde="3088528" cde_ver="1.000" xsd_ver="2.3" tier="2" owner="TSS" procurement_status="Completed" restricted="false" source_system_identifier="2504017">YES</clin_shared:tissue_retrospective_collection_indicator>
        <clin_shared:days_to_birth precision="day" xsd_ver="1.12" tier="1" cde="3008233" owner="TSS" procurement_status="Completed" preferred_name="birth_days_to" display_order="999" cde_ver="1.000">-23437</clin_shared:days_to_birth>
        <shared:gender preferred_name="gender" display_order="10" cde="2200604" cde_ver="3.000" xsd_ver="1.8" tier="1" owner="TSS" procurement_status="Completed" restricted="false" source_system_identifier="2504022">FEMALE</shared:gender>
        <clin_shared:height preferred_name="height_cm_at_diagnosis" display_order="11" cde="649" cde_ver="4.100" xsd_ver="2.2" tier="2" owner="TSS" procurement_status="Completed" restricted="false" source_system_identifier="2504023">159</clin_shared:height>
        <clin_shared:weight preferred_name="weight_kg_at_diagnosis" display_order="12" cde="651" cde_ver="4.000" xsd_ver="2.2" tier="2" owner="TSS" procurement_status="Completed" restricted="false" source_system_identifier="2504024">97</clin_shared:weight>
        <clin_shared:race_list>
            <clin_shared:race preferred_name="race" display_order="13" cde="2192199" cde_ver="1.000" xsd_ver="1.8" tier="2" owner="TSS" procurement_status="Completed" restricted="false" source_system_identifier="2504025">WHITE</clin_shared:race>
        </clin_shared:race_list>
        <clin_shared:ethnicity preferred_name="ethnicity" display_order="14" cde="2192217" cde_ver="2.000" xsd_ver="1.9" tier="2" owner="TSS" procurement_status="Completed" restricted="false" source_system_identifier="2504026">NOT HISPANIC OR LATINO</clin_shared:ethnicity>
        <shared:other_dx preferred_name="history_other_malignancy" display_order="15" cde="3382736" cde_ver="2.000" xsd_ver="2.5" tier="1" owner="TSS" procurement_status="Completed" restricted="false" source_system_identifier="2504027">No</shared:other_dx>
        <shared:history_of_neoadjuvant_treatment preferred_name="history_neoadjuvant_treatment" display_order="16" cde="3382737" cde_ver="1.000" xsd_ver="2.4" tier="1" owner="TSS" procurement_status="Completed" restricted="false" source_system_identifier="2504028">No</shared:history_of_neoadjuvant_treatment>
        <clin_shared:vital_status preferred_name="vital_status" display_order="18" cde="5" cde_ver="5.000" xsd_ver="2.6" tier="2" owner="TSS" procurement_status="Completed" restricted="false" source_system_identifier="2504030">Dead</clin_shared:vital_status>
        <clin_shared:days_to_last_followup precision="day" xsd_ver="1.12" tier="1" cde="3008273" owner="TSS" procurement_status="Not Available" preferred_name="last_contact_days_to" display_order="999" cde_ver="1.000"/>
        <clin_shared:days_to_last_known_alive precision="day" xsd_ver="2.1" tier="2" cde="" owner="TSS" procurement_status="Not Available" preferred_name="" display_order="9999" cde_ver=""/>
        <clin_shared:days_to_death precision="day" xsd_ver="1.12" tier="1" cde="3165475" owner="TSS" procurement_status="Completed" preferred_name="death_days_to" display_order="999" cde_ver="1.000">558</clin_shared:days_to_death>
        <clin_shared:person_neoplasm_cancer_status preferred_name="tumor_status" display_order="17" cde="2759550" cde_ver="1.000" xsd_ver="1.9" tier="2" owner="TSS" procurement_status="Completed" restricted="false" source_system_identifier="2504029">WITH TUMOR</clin_shared:person_neoplasm_cancer_status>
        <clin_shared:relative_family_cancer_history preferred_name="family_history_cancer_indicator" display_order="27" cde="2691192" cde_ver="1.000" xsd_ver="2.4" tier="2" owner="TSS" procurement_status="Completed" restricted="false" source_system_identifier="2504039">YES</clin_shared:relative_family_cancer_history>
        <clin_shared:cancer_first_degree_relative preferred_name="family_history_cancer_number_relatives" display_order="28" cde="3171640" cde_ver="1.000" xsd_ver="2.4" tier="2" owner="TSS" procurement_status="Completed" restricted="false" source_system_identifier="2504040">1</clin_shared:cancer_first_degree_relative>
        <lihc:history_hepato_carcinoma_risk_factors>
            <chol_lihc_shared:hist_hepato_carc_fact preferred_name="history_hepato_carcinoma_risk_factors" display_order="29" cde="3171846" cde_ver="1.000" xsd_ver="2.4" tier="1" owner="TSS" procurement_status="Completed" restricted="false" source_system_identifier="2504041">Other</chol_lihc_shared:hist_hepato_carc_fact>
            <chol_lihc_shared:hist_hepato_carcinoma_risk preferred_name="other_hepato_carcinoma_risk_factors" display_order="30" cde="3171859" cde_ver="1.000" xsd_ver="2.4" tier="1" owner="TSS" procurement_status="Completed" restricted="false" source_system_identifier="2504042">tobacco, birth control bills</chol_lihc_shared:hist_hepato_carcinoma_risk>
        </lihc:history_hepato_carcinoma_risk_factors>
        <clin_shared:radiation_therapy preferred_name="radiation_treatment_adjuvant" display_order="32" cde="2005312" cde_ver="4.000" xsd_ver="1.9" tier="1" owner="TSS" procurement_status="Completed" restricted="false" source_system_identifier="2504043">NO</clin_shared:radiation_therapy>
        <clin_shared:postoperative_rx_tx preferred_name="pharmaceutical_tx_adjuvant" display_order="33" cde="3397567" cde_ver="1.000" xsd_ver="2.5" tier="1" owner="TSS" procurement_status="Completed" restricted="false" source_system_identifier="2504044">NO</clin_shared:postoperative_rx_tx>
        <clin_shared:post_op_ablation_embolization_tx preferred_name="ablation_embolization_tx_adjuvant" display_order="34" cde="3172120" cde_ver="1.000" xsd_ver="2.6" tier="2" owner="TSS" procurement_status="Completed" restricted="false" source_system_identifier="2504045">YES</clin_shared:post_op_ablation_embolization_tx>
        <clin_shared:tumor_tissue_site preferred_name="submitted_tumor_site" display_order="9999" cde="3427536" cde_ver="2.000" xsd_ver="2.6" tier="2" owner="TSS" procurement_status="Completed" restricted="false" source_system_identifier="2504046">Liver</clin_shared:tumor_tissue_site>
        <shared:histological_type preferred_name="histologic_diagnosis" display_order="36" cde="3081934" cde_ver="3.000" xsd_ver="2.5" tier="1" owner="TSS" procurement_status="Completed" restricted="false" source_system_identifier="2504047">Hepatocellular Carcinoma</shared:histological_type>
        <chol_lihc_shared:specimen_collection_method_name preferred_name="definitive_surgical_procedure" display_order="37" cde="3131309" cde_ver="1.000" xsd_ver="2.4" tier="2" owner="TSS" procurement_status="Completed" restricted="false" source_system_identifier="2504048">Segmentectomy, Multiple</chol_lihc_shared:specimen_collection_method_name>
        <clin_shared:history_prior_surgery_type_other preferred_name="surgical_procedure_other" display_order="38" cde="3121814" cde_ver="1.000" xsd_ver="2.6" tier="2" owner="TSS" procurement_status="Not Applicable" restricted="false" source_system_identifier="2504049" xsi:nil="true"/>
        <shared:neoplasm_histologic_grade preferred_name="tumor_grade" display_order="43" cde="2785839" cde_ver="2.000" xsd_ver="2.5" tier="1" owner="TSS" procurement_status="Completed" restricted="false" source_system_identifier="2504054">G2</shared:neoplasm_histologic_grade>
        <clin_shared:residual_tumor preferred_name="residual_tumor" display_order="44" cde="2608702" cde_ver="2.000" xsd_ver="2.5" tier="2" owner="TSS" procurement_status="Completed" restricted="false" source_system_identifier="2504055">R0</clin_shared:residual_tumor>
        <shared_stage:stage_event system="AJCC">
            <shared_stage:system_version preferred_name="ajcc_staging_edition" display_order="45" cde="2722309" cde_ver="1.000" xsd_ver="2.6" tier="1" owner="TSS" procurement_status="Completed" restricted="false" source_system_identifier="2504056">6th</shared_stage:system_version>
            <shared_stage:clinical_stage preferred_name="ajcc_clinical_tumor_stage" display_order="9999" cde="3440332" cde_ver="1.000" xsd_ver="2.6" tier="2" owner="TSS" procurement_status="Not Applicable" restricted="false"/>
            <shared_stage:pathologic_stage preferred_name="ajcc_pathologic_tumor_stage" display_order="49" cde="3203222" cde_ver="1.000" xsd_ver="2.6" tier="1" owner="TSS" procurement_status="Completed" restricted="false" source_system_identifier="2504060">Stage IVB</shared_stage:pathologic_stage>
            <shared_stage:tnm_categories>
                <shared_stage:clinical_categories>
                    <shared_stage:clinical_T preferred_name="ajcc_tumor_clinical_ct" display_order="9999" cde="3440328" cde_ver="1.000" xsd_ver="2.6" tier="2" owner="TSS" procurement_status="Not Applicable" restricted="false"/>
                    <shared_stage:clinical_N preferred_name="ajcc_nodes_clinical_cn" display_order="9999" cde="3440330" cde_ver="1.000" xsd_ver="2.6" tier="2" owner="TSS" procurement_status="Not Applicable" restricted="false"/>
                    <shared_stage:clinical_M preferred_name="ajcc_metastasis_clinical_cm" display_order="9999" cde="3440331" cde_ver="1.000" xsd_ver="2.6" tier="2" owner="TSS" procurement_status="Not Applicable" restricted="false"/>
                </shared_stage:clinical_categories>
                <shared_stage:pathologic_categories>
                    <shared_stage:pathologic_T preferred_name="ajcc_tumor_pathologic_pt" display_order="46" cde="3045435" cde_ver="1.000" xsd_ver="2.6" tier="1" owner="TSS" procurement_status="Completed" restricted="false" source_system_identifier="2504057">T4</shared_stage:pathologic_T>
                    <shared_stage:pathologic_N preferred_name="ajcc_nodes_pathologic_pn" display_order="47" cde="3203106" cde_ver="1.000" xsd_ver="2.6" tier="1" owner="TSS" procurement_status="Completed" restricted="false" source_system_identifier="2504058">N0</shared_stage:pathologic_N>
                    <shared_stage:pathologic_M preferred_name="ajcc_metastasis_pathologic_pm" display_order="48" cde="3045439" cde_ver="1.000" xsd_ver="2.6" tier="1" owner="TSS" procurement_status="Completed" restricted="false" source_system_identifier="2504059">M1</shared_stage:pathologic_M>
                </shared_stage:pathologic_categories>
            </shared_stage:tnm_categories>
            <shared_stage:psa>
                <shared_stage:psa_value preferred_name="psa_most_recent_results" display_order="9999" cde="3351903" cde_ver="1.000" xsd_ver="2.6" tier="2" owner="TSS" procurement_status="Not Applicable" restricted="false"/>
                <shared_stage:days_to_psa precision="day" xsd_ver="2.6" tier="2" cde="3414608" owner="TSS" procurement_status="Not Applicable" preferred_name="days_to_psa_most_recent" display_order="9999" cde_ver="1.000"/>
            </shared_stage:psa>
            <shared_stage:gleason_grading>
                <shared_stage:gleason_score preferred_name="gleason_score" display_order="9999" cde="2534619" cde_ver="1.000" xsd_ver="2.6" tier="2" owner="TSS" procurement_status="Not Applicable" restricted="false"/>
                <shared_stage:primary_pattern preferred_name="gleason_pattern_primary" display_order="9999" cde="2534617" cde_ver="1.000" xsd_ver="2.6" tier="2" owner="TSS" procurement_status="Not Applicable" restricted="false"/>
                <shared_stage:secondary_pattern preferred_name="gleason_pattern_secondary" display_order="9999" cde="2534618" cde_ver="1.000" xsd_ver="2.6" tier="2" owner="TSS" procurement_status="Not Applicable" restricted="false"/>
                <shared_stage:tertiary_pattern preferred_name="gleason_pattern_tertiary" display_order="9999" cde="2783875" cde_ver="1.000" xsd_ver="2.6" tier="2" owner="TSS" procurement_status="Not Applicable" restricted="false"/>
            </shared_stage:gleason_grading>
            <shared_stage:ann_arbor>
                <shared_stage:b_symptoms preferred_name="b_symptoms_present_indicator" display_order="9999" cde="2902402" cde_ver="1.000" xsd_ver="2.6" tier="2" owner="TSS" procurement_status="Not Applicable" restricted="false"/>
                <shared_stage:extranodal_involvement preferred_name="extranodal_lymphomatous_involvement" display_order="9999" cde="3364582" cde_ver="1.000" xsd_ver="2.6" tier="2" owner="TSS" procurement_status="Not Applicable" restricted="false"/>
            </shared_stage:ann_arbor>
            <shared_stage:serum_markers preferred_name="" display_order="9999" cde="3901772" cde_ver="1.000" xsd_ver="2.6" tier="2" owner="TSS" procurement_status="Not Applicable" restricted="false"/>
            <shared_stage:igcccg_stage preferred_name="" display_order="9999" cde="3901822" cde_ver="1.000" xsd_ver="2.6" tier="2" owner="TSS" procurement_status="Not Applicable" restricted="false"/>
            <shared_stage:masaoka_stage preferred_name="" display_order="9999" cde="3952848" cde_ver="" xsd_ver="2.6" tier="2" owner="TSS" procurement_status="Not Applicable" restricted="false"/>
        </shared_stage:stage_event>
        <chol_lihc_shared:vascular_tumor_cell_type preferred_name="vascular_invasion" display_order="50" cde="3168001" cde_ver="1.000" xsd_ver="2.4" tier="2" owner="TSS" procurement_status="Completed" restricted="false" source_system_identifier="2504061">None</chol_lihc_shared:vascular_tumor_cell_type>
        <chol_lihc_shared:child_pugh_classification_grade preferred_name="child_pugh_classification" display_order="51" cde="2931791" cde_ver="1.000" xsd_ver="2.4" tier="2" owner="TSS" procurement_status="Completed" restricted="false" source_system_identifier="2504062">A</chol_lihc_shared:child_pugh_classification_grade>
        <chol_lihc_shared:fetoprotein_outcome_value preferred_name="alpha_fetoprotien_at_procurement" display_order="52" cde="2932074" cde_ver="2.000" xsd_ver="2.4" tier="2" owner="TSS" procurement_status="Completed" restricted="false" source_system_identifier="2504063">19</chol_lihc_shared:fetoprotein_outcome_value>
        <chol_lihc_shared:fetoprotein_outcome_lower_limit preferred_name="alpha_fetoprotien_norm_range_lower" display_order="53" cde="3171861" cde_ver="1.000" xsd_ver="2.4" tier="2" owner="TSS" procurement_status="Completed" restricted="false" source_system_identifier="2504064">0</chol_lihc_shared:fetoprotein_outcome_lower_limit>
        <chol_lihc_shared:fetoprotein_outcome_upper_limit preferred_name="alpha_fetoprotien_norm_range_upper" display_order="54" cde="2932064" cde_ver="1.000" xsd_ver="2.4" tier="2" owner="TSS" procurement_status="Completed" restricted="false" source_system_identifier="2504065">6</chol_lihc_shared:fetoprotein_outcome_upper_limit>
        <clin_shared:platelet_result_count preferred_name="platelet_count_preresection" display_order="55" cde="58304" cde_ver="4.000" xsd_ver="2.4" tier="2" owner="TSS" procurement_status="Completed" restricted="false" source_system_identifier="2504066">387</clin_shared:platelet_result_count>
        <chol_lihc_shared:platelet_result_lower_limit preferred_name="platelet_norm_range_lower" display_order="56" cde="2003885" cde_ver="4.000" xsd_ver="2.4" tier="2" owner="TSS" procurement_status="Completed" restricted="false" source_system_identifier="2504067">150</chol_lihc_shared:platelet_result_lower_limit>
        <chol_lihc_shared:platelet_result_upper_limit preferred_name="platelet_norm_range_upper" display_order="57" cde="2596499" cde_ver="1.000" xsd_ver="2.4" tier="2" owner="TSS" procurement_status="Completed" restricted="false" source_system_identifier="2504068">450</chol_lihc_shared:platelet_result_upper_limit>
        <chol_lihc_shared:prothrombin_time_result_value preferred_name="prothrombin_time_INR_at_procurement" display_order="58" cde="2459694" cde_ver="1.000" xsd_ver="2.4" tier="2" owner="TSS" procurement_status="Completed" restricted="false" source_system_identifier="2504069">10.3</chol_lihc_shared:prothrombin_time_result_value>
        <chol_lihc_shared:inter_norm_ratio_lower_limit preferred_name="prothrom_time_INR_norm_range_lower" display_order="59" cde="2799755" cde_ver="1.000" xsd_ver="2.4" tier="2" owner="TSS" procurement_status="Completed" restricted="false" source_system_identifier="2504070">8.3</chol_lihc_shared:inter_norm_ratio_lower_limit>
        <chol_lihc_shared:intern_norm_ratio_upper_limit preferred_name="prothrombin_time_norm_range_upper" display_order="60" cde="3171875" cde_ver="1.000" xsd_ver="2.4" tier="2" owner="TSS" procurement_status="Completed" restricted="false" source_system_identifier="2504071">10.8</chol_lihc_shared:intern_norm_ratio_upper_limit>
        <chol_lihc_shared:albumin_result_specified_value preferred_name="serum_albumin_preresection" display_order="61" cde="58274" cde_ver="4.000" xsd_ver="2.4" tier="2" owner="TSS" procurement_status="Completed" restricted="false" source_system_identifier="2504072">4.3</chol_lihc_shared:albumin_result_specified_value>
        <chol_lihc_shared:albumin_result_lower_limit preferred_name="serum_albumin_norm_range_lower" display_order="62" cde="2004085" cde_ver="3.000" xsd_ver="2.4" tier="2" owner="TSS" procurement_status="Completed" restricted="false" source_system_identifier="2504073">3.5</chol_lihc_shared:albumin_result_lower_limit>
        <chol_lihc_shared:albumin_result_upper_limit preferred_name="serum_albumin_norm_range_upper" display_order="63" cde="2004086" cde_ver="3.000" xsd_ver="2.4" tier="2" owner="TSS" procurement_status="Completed" restricted="false" source_system_identifier="2504074">5.0</chol_lihc_shared:albumin_result_upper_limit>
        <chol_lihc_shared:bilirubin_upper_limit preferred_name="bilirubin_total" display_order="66" cde="2003891" cde_ver="4.000" xsd_ver="2.4" tier="2" owner="TSS" procurement_status="Completed" restricted="false" source_system_identifier="2504075">0.5</chol_lihc_shared:bilirubin_upper_limit>
        <chol_lihc_shared:bilirubin_lower_limit preferred_name="bilirubin_total_norm_range_lower" display_order="65" cde="2718241" cde_ver="1.100" xsd_ver="2.4" tier="2" owner="TSS" procurement_status="Completed" restricted="false" source_system_identifier="2504076">0.1</chol_lihc_shared:bilirubin_lower_limit>
        <chol_lihc_shared:total_bilirubin_upper_limit preferred_name="bilirubin_total_norm_range_upper" display_order="64" cde="2004060" cde_ver="3.100" xsd_ver="2.4" tier="2" owner="TSS" procurement_status="Completed" restricted="false" source_system_identifier="2504077">1.0</chol_lihc_shared:total_bilirubin_upper_limit>
        <chol_lihc_shared:creatinine_value_in_mg_dl preferred_name="creatinine_level_preresection" display_order="67" cde="2655822" cde_ver="1.000" xsd_ver="2.4" tier="2" owner="TSS" procurement_status="Completed" restricted="false" source_system_identifier="2504078">0.7</chol_lihc_shared:creatinine_value_in_mg_dl>
        <chol_lihc_shared:creatinine_lower_level preferred_name="creatinine_norm_range_lower" display_order="68" cde="2634934" cde_ver="1.000" xsd_ver="2.4" tier="2" owner="TSS" procurement_status="Completed" restricted="false" source_system_identifier="2504079">0.6</chol_lihc_shared:creatinine_lower_level>
        <chol_lihc_shared:creatinine_upper_limit preferred_name="creatinine_norm_range_upper" display_order="69" cde="2183392" cde_ver="1.000" xsd_ver="2.4" tier="2" owner="TSS" procurement_status="Completed" restricted="false" source_system_identifier="2504080">1.1</chol_lihc_shared:creatinine_upper_limit>
        <chol_lihc_shared:fibrosis_ishak_score preferred_name="ishak_fibrosis_score" display_order="70" cde="3182621" cde_ver="1.000" xsd_ver="2.4" tier="2" owner="TSS" procurement_status="Completed" restricted="false" source_system_identifier="2504081">0 - No Fibrosis</chol_lihc_shared:fibrosis_ishak_score>
        <lihc:adjacent_hepatic_tissue_inflammation_extent_type preferred_name="hepatic_inflammation_adj_tissue" display_order="71" cde="3173974" cde_ver="1.000" xsd_ver="2.4" tier="2" owner="TSS" procurement_status="Completed" restricted="false" source_system_identifier="2504082">Mild</lihc:adjacent_hepatic_tissue_inflammation_extent_type>
        <clin_shared:eastern_cancer_oncology_group preferred_name="ecog_score" display_order="72" cde="88" cde_ver="5.100" xsd_ver="1.9" tier="2" owner="TSS" procurement_status="Completed" restricted="false" source_system_identifier="2504083">0</clin_shared:eastern_cancer_oncology_group>
        <clin_shared:viral_hepatitis_serologies>
            <clin_shared:viral_hepatitis_serology preferred_name="" display_order="31" cde="4395982" cde_ver="" xsd_ver="2.6" tier="2" owner="TSS" procurement_status="Completed" restricted="false" source_system_identifier="3872602">Hepatitis B Surface Antigen</clin_shared:viral_hepatitis_serology>
            <clin_shared:viral_hepatitis_serology preferred_name="" display_order="31" cde="4395982" cde_ver="" xsd_ver="2.6" tier="2" owner="TSS" procurement_status="Completed" restricted="false" source_system_identifier="3872602">HBV Surface Antibody</clin_shared:viral_hepatitis_serology>
            <clin_shared:viral_hepatitis_serology preferred_name="" display_order="31" cde="4395982" cde_ver="" xsd_ver="2.6" tier="2" owner="TSS" procurement_status="Completed" restricted="false" source_system_identifier="3872602">HBV Core Antibody</clin_shared:viral_hepatitis_serology>
        </clin_shared:viral_hepatitis_serologies>
        <clin_shared:days_to_initial_pathologic_diagnosis precision="day" xsd_ver="1.12" tier="2" cde="3131740" owner="TSS" procurement_status="Completed" preferred_name="initial_pathologic_dx_days_to" display_order="9999" cde_ver="1.000">0</clin_shared:days_to_initial_pathologic_diagnosis>
        <clin_shared:age_at_initial_pathologic_diagnosis precision="day" xsd_ver="1.12" tier="2" cde="2006657" owner="TSS" procurement_status="Completed">64</clin_shared:age_at_initial_pathologic_diagnosis>
        <clin_shared:year_of_initial_pathologic_diagnosis preferred_name="initial_pathologic_dx_year" display_order="9999" cde="2896960" cde_ver="1.000" xsd_ver="1.12" tier="2" owner="TSS" procurement_status="Completed" restricted="false" source_system_identifier="2504052">2008</clin_shared:year_of_initial_pathologic_diagnosis>
        <lihc_nte:new_tumor_events>
            <nte:new_tumor_event_after_initial_treatment preferred_name="new_tumor_event_dx_indicator" display_order="73" cde="3121376" cde_ver="1.000" xsd_ver="2.5" tier="1" owner="TSS" procurement_status="Completed" restricted="false" source_system_identifier="2504084">YES</nte:new_tumor_event_after_initial_treatment>
            <lihc_nte:new_tumor_event>
                <nte:days_to_new_tumor_event_after_initial_treatment precision="day" xsd_ver="2.2" tier="1" cde="3392464" owner="TSS" procurement_status="Completed" preferred_name="new_tumor_event_dx_days_to" display_order="80" cde_ver="1.000">167</nte:days_to_new_tumor_event_after_initial_treatment>
                <nte:new_neoplasm_event_type preferred_name="new_tumor_event_type" display_order="74" cde="3119721" cde_ver="1.000" xsd_ver="2.5" tier="2" owner="TSS" procurement_status="Completed" restricted="false" source_system_identifier="2504085">Locoregional Recurrence</nte:new_neoplasm_event_type>
                <nte:new_neoplasm_event_occurrence_anatomic_site preferred_name="new_tumor_event_site" display_order="75" cde="3108271" cde_ver="2.000" xsd_ver="2.5" tier="2" owner="TSS" procurement_status="Completed" restricted="false" source_system_identifier="2504086">Liver</nte:new_neoplasm_event_occurrence_anatomic_site>
                <nte:new_neoplasm_occurrence_anatomic_site_text preferred_name="new_tumor_event_site_other" display_order="76" cde="3128033" cde_ver="1.000" xsd_ver="2.5" tier="2" owner="TSS" procurement_status="Not Applicable" restricted="false" source_system_identifier="2504087" xsi:nil="true"/>
                <lihc_nte:new_tumor_event_liver_transplant preferred_name="new_tumor_event_liver_transplant" display_order="81" cde="3168060" cde_ver="1.000" xsd_ver="2.5" tier="2" owner="TSS" procurement_status="Completed" restricted="false" source_system_identifier="2504092">No</lihc_nte:new_tumor_event_liver_transplant>
                <lihc_nte:days_to_new_tumor_event_transplant precision="day" xsd_ver="2.5" tier="2" cde="3008335" owner="TSS" procurement_status="Not Available" preferred_name="new_tumor_event_surgery_days_to" display_order="90" cde_ver="1.000"/>
                <nte:new_tumor_event_additional_surgery_procedure preferred_name="new_tumor_event_surgery" display_order="31" cde="3427611" cde_ver="1.000" xsd_ver="2.5" tier="2" owner="TSS" procurement_status="Completed" restricted="false" source_system_identifier="2504097">NO</nte:new_tumor_event_additional_surgery_procedure>
                <nte:days_to_new_tumor_event_additional_surgery_procedure precision="day" xsd_ver="2.5" tier="2" cde="3008335" owner="TSS" procurement_status="Not Available" preferred_name="new_tumor_event_surgery_days_to" display_order="90" cde_ver="1.000"/>
                <nte:residual_disease_post_new_tumor_event_margin_status preferred_name="new_tumor_event_residual_tumor" display_order="9999" cde="3008753" cde_ver="2.000" xsd_ver="2.3" tier="2" owner="TSS" procurement_status="Not Available" restricted="false" source_system_identifier="2504102"/>
                <nte:additional_radiation_therapy preferred_name="new_tumor_event_radiation_tx" display_order="37" cde="3427615" cde_ver="1.000" xsd_ver="2.5" tier="2" owner="TSS" procurement_status="Completed" restricted="false" source_system_identifier="2504103">NO</nte:additional_radiation_therapy>
                <nte:additional_pharmaceutical_therapy preferred_name="new_tumor_event_pharmaceutical_tx" display_order="38" cde="3427616" cde_ver="1.000" xsd_ver="2.5" tier="2" owner="TSS" procurement_status="Completed" restricted="false" source_system_identifier="2504104">YES</nte:additional_pharmaceutical_therapy>
                <lihc_nte:new_tumor_event_ablation_embo_tx preferred_name="new_tumor_event_ablation_embo_tx" display_order="94" cde="3173961" cde_ver="1.000" xsd_ver="2.5" tier="2" owner="TSS" procurement_status="Completed" restricted="false" source_system_identifier="2504105">Yes</lihc_nte:new_tumor_event_ablation_embo_tx>
            </lihc_nte:new_tumor_event>
            <lihc_nte:new_tumor_event>
                <nte:days_to_new_tumor_event_after_initial_treatment precision="day" xsd_ver="2.2" tier="1" cde="3392464" owner="TSS" procurement_status="Completed" preferred_name="new_tumor_event_dx_days_to" display_order="80" cde_ver="1.000">167</nte:days_to_new_tumor_event_after_initial_treatment>
                <nte:new_neoplasm_event_type preferred_name="new_tumor_event_type" display_order="74" cde="3119721" cde_ver="1.000" xsd_ver="2.5" tier="2" owner="TSS" procurement_status="Completed" restricted="false" source_system_identifier="2504106">Extrahepatic Recurrence</nte:new_neoplasm_event_type>
                <nte:new_neoplasm_event_occurrence_anatomic_site preferred_name="new_tumor_event_site" display_order="75" cde="3108271" cde_ver="2.000" xsd_ver="2.5" tier="2" owner="TSS" procurement_status="Completed" restricted="false" source_system_identifier="2504107">Lung</nte:new_neoplasm_event_occurrence_anatomic_site>
                <nte:new_neoplasm_occurrence_anatomic_site_text preferred_name="new_tumor_event_site_other" display_order="76" cde="3128033" cde_ver="1.000" xsd_ver="2.5" tier="2" owner="TSS" procurement_status="Not Applicable" restricted="false" source_system_identifier="2504108" xsi:nil="true"/>
                <lihc_nte:new_tumor_event_liver_transplant preferred_name="new_tumor_event_liver_transplant" display_order="81" cde="3168060" cde_ver="1.000" xsd_ver="2.5" tier="2" owner="TSS" procurement_status="Completed" restricted="false" source_system_identifier="2504113">No</lihc_nte:new_tumor_event_liver_transplant>
                <lihc_nte:days_to_new_tumor_event_transplant precision="day" xsd_ver="2.5" tier="2" cde="3008335" owner="TSS" procurement_status="Not Available" preferred_name="new_tumor_event_surgery_days_to" display_order="90" cde_ver="1.000"/>
                <nte:new_tumor_event_additional_surgery_procedure preferred_name="new_tumor_event_surgery" display_order="31" cde="3427611" cde_ver="1.000" xsd_ver="2.5" tier="2" owner="TSS" procurement_status="Completed" restricted="false" source_system_identifier="2504118">NO</nte:new_tumor_event_additional_surgery_procedure>
                <nte:days_to_new_tumor_event_additional_surgery_procedure precision="day" xsd_ver="2.5" tier="2" cde="3008335" owner="TSS" procurement_status="Not Available" preferred_name="new_tumor_event_surgery_days_to" display_order="90" cde_ver="1.000"/>
                <nte:residual_disease_post_new_tumor_event_margin_status preferred_name="new_tumor_event_residual_tumor" display_order="9999" cde="3008753" cde_ver="2.000" xsd_ver="2.3" tier="2" owner="TSS" procurement_status="Not Available" restricted="false" source_system_identifier="2504123"/>
                <nte:additional_radiation_therapy preferred_name="new_tumor_event_radiation_tx" display_order="37" cde="3427615" cde_ver="1.000" xsd_ver="2.5" tier="2" owner="TSS" procurement_status="Completed" restricted="false" source_system_identifier="2504124">NO</nte:additional_radiation_therapy>
                <nte:additional_pharmaceutical_therapy preferred_name="new_tumor_event_pharmaceutical_tx" display_order="38" cde="3427616" cde_ver="1.000" xsd_ver="2.5" tier="2" owner="TSS" procurement_status="Completed" restricted="false" source_system_identifier="2504125">YES</nte:additional_pharmaceutical_therapy>
                <lihc_nte:new_tumor_event_ablation_embo_tx preferred_name="new_tumor_event_ablation_embo_tx" display_order="94" cde="3173961" cde_ver="1.000" xsd_ver="2.5" tier="2" owner="TSS" procurement_status="Completed" restricted="false" source_system_identifier="2504126">Yes</lihc_nte:new_tumor_event_ablation_embo_tx>
            </lihc_nte:new_tumor_event>
        </lihc_nte:new_tumor_events>
        <lihc:follow_ups>
            <follow_up_v4.0:follow_up version="4.0" sequence="1">
                <clin_shared:bcr_followup_barcode preferred_name="" display_order="9999" cde="" cde_ver="" xsd_ver="2.5" owner="TSS" procurement_status="Completed" restricted="false">TCGA-DD-A1EK-F42001</clin_shared:bcr_followup_barcode>
                <clin_shared:bcr_followup_uuid preferred_name="" display_order="9999" cde="" cde_ver="" xsd_ver="2.5" owner="TSS" procurement_status="Completed" restricted="false">2AA7B806-A0E6-4200-BA48-E19624E72226</clin_shared:bcr_followup_uuid>
                <clin_shared:followup_case_report_form_submission_reason preferred_name="followup_reason" display_order="999" cde="3233305" cde_ver="1.000" xsd_ver="2.5" tier="2" owner="TSS" procurement_status="Not Available" restricted="false"/>
                <clin_shared:lost_follow_up preferred_name="followup_lost_to" display_order="4" cde="61333" cde_ver="3.000" xsd_ver="2.5" tier="1" owner="TSS" procurement_status="Completed" restricted="false" source_system_identifier="2504130">NO</clin_shared:lost_follow_up>
                <clin_shared:radiation_therapy preferred_name="radiation_treatment_adjuvant" display_order="32" cde="2005312" cde_ver="4.000" xsd_ver="1.9" tier="1" owner="TSS" procurement_status="Completed" restricted="false" source_system_identifier="2504131">NO</clin_shared:radiation_therapy>
                <clin_shared:postoperative_rx_tx preferred_name="pharmaceutical_tx_adjuvant" display_order="33" cde="3397567" cde_ver="1.000" xsd_ver="2.5" tier="1" owner="TSS" procurement_status="Completed" restricted="false" source_system_identifier="2504132">NO</clin_shared:postoperative_rx_tx>
                <clin_shared:post_op_ablation_embolization_tx preferred_name="ablation_embolization_tx_adjuvant" display_order="34" cde="3172120" cde_ver="1.000" xsd_ver="2.6" tier="2" owner="TSS" procurement_status="Completed" restricted="false" source_system_identifier="2504133">YES</clin_shared:post_op_ablation_embolization_tx>
                <clin_shared:person_neoplasm_cancer_status preferred_name="tumor_status" display_order="17" cde="2759550" cde_ver="1.000" xsd_ver="1.9" tier="2" owner="TSS" procurement_status="Completed" restricted="false" source_system_identifier="2504134">WITH TUMOR</clin_shared:person_neoplasm_cancer_status>
                <clin_shared:vital_status preferred_name="vital_status" display_order="18" cde="5" cde_ver="5.000" xsd_ver="2.6" tier="2" owner="TSS" procurement_status="Completed" restricted="false" source_system_identifier="2504135">Dead</clin_shared:vital_status>
                <clin_shared:days_to_last_followup precision="day" xsd_ver="1.12" tier="1" cde="3008273" owner="TSS" procurement_status="Not Available" preferred_name="last_contact_days_to" display_order="999" cde_ver="1.000"/>
                <clin_shared:days_to_death precision="day" xsd_ver="1.12" tier="1" cde="3165475" owner="TSS" procurement_status="Completed" preferred_name="death_days_to" display_order="999" cde_ver="1.000">558</clin_shared:days_to_death>
                <lihc_nte:new_tumor_events>
                    <nte:new_tumor_event_after_initial_treatment preferred_name="new_tumor_event_dx_indicator" display_order="73" cde="3121376" cde_ver="1.000" xsd_ver="2.5" tier="1" owner="TSS" procurement_status="Completed" restricted="false" source_system_identifier="2504144">YES</nte:new_tumor_event_after_initial_treatment>
                    <lihc_nte:new_tumor_event>
                        <nte:days_to_new_tumor_event_after_initial_treatment precision="day" xsd_ver="2.2" tier="1" cde="3392464" owner="TSS" procurement_status="Completed" preferred_name="new_tumor_event_dx_days_to" display_order="80" cde_ver="1.000">167</nte:days_to_new_tumor_event_after_initial_treatment>
                        <nte:new_neoplasm_event_type preferred_name="new_tumor_event_type" display_order="74" cde="3119721" cde_ver="1.000" xsd_ver="2.5" tier="2" owner="TSS" procurement_status="Completed" restricted="false" source_system_identifier="2504145">Locoregional Recurrence</nte:new_neoplasm_event_type>
                        <nte:new_neoplasm_event_occurrence_anatomic_site preferred_name="new_tumor_event_site" display_order="75" cde="3108271" cde_ver="2.000" xsd_ver="2.5" tier="2" owner="TSS" procurement_status="Completed" restricted="false" source_system_identifier="2504146">Liver</nte:new_neoplasm_event_occurrence_anatomic_site>
                        <nte:new_neoplasm_occurrence_anatomic_site_text preferred_name="new_tumor_event_site_other" display_order="76" cde="3128033" cde_ver="1.000" xsd_ver="2.5" tier="2" owner="TSS" procurement_status="Not Applicable" restricted="false" source_system_identifier="2504147" xsi:nil="true"/>
                        <lihc_nte:new_tumor_event_liver_transplant preferred_name="new_tumor_event_liver_transplant" display_order="81" cde="3168060" cde_ver="1.000" xsd_ver="2.5" tier="2" owner="TSS" procurement_status="Completed" restricted="false" source_system_identifier="2504152">No</lihc_nte:new_tumor_event_liver_transplant>
                        <lihc_nte:days_to_new_tumor_event_transplant precision="day" xsd_ver="2.5" tier="2" cde="3008335" owner="TSS" procurement_status="Not Available" preferred_name="new_tumor_event_surgery_days_to" display_order="90" cde_ver="1.000"/>
                        <nte:new_tumor_event_additional_surgery_procedure preferred_name="new_tumor_event_surgery" display_order="31" cde="3427611" cde_ver="1.000" xsd_ver="2.5" tier="2" owner="TSS" procurement_status="Completed" restricted="false" source_system_identifier="2504157">NO</nte:new_tumor_event_additional_surgery_procedure>
                        <nte:days_to_new_tumor_event_additional_surgery_procedure precision="day" xsd_ver="2.5" tier="2" cde="3008335" owner="TSS" procurement_status="Not Available" preferred_name="new_tumor_event_surgery_days_to" display_order="90" cde_ver="1.000"/>
                        <nte:residual_disease_post_new_tumor_event_margin_status preferred_name="new_tumor_event_residual_tumor" display_order="9999" cde="3008753" cde_ver="2.000" xsd_ver="2.3" tier="2" owner="TSS" procurement_status="Not Available" restricted="false" source_system_identifier="2504162"/>
                        <nte:additional_radiation_therapy preferred_name="new_tumor_event_radiation_tx" display_order="37" cde="3427615" cde_ver="1.000" xsd_ver="2.5" tier="2" owner="TSS" procurement_status="Completed" restricted="false" source_system_identifier="2504163">NO</nte:additional_radiation_therapy>
                        <nte:additional_pharmaceutical_therapy preferred_name="new_tumor_event_pharmaceutical_tx" display_order="38" cde="3427616" cde_ver="1.000" xsd_ver="2.5" tier="2" owner="TSS" procurement_status="Completed" restricted="false" source_system_identifier="2504164">YES</nte:additional_pharmaceutical_therapy>
                        <lihc_nte:new_tumor_event_ablation_embo_tx preferred_name="new_tumor_event_ablation_embo_tx" display_order="94" cde="3173961" cde_ver="1.000" xsd_ver="2.5" tier="2" owner="TSS" procurement_status="Completed" restricted="false" source_system_identifier="2504165">Yes</lihc_nte:new_tumor_event_ablation_embo_tx>
                    </lihc_nte:new_tumor_event>
                    <lihc_nte:new_tumor_event>
                        <nte:days_to_new_tumor_event_after_initial_treatment precision="day" xsd_ver="2.2" tier="1" cde="3392464" owner="TSS" procurement_status="Completed" preferred_name="new_tumor_event_dx_days_to" display_order="80" cde_ver="1.000">167</nte:days_to_new_tumor_event_after_initial_treatment>
                        <nte:new_neoplasm_event_type preferred_name="new_tumor_event_type" display_order="74" cde="3119721" cde_ver="1.000" xsd_ver="2.5" tier="2" owner="TSS" procurement_status="Completed" restricted="false" source_system_identifier="2504166">Extrahepatic Recurrence</nte:new_neoplasm_event_type>
                        <nte:new_neoplasm_event_occurrence_anatomic_site preferred_name="new_tumor_event_site" display_order="75" cde="3108271" cde_ver="2.000" xsd_ver="2.5" tier="2" owner="TSS" procurement_status="Completed" restricted="false" source_system_identifier="2504167">Lung</nte:new_neoplasm_event_occurrence_anatomic_site>
                        <nte:new_neoplasm_occurrence_anatomic_site_text preferred_name="new_tumor_event_site_other" display_order="76" cde="3128033" cde_ver="1.000" xsd_ver="2.5" tier="2" owner="TSS" procurement_status="Not Applicable" restricted="false" source_system_identifier="2504168" xsi:nil="true"/>
                        <lihc_nte:new_tumor_event_liver_transplant preferred_name="new_tumor_event_liver_transplant" display_order="81" cde="3168060" cde_ver="1.000" xsd_ver="2.5" tier="2" owner="TSS" procurement_status="Completed" restricted="false" source_system_identifier="2504173">No</lihc_nte:new_tumor_event_liver_transplant>
                        <lihc_nte:days_to_new_tumor_event_transplant precision="day" xsd_ver="2.5" tier="2" cde="3008335" owner="TSS" procurement_status="Not Available" preferred_name="new_tumor_event_surgery_days_to" display_order="90" cde_ver="1.000"/>
                        <nte:new_tumor_event_additional_surgery_procedure preferred_name="new_tumor_event_surgery" display_order="31" cde="3427611" cde_ver="1.000" xsd_ver="2.5" tier="2" owner="TSS" procurement_status="Completed" restricted="false" source_system_identifier="2504178">NO</nte:new_tumor_event_additional_surgery_procedure>
                        <nte:days_to_new_tumor_event_additional_surgery_procedure precision="day" xsd_ver="2.5" tier="2" cde="3008335" owner="TSS" procurement_status="Not Available" preferred_name="new_tumor_event_surgery_days_to" display_order="90" cde_ver="1.000"/>
                        <nte:residual_disease_post_new_tumor_event_margin_status preferred_name="new_tumor_event_residual_tumor" display_order="9999" cde="3008753" cde_ver="2.000" xsd_ver="2.3" tier="2" owner="TSS" procurement_status="Not Available" restricted="false" source_system_identifier="2504183"/>
                        <nte:additional_radiation_therapy preferred_name="new_tumor_event_radiation_tx" display_order="37" cde="3427615" cde_ver="1.000" xsd_ver="2.5" tier="2" owner="TSS" procurement_status="Completed" restricted="false" source_system_identifier="2504184">NO</nte:additional_radiation_therapy>
                        <nte:additional_pharmaceutical_therapy preferred_name="new_tumor_event_pharmaceutical_tx" display_order="38" cde="3427616" cde_ver="1.000" xsd_ver="2.5" tier="2" owner="TSS" procurement_status="Completed" restricted="false" source_system_identifier="2504185">YES</nte:additional_pharmaceutical_therapy>
                        <lihc_nte:new_tumor_event_ablation_embo_tx preferred_name="new_tumor_event_ablation_embo_tx" display_order="94" cde="3173961" cde_ver="1.000" xsd_ver="2.5" tier="2" owner="TSS" procurement_status="Completed" restricted="false" source_system_identifier="2504186">Yes</lihc_nte:new_tumor_event_ablation_embo_tx>
                    </lihc_nte:new_tumor_event>
                </lihc_nte:new_tumor_events>
                <clin_shared:day_of_form_completion preferred_name="form_completion_day" display_order="4" cde="2975716" cde_ver="1.000" xsd_ver="2.2" tier="2" owner="TSS" procurement_status="Completed" restricted="false">9</clin_shared:day_of_form_completion>
                <clin_shared:month_of_form_completion preferred_name="form_completion_month" display_order="3" cde="2975718" cde_ver="1.000" xsd_ver="2.2" tier="2" owner="TSS" procurement_status="Completed" restricted="false">4</clin_shared:month_of_form_completion>
                <clin_shared:year_of_form_completion preferred_name="form_completion_year" display_order="5" cde="2975720" cde_ver="1.000" xsd_ver="2.2" tier="2" owner="TSS" procurement_status="Completed" restricted="false">2013</clin_shared:year_of_form_completion>
            </follow_up_v4.0:follow_up>
        </lihc:follow_ups>
        <rx:drugs>
            <rx:drug>
                <rx:tx_on_clinical_trial preferred_name="" display_order="9999" cde="3925111" cde_ver="" xsd_ver="2.5" tier="2" owner="TSS" procurement_status="Completed" restricted="false" source_system_identifier="2516051">NO</rx:tx_on_clinical_trial>
                <rx:regimen_number preferred_name="" display_order="9999" cde="2744948" cde_ver="" xsd_ver="2.1" tier="2" owner="TSS" procurement_status="Not Available" restricted="false"/>
                <rx:bcr_drug_barcode xsd_ver="1.15" owner="TSS" procurement_status="Completed" restricted="false">TCGA-DD-A1EK-D42207</rx:bcr_drug_barcode>
                <rx:bcr_drug_uuid preferred_name="" display_order="9999" cde="" cde_ver="" xsd_ver="2.3" owner="TSS" procurement_status="Completed" restricted="false">91BF0C5B-D368-4354-930D-07933F900F0F</rx:bcr_drug_uuid>
                <rx:total_dose preferred_name="total_dose" display_order="999" cde="1515" cde_ver="4.000" xsd_ver="2.1" tier="2" owner="TSS" procurement_status="Not Available" restricted="false"/>
                <rx:total_dose_units preferred_name="pharmaceutical_tx_total_dose_units" display_order="999" cde="3088785" cde_ver="1.000" xsd_ver="2.1" tier="2" owner="TSS" procurement_status="Not Available" restricted="false"/>
                <rx:prescribed_dose preferred_name="prescribed_dose" display_order="999" cde="2184728" cde_ver="1.000" xsd_ver="2.1" tier="2" owner="TSS" procurement_status="Not Available" restricted="false"/>
                <rx:prescribed_dose_units preferred_name="pharmaceutical_tx_dose_units" display_order="999" cde="3065815" cde_ver="1.000" xsd_ver="2.1" tier="2" owner="TSS" procurement_status="Not Available" restricted="false"/>
                <rx:number_cycles preferred_name="pharma_adjuvant_cycles_count" display_order="999" cde="62590" cde_ver="3.000" xsd_ver="1.8" tier="2" owner="TSS" procurement_status="Not Available" restricted="false"/>
                <rx:days_to_drug_therapy_start precision="day" xsd_ver="1.12" tier="2" cde="3392465" owner="TSS" procurement_status="Completed" preferred_name="pharmaceutical_tx_started_days_to" display_order="26" cde_ver="1.000">188</rx:days_to_drug_therapy_start>
                <rx:days_to_drug_therapy_end precision="day" xsd_ver="1.12" tier="2" cde="3392470" owner="TSS" procurement_status="Completed" preferred_name="pharmaceutical_tx_ended_days_to" display_order="16" cde_ver="1.000">349</rx:days_to_drug_therapy_end>
                <rx:therapy_types>
                    <rx:therapy_type preferred_name="pharmaceutical_therapy_type" display_order="7" cde="2793530" cde_ver="1.000" xsd_ver="2.1" tier="2" owner="TSS" procurement_status="Completed" restricted="false" source_system_identifier="2516054">Chemotherapy</rx:therapy_type>
                    <rx:therapy_type_notes preferred_name="pharma_type_other" display_order="999" cde="2001762" cde_ver="4.000" xsd_ver="2.1" tier="2" owner="TSS" procurement_status="Not Available" restricted="false"/>
                </rx:therapy_types>
                <rx:drug_name preferred_name="pharmaceutical_therapy_drug_name" display_order="80" cde="2975232" cde_ver="1.000" xsd_ver="1.10" tier="2" owner="TSS" procurement_status="Completed" restricted="false" source_system_identifier="2516052">Sorafenib</rx:drug_name>
                <rx:clinical_trail_drug_classification preferred_name="clinical_trial_drug_classification" display_order="6" cde="3378323" cde_ver="1.000" xsd_ver="2.5" tier="2" owner="TSS" procurement_status="Not Available" restricted="false" source_system_identifier="2516053"/>
                <clin_shared:regimen_indication preferred_name="therapy_regimen" display_order="999" cde="2793511" cde_ver="1.000" xsd_ver="1.12" tier="2" owner="TSS" procurement_status="Not Available" restricted="false"/>
                <clin_shared:regimen_indication_notes preferred_name="therapy_regimen_other" display_order="999" cde="2793516" cde_ver="1.000" xsd_ver="1.12" tier="2" owner="TSS" procurement_status="Not Applicable" restricted="false"/>
                <rx:route_of_administrations>
                    <rx:route_of_administration preferred_name="route_of_administration" display_order="999" cde="2003586" cde_ver="6.000" xsd_ver="2.3" tier="2" owner="TSS" procurement_status="Not Available" restricted="false"/>
                </rx:route_of_administrations>
                <rx:therapy_ongoing preferred_name="pharmaceutical_tx_ongoing_indicator" display_order="12" cde="3103479" cde_ver="1.000" xsd_ver="2.2" tier="2" owner="TSS" procurement_status="Completed" restricted="false" source_system_identifier="2516059">NO</rx:therapy_ongoing>
                <clin_shared:measure_of_response preferred_name="treatment_best_response" display_order="17" cde="2857291" cde_ver="1.000" xsd_ver="2.5" tier="2" owner="TSS" procurement_status="Completed" restricted="false" source_system_identifier="2516064">Clinical Progressive Disease</clin_shared:measure_of_response>
                <clin_shared:day_of_form_completion preferred_name="form_completion_day" display_order="4" cde="2975716" cde_ver="1.000" xsd_ver="2.2" tier="2" owner="TSS" procurement_status="Completed" restricted="false">15</clin_shared:day_of_form_completion>
                <clin_shared:month_of_form_completion preferred_name="form_completion_month" display_order="3" cde="2975718" cde_ver="1.000" xsd_ver="2.2" tier="2" owner="TSS" procurement_status="Completed" restricted="false">4</clin_shared:month_of_form_completion>
                <clin_shared:year_of_form_completion preferred_name="form_completion_year" display_order="5" cde="2975720" cde_ver="1.000" xsd_ver="2.2" tier="2" owner="TSS" procurement_status="Completed" restricted="false">2013</clin_shared:year_of_form_completion>
            </rx:drug>
        </rx:drugs>
        <rad:radiations/>
        <ablation:ablations>
            <ablation:ablation>
                <ablation:bcr_ablation_barcode xsd_ver="2.7" owner="TSS" procurement_status="Completed" restricted="false">TCGA-DD-A1EK-A42206</ablation:bcr_ablation_barcode>
                <ablation:bcr_ablation_uuid preferred_name="" display_order="9999" cde="" cde_ver="" xsd_ver="2.7" owner="TSS" procurement_status="Completed" restricted="false">61C165ED-E7E2-41EE-B4E9-C9368BA49FAC</ablation:bcr_ablation_uuid>
                <ablation:ablation_treatments>
                    <ablation:ablation_performed_indicator preferred_name="ablation_performed_indicator" display_order="6" cde="3225709" cde_ver="1.000" xsd_ver="2.7" tier="2" owner="TSS" procurement_status="Completed" restricted="false" source_system_identifier="2515971">YES</ablation:ablation_performed_indicator>
                    <ablation:ablation_treatment>
                        <ablation:ablation_type preferred_name="ablation_type" display_order="35" cde="3225702" cde_ver="1.000" xsd_ver="2.7" tier="2" owner="TSS" procurement_status="Completed" restricted="false" source_system_identifier="2515972">Radiofrequency Ablation</ablation:ablation_type>
                        <ablation:ablation_type_other preferred_name="ablation_type_other" display_order="36" cde="3225705" cde_ver="1.000" xsd_ver="2.7" tier="2" owner="TSS" procurement_status="Not Applicable" restricted="false" source_system_identifier="2515973"/>
                        <ablation:treatment_cycles_count preferred_name="treatment_cycles_count" display_order="37" cde="2199" cde_ver="4.000" xsd_ver="2.7" tier="2" owner="TSS" procurement_status="Completed" restricted="false" source_system_identifier="2515974">1</ablation:treatment_cycles_count>
                        <ablation:days_to_ablation_performed precision="day" xsd_ver="2.7" tier="2" cde="5043518" owner="TSS" procurement_status="Completed" preferred_name="" display_order="9999" cde_ver="">0</ablation:days_to_ablation_performed>
                        <ablation:lesions_count preferred_name="lesions_count" display_order="41" cde="3225710" cde_ver="1.000" xsd_ver="2.7" tier="2" owner="TSS" procurement_status="Completed" restricted="false" source_system_identifier="2515978">3</ablation:lesions_count>
                    </ablation:ablation_treatment>
                </ablation:ablation_treatments>
                <ablation:embolization_treatments>
                    <ablation:embolization_performed_indicator preferred_name="embolization_performed_indicator" display_order="42" cde="3225713" cde_ver="1.000" xsd_ver="2.7" tier="2" owner="TSS" procurement_status="Completed" restricted="false" source_system_identifier="2516007">YES</ablation:embolization_performed_indicator>
                    <ablation:embolization_treatment>
                        <ablation:embolization_type preferred_name="embolization_type" display_order="75" cde="3225722" cde_ver="1.000" xsd_ver="2.7" tier="2" owner="TSS" procurement_status="Completed" restricted="false" source_system_identifier="2516008">Chemoembolization</ablation:embolization_type>
                        <ablation:days_to_embolization_performed precision="day" xsd_ver="2.7" tier="2" cde="5043521" owner="TSS" procurement_status="Completed" preferred_name="" display_order="9999" cde_ver="">286</ablation:days_to_embolization_performed>
                        <ablation:embolization_therapy_drug_name preferred_name="embolization_therapy_drug_name" display_order="79" cde="3225736" cde_ver="1.000" xsd_ver="2.7" tier="2" owner="TSS" procurement_status="Not Available" restricted="false" source_system_identifier="2516012"/>
                        <ablation:embolization_therapy_drug_name_other preferred_name="pharmaceutical_therapy_drug_name" display_order="80" cde="2975232" cde_ver="1.000" xsd_ver="2.7" tier="2" owner="TSS" procurement_status="Not Applicable" restricted="false" source_system_identifier="2516013"/>
                        <ablation:embolizing_agent_utilized preferred_name="embolizing_agent_utilized" display_order="81" cde="3247288" cde_ver="1.000" xsd_ver="2.7" tier="2" owner="TSS" procurement_status="Not Available" restricted="false" source_system_identifier="2516014"/>
                        <ablation:embolizing_agent_utilized_other preferred_name="embolizing_agent_utilized_other" display_order="82" cde="3225739" cde_ver="1.000" xsd_ver="2.7" tier="2" owner="TSS" procurement_status="Not Applicable" restricted="false" source_system_identifier="2516015"/>
                    </ablation:embolization_treatment>
                </ablation:embolization_treatments>
                <clin_shared:day_of_form_completion preferred_name="form_completion_day" display_order="4" cde="2975716" cde_ver="1.000" xsd_ver="2.2" tier="2" owner="TSS" procurement_status="Completed" restricted="false" source_system_identifier="2515969">15</clin_shared:day_of_form_completion>
                <clin_shared:month_of_form_completion preferred_name="form_completion_month" display_order="3" cde="2975718" cde_ver="1.000" xsd_ver="2.2" tier="2" owner="TSS" procurement_status="Completed" restricted="false" source_system_identifier="2515968">4</clin_shared:month_of_form_completion>
                <clin_shared:year_of_form_completion preferred_name="form_completion_year" display_order="5" cde="2975720" cde_ver="1.000" xsd_ver="2.2" tier="2" owner="TSS" procurement_status="Completed" restricted="false" source_system_identifier="2515970">2013</clin_shared:year_of_form_completion>
            </ablation:ablation>
        </ablation:ablations>
    </lihc:patient>
</lihc:tcga_bcr>