num.gene,km.pvalue,core.gene
1 gene,0.0111728658684831,RP11-483E7.1
1 gene,0.2562450464084,NLRX1
1 gene,0.0626977811885699,DSG1
1 gene,0.516995423705324,RP11-203J24.8
1 gene,0.623543201061854,CTB-32O4.2
1 gene,0.984025001768244,NAV2
1 gene,0.994647708047901,GTSE1
1 gene,0.993292645027604,AC131097.4
1 gene,0.894188055317872,AK5
1 gene,0.428224935657197,FAM228B
2 genes,0.0482580605639255,RP11-483E7.1 | NLRX1
2 genes,0.0479883851917714,RP11-483E7.1 | DSG1
2 genes,0.230245659677537,RP11-483E7.1 | RP11-203J24.8
2 genes,0.034255515743878,RP11-483E7.1 | CTB-32O4.2
2 genes,0.554563689361004,RP11-483E7.1 | NAV2
2 genes,0.212484226245819,RP11-483E7.1 | GTSE1
2 genes,0.172434581481896,RP11-483E7.1 | AC131097.4
2 genes,0.53906220869738,RP11-483E7.1 | AK5
2 genes,0.209240084377479,RP11-483E7.1 | FAM228B
2 genes,0.319213952194788,NLRX1 | DSG1
2 genes,0.535004064452238,NLRX1 | RP11-203J24.8
2 genes,0.181276715241804,NLRX1 | CTB-32O4.2
2 genes,0.236947493397774,NLRX1 | NAV2
2 genes,0.134159399254496,NLRX1 | GTSE1
2 genes,0.0451284110820842,NLRX1 | AC131097.4
2 genes,0.119292384749653,NLRX1 | AK5
2 genes,0.10306306777241,NLRX1 | FAM228B
2 genes,0.989155236746553,DSG1 | RP11-203J24.8
2 genes,0.00454981467883364,DSG1 | CTB-32O4.2
2 genes,0.306538300228842,DSG1 | NAV2
2 genes,0.125157113614052,DSG1 | GTSE1
2 genes,0.0212156758764663,DSG1 | AC131097.4
2 genes,0.182615768936331,DSG1 | AK5
2 genes,0.0958774888779955,DSG1 | FAM228B
2 genes,0.244539732952426,RP11-203J24.8 | CTB-32O4.2
2 genes,0.330040656253728,RP11-203J24.8 | NAV2
2 genes,0.197863011702509,RP11-203J24.8 | GTSE1
2 genes,0.0928703700824878,RP11-203J24.8 | AC131097.4
2 genes,0.318997349862597,RP11-203J24.8 | AK5
2 genes,0.134983411572813,RP11-203J24.8 | FAM228B
2 genes,0.0454131858649105,CTB-32O4.2 | NAV2
2 genes,0.0929345342599812,CTB-32O4.2 | GTSE1
2 genes,0.137756104374305,CTB-32O4.2 | AC131097.4
2 genes,0.0267626203373468,CTB-32O4.2 | AK5
2 genes,0.303096370600978,CTB-32O4.2 | FAM228B
2 genes,0.0262844678513384,NAV2 | GTSE1
2 genes,0.40765796858299,NAV2 | AC131097.4
2 genes,0.491877644700812,NAV2 | AK5
2 genes,0.134292180938906,NAV2 | FAM228B
2 genes,0.197945021570764,GTSE1 | AC131097.4
2 genes,0.0418846108028138,GTSE1 | AK5
2 genes,0.749009953910417,GTSE1 | FAM228B
2 genes,0.875806462838729,AC131097.4 | AK5
2 genes,0.256954937118153,AC131097.4 | FAM228B
2 genes,0.0496947636859568,AK5 | FAM228B
3 genes,0.0262936137650523,RP11-483E7.1 | NLRX1 | DSG1
3 genes,0.0908257309915117,RP11-483E7.1 | NLRX1 | RP11-203J24.8
3 genes,0.0314654255028267,RP11-483E7.1 | NLRX1 | CTB-32O4.2
3 genes,0.244050209895872,RP11-483E7.1 | NLRX1 | NAV2
3 genes,0.125815137888374,RP11-483E7.1 | NLRX1 | GTSE1
3 genes,0.027363003119461,RP11-483E7.1 | NLRX1 | AC131097.4
3 genes,0.0301607085373294,RP11-483E7.1 | NLRX1 | AK5
3 genes,0.0286261484857462,RP11-483E7.1 | NLRX1 | FAM228B
3 genes,0.31931618678591,RP11-483E7.1 | DSG1 | RP11-203J24.8
3 genes,0.00486835779224015,RP11-483E7.1 | DSG1 | CTB-32O4.2
3 genes,0.13989297623223,RP11-483E7.1 | DSG1 | NAV2
3 genes,0.208919081179986,RP11-483E7.1 | DSG1 | GTSE1
3 genes,0.015609479472482,RP11-483E7.1 | DSG1 | AC131097.4
3 genes,0.202583396788795,RP11-483E7.1 | DSG1 | AK5
3 genes,0.0748642651777162,RP11-483E7.1 | DSG1 | FAM228B
3 genes,0.00708112865850052,RP11-483E7.1 | RP11-203J24.8 | CTB-32O4.2
3 genes,0.0607400256278864,RP11-483E7.1 | RP11-203J24.8 | NAV2
3 genes,0.00288551040398832,RP11-483E7.1 | RP11-203J24.8 | GTSE1
3 genes,0.022433133135526,RP11-483E7.1 | RP11-203J24.8 | AC131097.4
3 genes,0.18794671972702,RP11-483E7.1 | RP11-203J24.8 | AK5
3 genes,0.0245992485919433,RP11-483E7.1 | RP11-203J24.8 | FAM228B
3 genes,0.00117470624315574,RP11-483E7.1 | CTB-32O4.2 | NAV2
3 genes,0.00759162710810546,RP11-483E7.1 | CTB-32O4.2 | GTSE1
3 genes,0.00668446893847285,RP11-483E7.1 | CTB-32O4.2 | AC131097.4
3 genes,0.000138647971191452,RP11-483E7.1 | CTB-32O4.2 | AK5
3 genes,0.0755903436384888,RP11-483E7.1 | CTB-32O4.2 | FAM228B
3 genes,0.010012265483573,RP11-483E7.1 | NAV2 | GTSE1
3 genes,0.165912291317546,RP11-483E7.1 | NAV2 | AC131097.4
3 genes,0.44836828321791,RP11-483E7.1 | NAV2 | AK5
3 genes,0.0437793613731285,RP11-483E7.1 | NAV2 | FAM228B
3 genes,0.0469509331067981,RP11-483E7.1 | GTSE1 | AC131097.4
3 genes,0.00564595884149532,RP11-483E7.1 | GTSE1 | AK5
3 genes,0.0639183380655501,RP11-483E7.1 | GTSE1 | FAM228B
3 genes,0.492960976148391,RP11-483E7.1 | AC131097.4 | AK5
3 genes,0.0397818989320792,RP11-483E7.1 | AC131097.4 | FAM228B
3 genes,0.0614171293299089,RP11-483E7.1 | AK5 | FAM228B
3 genes,0.678114515061077,NLRX1 | DSG1 | RP11-203J24.8
3 genes,0.10942436037233,NLRX1 | DSG1 | CTB-32O4.2
3 genes,0.313054296663918,NLRX1 | DSG1 | NAV2
3 genes,0.0435443914644525,NLRX1 | DSG1 | GTSE1
3 genes,0.00399140607518589,NLRX1 | DSG1 | AC131097.4
3 genes,0.156938024590561,NLRX1 | DSG1 | AK5
3 genes,0.0950968265401658,NLRX1 | DSG1 | FAM228B
3 genes,0.133567310633837,NLRX1 | RP11-203J24.8 | CTB-32O4.2
3 genes,0.129692738832157,NLRX1 | RP11-203J24.8 | NAV2
3 genes,0.118499200800458,NLRX1 | RP11-203J24.8 | GTSE1
3 genes,0.013167025732322,NLRX1 | RP11-203J24.8 | AC131097.4
3 genes,0.115075855560786,NLRX1 | RP11-203J24.8 | AK5
3 genes,0.106389807955843,NLRX1 | RP11-203J24.8 | FAM228B
3 genes,0.00111880128283759,NLRX1 | CTB-32O4.2 | NAV2
3 genes,0.0327076687408575,NLRX1 | CTB-32O4.2 | GTSE1
3 genes,0.0189692348406234,NLRX1 | CTB-32O4.2 | AC131097.4
3 genes,0.00141942216520208,NLRX1 | CTB-32O4.2 | AK5
3 genes,0.242630067159379,NLRX1 | CTB-32O4.2 | FAM228B
3 genes,0.0125900047148813,NLRX1 | NAV2 | GTSE1
3 genes,0.0898105057231608,NLRX1 | NAV2 | AC131097.4
3 genes,0.105855469481042,NLRX1 | NAV2 | AK5
3 genes,0.014490673234181,NLRX1 | NAV2 | FAM228B
3 genes,0.0338415341098742,NLRX1 | GTSE1 | AC131097.4
3 genes,0.0644414575432475,NLRX1 | GTSE1 | AK5
3 genes,0.0119798856994796,NLRX1 | GTSE1 | FAM228B
3 genes,0.0856731866026375,NLRX1 | AC131097.4 | AK5
3 genes,0.0607066538887772,NLRX1 | AC131097.4 | FAM228B
3 genes,0.120439865592372,NLRX1 | AK5 | FAM228B
3 genes,0.189090238501108,DSG1 | RP11-203J24.8 | CTB-32O4.2
3 genes,0.206649168796753,DSG1 | RP11-203J24.8 | NAV2
3 genes,0.267093438575705,DSG1 | RP11-203J24.8 | GTSE1
3 genes,0.241494569132607,DSG1 | RP11-203J24.8 | AC131097.4
3 genes,0.36542240543714,DSG1 | RP11-203J24.8 | AK5
3 genes,0.239752129384047,DSG1 | RP11-203J24.8 | FAM228B
3 genes,0.0180542418678128,DSG1 | CTB-32O4.2 | NAV2
3 genes,0.438546333662659,DSG1 | CTB-32O4.2 | GTSE1
3 genes,0.0576574356000773,DSG1 | CTB-32O4.2 | AC131097.4
3 genes,0.0149114406658378,DSG1 | CTB-32O4.2 | AK5
3 genes,0.521883955832662,DSG1 | CTB-32O4.2 | FAM228B
3 genes,0.16454875827405,DSG1 | NAV2 | GTSE1
3 genes,0.191224113873432,DSG1 | NAV2 | AC131097.4
3 genes,0.326269967577544,DSG1 | NAV2 | AK5
3 genes,0.132159894772511,DSG1 | NAV2 | FAM228B
3 genes,0.167855053505204,DSG1 | GTSE1 | AC131097.4
3 genes,0.0516231913073784,DSG1 | GTSE1 | AK5
3 genes,0.285864922142476,DSG1 | GTSE1 | FAM228B
3 genes,0.100543121734857,DSG1 | AC131097.4 | AK5
3 genes,0.137103957592679,DSG1 | AC131097.4 | FAM228B
3 genes,0.0517154317813221,DSG1 | AK5 | FAM228B
3 genes,0.00606971954684488,RP11-203J24.8 | CTB-32O4.2 | NAV2
3 genes,0.221008339432453,RP11-203J24.8 | CTB-32O4.2 | GTSE1
3 genes,0.0308748226241997,RP11-203J24.8 | CTB-32O4.2 | AC131097.4
3 genes,0.0686936490279518,RP11-203J24.8 | CTB-32O4.2 | AK5
3 genes,0.412830315862467,RP11-203J24.8 | CTB-32O4.2 | FAM228B
3 genes,0.00632180471945321,RP11-203J24.8 | NAV2 | GTSE1
3 genes,0.276501796447087,RP11-203J24.8 | NAV2 | AC131097.4
3 genes,0.178509380764617,RP11-203J24.8 | NAV2 | AK5
3 genes,0.101476887407335,RP11-203J24.8 | NAV2 | FAM228B
3 genes,0.0591914675884382,RP11-203J24.8 | GTSE1 | AC131097.4
3 genes,0.044551504781686,RP11-203J24.8 | GTSE1 | AK5
3 genes,0.0507524481450321,RP11-203J24.8 | GTSE1 | FAM228B
3 genes,0.144707006868813,RP11-203J24.8 | AC131097.4 | AK5
3 genes,0.0482448087447309,RP11-203J24.8 | AC131097.4 | FAM228B
3 genes,0.0591636386060447,RP11-203J24.8 | AK5 | FAM228B
3 genes,0.0249796471094434,CTB-32O4.2 | NAV2 | GTSE1
3 genes,0.00880014297943654,CTB-32O4.2 | NAV2 | AC131097.4
3 genes,0.00926957890976166,CTB-32O4.2 | NAV2 | AK5
3 genes,0.00888084737174155,CTB-32O4.2 | NAV2 | FAM228B
3 genes,0.0279000816648814,CTB-32O4.2 | GTSE1 | AC131097.4
3 genes,0.0303483149705346,CTB-32O4.2 | GTSE1 | AK5
3 genes,0.387077173386303,CTB-32O4.2 | GTSE1 | FAM228B
3 genes,0.0182976949027738,CTB-32O4.2 | AC131097.4 | AK5
3 genes,0.251527657910167,CTB-32O4.2 | AC131097.4 | FAM228B
3 genes,0.0114580769046236,CTB-32O4.2 | AK5 | FAM228B
3 genes,0.0659940223239274,NAV2 | GTSE1 | AC131097.4
3 genes,0.0726784742300639,NAV2 | GTSE1 | AK5
3 genes,0.0169484243025348,NAV2 | GTSE1 | FAM228B
3 genes,0.499657046294242,NAV2 | AC131097.4 | AK5
3 genes,0.208458576645823,NAV2 | AC131097.4 | FAM228B
3 genes,0.165360571437954,NAV2 | AK5 | FAM228B
3 genes,0.0943498037671594,GTSE1 | AC131097.4 | AK5
3 genes,0.396814573958606,GTSE1 | AC131097.4 | FAM228B
3 genes,0.041935958007754,GTSE1 | AK5 | FAM228B
3 genes,0.100162192403937,AC131097.4 | AK5 | FAM228B
4 genes,0.247476653018096,RP11-483E7.1 | NLRX1 | DSG1 | RP11-203J24.8
4 genes,0.00454576934306772,RP11-483E7.1 | NLRX1 | DSG1 | CTB-32O4.2
4 genes,0.279533871173983,RP11-483E7.1 | NLRX1 | DSG1 | NAV2
4 genes,0.0482659010504636,RP11-483E7.1 | NLRX1 | DSG1 | GTSE1
4 genes,0.00646197045632579,RP11-483E7.1 | NLRX1 | DSG1 | AC131097.4
4 genes,0.0633794587489216,RP11-483E7.1 | NLRX1 | DSG1 | AK5
4 genes,0.0521474206377298,RP11-483E7.1 | NLRX1 | DSG1 | FAM228B
4 genes,0.00290998624820338,RP11-483E7.1 | NLRX1 | RP11-203J24.8 | CTB-32O4.2
4 genes,0.0352906062090579,RP11-483E7.1 | NLRX1 | RP11-203J24.8 | NAV2
4 genes,0.0019501690790874,RP11-483E7.1 | NLRX1 | RP11-203J24.8 | GTSE1
4 genes,0.0464425550444784,RP11-483E7.1 | NLRX1 | RP11-203J24.8 | AC131097.4
4 genes,0.0465753937678967,RP11-483E7.1 | NLRX1 | RP11-203J24.8 | AK5
4 genes,0.0276927989480186,RP11-483E7.1 | NLRX1 | RP11-203J24.8 | FAM228B
4 genes,0.00118463832199156,RP11-483E7.1 | NLRX1 | CTB-32O4.2 | NAV2
4 genes,0.011819049253683,RP11-483E7.1 | NLRX1 | CTB-32O4.2 | GTSE1
4 genes,0.00233647078821664,RP11-483E7.1 | NLRX1 | CTB-32O4.2 | AC131097.4
4 genes,0.000244464635388741,RP11-483E7.1 | NLRX1 | CTB-32O4.2 | AK5
4 genes,0.036973678811223,RP11-483E7.1 | NLRX1 | CTB-32O4.2 | FAM228B
4 genes,0.0123495432521823,RP11-483E7.1 | NLRX1 | NAV2 | GTSE1
4 genes,0.131362925802217,RP11-483E7.1 | NLRX1 | NAV2 | AC131097.4
4 genes,0.211923880135718,RP11-483E7.1 | NLRX1 | NAV2 | AK5
4 genes,0.0296844427154882,RP11-483E7.1 | NLRX1 | NAV2 | FAM228B
4 genes,0.0207673736353128,RP11-483E7.1 | NLRX1 | GTSE1 | AC131097.4
4 genes,0.0109624899301572,RP11-483E7.1 | NLRX1 | GTSE1 | AK5
4 genes,0.0277652836663305,RP11-483E7.1 | NLRX1 | GTSE1 | FAM228B
4 genes,0.0543307091020583,RP11-483E7.1 | NLRX1 | AC131097.4 | AK5
4 genes,0.0180643963594385,RP11-483E7.1 | NLRX1 | AC131097.4 | FAM228B
4 genes,0.0672472524632628,RP11-483E7.1 | NLRX1 | AK5 | FAM228B
4 genes,0.00655895631452019,RP11-483E7.1 | DSG1 | RP11-203J24.8 | CTB-32O4.2
4 genes,0.131774088037381,RP11-483E7.1 | DSG1 | RP11-203J24.8 | NAV2
4 genes,0.0663180888955465,RP11-483E7.1 | DSG1 | RP11-203J24.8 | GTSE1
4 genes,0.0928014439864471,RP11-483E7.1 | DSG1 | RP11-203J24.8 | AC131097.4
4 genes,0.149160275380742,RP11-483E7.1 | DSG1 | RP11-203J24.8 | AK5
4 genes,0.0246855905910933,RP11-483E7.1 | DSG1 | RP11-203J24.8 | FAM228B
4 genes,0.000858589385274056,RP11-483E7.1 | DSG1 | CTB-32O4.2 | NAV2
4 genes,0.0275233075793514,RP11-483E7.1 | DSG1 | CTB-32O4.2 | GTSE1
4 genes,0.000527516783829562,RP11-483E7.1 | DSG1 | CTB-32O4.2 | AC131097.4
4 genes,0.00197952630391107,RP11-483E7.1 | DSG1 | CTB-32O4.2 | AK5
4 genes,0.0721478069932764,RP11-483E7.1 | DSG1 | CTB-32O4.2 | FAM228B
4 genes,0.0697126331824381,RP11-483E7.1 | DSG1 | NAV2 | GTSE1
4 genes,0.0514999978636441,RP11-483E7.1 | DSG1 | NAV2 | AC131097.4
4 genes,0.128788354175002,RP11-483E7.1 | DSG1 | NAV2 | AK5
4 genes,0.165437110664233,RP11-483E7.1 | DSG1 | NAV2 | FAM228B
4 genes,0.00419767988408204,RP11-483E7.1 | DSG1 | GTSE1 | AC131097.4
4 genes,0.0137215870321588,RP11-483E7.1 | DSG1 | GTSE1 | AK5
4 genes,0.0710289478350425,RP11-483E7.1 | DSG1 | GTSE1 | FAM228B
4 genes,0.108352685420812,RP11-483E7.1 | DSG1 | AC131097.4 | AK5
4 genes,0.0236044756179238,RP11-483E7.1 | DSG1 | AC131097.4 | FAM228B
4 genes,0.0518834518357976,RP11-483E7.1 | DSG1 | AK5 | FAM228B
4 genes,0.000302963507001541,RP11-483E7.1 | RP11-203J24.8 | CTB-32O4.2 | NAV2
4 genes,0.0021497300097173,RP11-483E7.1 | RP11-203J24.8 | CTB-32O4.2 | GTSE1
4 genes,0.00856694546682291,RP11-483E7.1 | RP11-203J24.8 | CTB-32O4.2 | AC131097.4
4 genes,0.000847817535936768,RP11-483E7.1 | RP11-203J24.8 | CTB-32O4.2 | AK5
4 genes,0.0213807434091571,RP11-483E7.1 | RP11-203J24.8 | CTB-32O4.2 | FAM228B
4 genes,0.00244462206636253,RP11-483E7.1 | RP11-203J24.8 | NAV2 | GTSE1
4 genes,0.0927765880464835,RP11-483E7.1 | RP11-203J24.8 | NAV2 | AC131097.4
4 genes,0.0396078930098863,RP11-483E7.1 | RP11-203J24.8 | NAV2 | AK5
4 genes,0.0164333033039268,RP11-483E7.1 | RP11-203J24.8 | NAV2 | FAM228B
4 genes,0.00244317217515633,RP11-483E7.1 | RP11-203J24.8 | GTSE1 | AC131097.4
4 genes,0.00517610084343867,RP11-483E7.1 | RP11-203J24.8 | GTSE1 | AK5
4 genes,0.000992466794897284,RP11-483E7.1 | RP11-203J24.8 | GTSE1 | FAM228B
4 genes,0.202468441675152,RP11-483E7.1 | RP11-203J24.8 | AC131097.4 | AK5
4 genes,0.00939596471757909,RP11-483E7.1 | RP11-203J24.8 | AC131097.4 | FAM228B
4 genes,0.0691686809372171,RP11-483E7.1 | RP11-203J24.8 | AK5 | FAM228B
4 genes,0.000192067778062577,RP11-483E7.1 | CTB-32O4.2 | NAV2 | GTSE1
4 genes,8.90907373830574e-05,RP11-483E7.1 | CTB-32O4.2 | NAV2 | AC131097.4
4 genes,0.000475510960411873,RP11-483E7.1 | CTB-32O4.2 | NAV2 | AK5
4 genes,0.000990823539634311,RP11-483E7.1 | CTB-32O4.2 | NAV2 | FAM228B
4 genes,0.000909926252195659,RP11-483E7.1 | CTB-32O4.2 | GTSE1 | AC131097.4
4 genes,0.000543648954857701,RP11-483E7.1 | CTB-32O4.2 | GTSE1 | AK5
4 genes,0.035557067784791,RP11-483E7.1 | CTB-32O4.2 | GTSE1 | FAM228B
4 genes,0.00012351174508185,RP11-483E7.1 | CTB-32O4.2 | AC131097.4 | AK5
4 genes,0.0863720587668527,RP11-483E7.1 | CTB-32O4.2 | AC131097.4 | FAM228B
4 genes,0.00375749786762691,RP11-483E7.1 | CTB-32O4.2 | AK5 | FAM228B
4 genes,0.0128075119366052,RP11-483E7.1 | NAV2 | GTSE1 | AC131097.4
4 genes,0.0159526333820211,RP11-483E7.1 | NAV2 | GTSE1 | AK5
4 genes,0.0179238537160148,RP11-483E7.1 | NAV2 | GTSE1 | FAM228B
4 genes,0.0845333328896491,RP11-483E7.1 | NAV2 | AC131097.4 | AK5
4 genes,0.0405779086891352,RP11-483E7.1 | NAV2 | AC131097.4 | FAM228B
4 genes,0.454906464101752,RP11-483E7.1 | NAV2 | AK5 | FAM228B
4 genes,0.0071029964248126,RP11-483E7.1 | GTSE1 | AC131097.4 | AK5
4 genes,0.0176283021333891,RP11-483E7.1 | GTSE1 | AC131097.4 | FAM228B
4 genes,0.030123149188953,RP11-483E7.1 | GTSE1 | AK5 | FAM228B
4 genes,0.0199596347130908,RP11-483E7.1 | AC131097.4 | AK5 | FAM228B
4 genes,0.0601857253371815,NLRX1 | DSG1 | RP11-203J24.8 | CTB-32O4.2
4 genes,0.604145463922456,NLRX1 | DSG1 | RP11-203J24.8 | NAV2
4 genes,0.217249587571677,NLRX1 | DSG1 | RP11-203J24.8 | GTSE1
4 genes,0.0431340847333239,NLRX1 | DSG1 | RP11-203J24.8 | AC131097.4
4 genes,0.246472221320647,NLRX1 | DSG1 | RP11-203J24.8 | AK5
4 genes,0.165452686671539,NLRX1 | DSG1 | RP11-203J24.8 | FAM228B
4 genes,0.00326617118750194,NLRX1 | DSG1 | CTB-32O4.2 | NAV2
4 genes,0.102598202704208,NLRX1 | DSG1 | CTB-32O4.2 | GTSE1
4 genes,0.00113871660130194,NLRX1 | DSG1 | CTB-32O4.2 | AC131097.4
4 genes,0.0243887214638421,NLRX1 | DSG1 | CTB-32O4.2 | AK5
4 genes,0.103327880292682,NLRX1 | DSG1 | CTB-32O4.2 | FAM228B
4 genes,0.0175103563214716,NLRX1 | DSG1 | NAV2 | GTSE1
4 genes,0.0349329225064726,NLRX1 | DSG1 | NAV2 | AC131097.4
4 genes,0.140193297742637,NLRX1 | DSG1 | NAV2 | AK5
4 genes,0.0450840612773455,NLRX1 | DSG1 | NAV2 | FAM228B
4 genes,0.0222042762836476,NLRX1 | DSG1 | GTSE1 | AC131097.4
4 genes,0.0502387802982234,NLRX1 | DSG1 | GTSE1 | AK5
4 genes,0.0479461260697275,NLRX1 | DSG1 | GTSE1 | FAM228B
4 genes,0.014569700711961,NLRX1 | DSG1 | AC131097.4 | AK5
4 genes,0.0132096025710672,NLRX1 | DSG1 | AC131097.4 | FAM228B
4 genes,0.0699262275554027,NLRX1 | DSG1 | AK5 | FAM228B
4 genes,0.00544723949031423,NLRX1 | RP11-203J24.8 | CTB-32O4.2 | NAV2
4 genes,0.169474220761205,NLRX1 | RP11-203J24.8 | CTB-32O4.2 | GTSE1
4 genes,0.00060245575186435,NLRX1 | RP11-203J24.8 | CTB-32O4.2 | AC131097.4
4 genes,0.00122729175756753,NLRX1 | RP11-203J24.8 | CTB-32O4.2 | AK5
4 genes,0.155208596140527,NLRX1 | RP11-203J24.8 | CTB-32O4.2 | FAM228B
4 genes,0.0508987532719384,NLRX1 | RP11-203J24.8 | NAV2 | GTSE1
4 genes,0.00559811869866444,NLRX1 | RP11-203J24.8 | NAV2 | AC131097.4
4 genes,0.198587822368868,NLRX1 | RP11-203J24.8 | NAV2 | AK5
4 genes,0.0193070921278367,NLRX1 | RP11-203J24.8 | NAV2 | FAM228B
4 genes,0.0329835674116629,NLRX1 | RP11-203J24.8 | GTSE1 | AC131097.4
4 genes,0.0316663496291855,NLRX1 | RP11-203J24.8 | GTSE1 | AK5
4 genes,0.0189428938194387,NLRX1 | RP11-203J24.8 | GTSE1 | FAM228B
4 genes,0.0569773724536133,NLRX1 | RP11-203J24.8 | AC131097.4 | AK5
4 genes,0.0136293713763619,NLRX1 | RP11-203J24.8 | AC131097.4 | FAM228B
4 genes,0.054720205643112,NLRX1 | RP11-203J24.8 | AK5 | FAM228B
4 genes,0.00403708463568908,NLRX1 | CTB-32O4.2 | NAV2 | GTSE1
4 genes,0.000766753953304278,NLRX1 | CTB-32O4.2 | NAV2 | AC131097.4
4 genes,0.000848757400460087,NLRX1 | CTB-32O4.2 | NAV2 | AK5
4 genes,0.00238851982681965,NLRX1 | CTB-32O4.2 | NAV2 | FAM228B
4 genes,0.0200125721602336,NLRX1 | CTB-32O4.2 | GTSE1 | AC131097.4
4 genes,0.00182988433937681,NLRX1 | CTB-32O4.2 | GTSE1 | AK5
4 genes,0.131755158559786,NLRX1 | CTB-32O4.2 | GTSE1 | FAM228B
4 genes,0.000154695124143123,NLRX1 | CTB-32O4.2 | AC131097.4 | AK5
4 genes,0.00351341265578398,NLRX1 | CTB-32O4.2 | AC131097.4 | FAM228B
4 genes,0.0210897512904046,NLRX1 | CTB-32O4.2 | AK5 | FAM228B
4 genes,0.0595877154701716,NLRX1 | NAV2 | GTSE1 | AC131097.4
4 genes,0.0172238951446226,NLRX1 | NAV2 | GTSE1 | AK5
4 genes,0.0186932849099423,NLRX1 | NAV2 | GTSE1 | FAM228B
4 genes,0.0400560432874142,NLRX1 | NAV2 | AC131097.4 | AK5
4 genes,0.0173614871422803,NLRX1 | NAV2 | AC131097.4 | FAM228B
4 genes,0.118268456277669,NLRX1 | NAV2 | AK5 | FAM228B
4 genes,0.0393890312717022,NLRX1 | GTSE1 | AC131097.4 | AK5
4 genes,0.0413417280014551,NLRX1 | GTSE1 | AC131097.4 | FAM228B
4 genes,0.0291545268878941,NLRX1 | GTSE1 | AK5 | FAM228B
4 genes,0.0222827182419352,NLRX1 | AC131097.4 | AK5 | FAM228B
4 genes,0.0111416568407534,DSG1 | RP11-203J24.8 | CTB-32O4.2 | NAV2
4 genes,0.273029335805148,DSG1 | RP11-203J24.8 | CTB-32O4.2 | GTSE1
4 genes,0.0240807384789596,DSG1 | RP11-203J24.8 | CTB-32O4.2 | AC131097.4
4 genes,0.00884679248536269,DSG1 | RP11-203J24.8 | CTB-32O4.2 | AK5
4 genes,0.289710720153792,DSG1 | RP11-203J24.8 | CTB-32O4.2 | FAM228B
4 genes,0.0373648218777066,DSG1 | RP11-203J24.8 | NAV2 | GTSE1
4 genes,0.16811693636416,DSG1 | RP11-203J24.8 | NAV2 | AC131097.4
4 genes,0.566319197600928,DSG1 | RP11-203J24.8 | NAV2 | AK5
4 genes,0.16485278238799,DSG1 | RP11-203J24.8 | NAV2 | FAM228B
4 genes,0.0999219213470632,DSG1 | RP11-203J24.8 | GTSE1 | AC131097.4
4 genes,0.0555910418987047,DSG1 | RP11-203J24.8 | GTSE1 | AK5
4 genes,0.252375416456828,DSG1 | RP11-203J24.8 | GTSE1 | FAM228B
4 genes,0.102529096662942,DSG1 | RP11-203J24.8 | AC131097.4 | AK5
4 genes,0.0631106779069648,DSG1 | RP11-203J24.8 | AC131097.4 | FAM228B
4 genes,0.0246078172730563,DSG1 | RP11-203J24.8 | AK5 | FAM228B
4 genes,0.0171850106534717,DSG1 | CTB-32O4.2 | NAV2 | GTSE1
4 genes,0.00870717248546493,DSG1 | CTB-32O4.2 | NAV2 | AC131097.4
4 genes,0.00648813334584519,DSG1 | CTB-32O4.2 | NAV2 | AK5
4 genes,0.0221291192545615,DSG1 | CTB-32O4.2 | NAV2 | FAM228B
4 genes,0.0735253703251867,DSG1 | CTB-32O4.2 | GTSE1 | AC131097.4
4 genes,0.00417073820356284,DSG1 | CTB-32O4.2 | GTSE1 | AK5
4 genes,0.362730667902922,DSG1 | CTB-32O4.2 | GTSE1 | FAM228B
4 genes,0.00052591525698098,DSG1 | CTB-32O4.2 | AC131097.4 | AK5
4 genes,0.161387363190303,DSG1 | CTB-32O4.2 | AC131097.4 | FAM228B
4 genes,0.00838412125986165,DSG1 | CTB-32O4.2 | AK5 | FAM228B
4 genes,0.0391889140236933,DSG1 | NAV2 | GTSE1 | AC131097.4
4 genes,0.00395765605322929,DSG1 | NAV2 | GTSE1 | AK5
4 genes,0.0678957116396589,DSG1 | NAV2 | GTSE1 | FAM228B
4 genes,0.0504832173646239,DSG1 | NAV2 | AC131097.4 | AK5
4 genes,0.0425944836035377,DSG1 | NAV2 | AC131097.4 | FAM228B
4 genes,0.117540668366428,DSG1 | NAV2 | AK5 | FAM228B
4 genes,0.0184984665136761,DSG1 | GTSE1 | AC131097.4 | AK5
4 genes,0.100710070229134,DSG1 | GTSE1 | AC131097.4 | FAM228B
4 genes,0.0151430755239503,DSG1 | GTSE1 | AK5 | FAM228B
4 genes,0.0122984554439709,DSG1 | AC131097.4 | AK5 | FAM228B
4 genes,0.00743285519317893,RP11-203J24.8 | CTB-32O4.2 | NAV2 | GTSE1
4 genes,0.000642686910614865,RP11-203J24.8 | CTB-32O4.2 | NAV2 | AC131097.4
4 genes,0.00301791508249316,RP11-203J24.8 | CTB-32O4.2 | NAV2 | AK5
4 genes,0.0057396177831518,RP11-203J24.8 | CTB-32O4.2 | NAV2 | FAM228B
4 genes,0.0352000066896448,RP11-203J24.8 | CTB-32O4.2 | GTSE1 | AC131097.4
4 genes,0.00182543015575698,RP11-203J24.8 | CTB-32O4.2 | GTSE1 | AK5
4 genes,0.0826595768266709,RP11-203J24.8 | CTB-32O4.2 | GTSE1 | FAM228B
4 genes,0.00410617871518792,RP11-203J24.8 | CTB-32O4.2 | AC131097.4 | AK5
4 genes,0.0322787988674076,RP11-203J24.8 | CTB-32O4.2 | AC131097.4 | FAM228B
4 genes,0.0471924867581381,RP11-203J24.8 | CTB-32O4.2 | AK5 | FAM228B
4 genes,0.00601666657466171,RP11-203J24.8 | NAV2 | GTSE1 | AC131097.4
4 genes,0.00669134178113073,RP11-203J24.8 | NAV2 | GTSE1 | AK5
4 genes,0.00904349900674828,RP11-203J24.8 | NAV2 | GTSE1 | FAM228B
4 genes,0.197721319281712,RP11-203J24.8 | NAV2 | AC131097.4 | AK5
4 genes,0.0155628437672024,RP11-203J24.8 | NAV2 | AC131097.4 | FAM228B
4 genes,0.0518851594125522,RP11-203J24.8 | NAV2 | AK5 | FAM228B
4 genes,0.0737698157675901,RP11-203J24.8 | GTSE1 | AC131097.4 | AK5
4 genes,0.0233643074987193,RP11-203J24.8 | GTSE1 | AC131097.4 | FAM228B
4 genes,0.0870774568588588,RP11-203J24.8 | GTSE1 | AK5 | FAM228B
4 genes,0.183887807374183,RP11-203J24.8 | AC131097.4 | AK5 | FAM228B
4 genes,0.00607907642530203,CTB-32O4.2 | NAV2 | GTSE1 | AC131097.4
4 genes,0.000323929468268203,CTB-32O4.2 | NAV2 | GTSE1 | AK5
4 genes,0.0339930090982546,CTB-32O4.2 | NAV2 | GTSE1 | FAM228B
4 genes,0.00525727481110494,CTB-32O4.2 | NAV2 | AC131097.4 | AK5
4 genes,0.00714948198109766,CTB-32O4.2 | NAV2 | AC131097.4 | FAM228B
4 genes,0.00414575484738255,CTB-32O4.2 | NAV2 | AK5 | FAM228B
4 genes,0.0141685428797667,CTB-32O4.2 | GTSE1 | AC131097.4 | AK5
4 genes,0.0869931491172738,CTB-32O4.2 | GTSE1 | AC131097.4 | FAM228B
4 genes,0.00242272373260655,CTB-32O4.2 | GTSE1 | AK5 | FAM228B
4 genes,0.0495547539762102,CTB-32O4.2 | AC131097.4 | AK5 | FAM228B
4 genes,0.0763612891116747,NAV2 | GTSE1 | AC131097.4 | AK5
4 genes,0.0701987750673897,NAV2 | GTSE1 | AC131097.4 | FAM228B
4 genes,0.0495184914621922,NAV2 | GTSE1 | AK5 | FAM228B
4 genes,0.104130806999748,NAV2 | AC131097.4 | AK5 | FAM228B
4 genes,0.0452996848811014,GTSE1 | AC131097.4 | AK5 | FAM228B
5 genes,0.00261760042737869,RP11-483E7.1 | NLRX1 | DSG1 | RP11-203J24.8 | CTB-32O4.2
5 genes,0.285352701057246,RP11-483E7.1 | NLRX1 | DSG1 | RP11-203J24.8 | NAV2
5 genes,0.0194773356179966,RP11-483E7.1 | NLRX1 | DSG1 | RP11-203J24.8 | GTSE1
5 genes,0.0781601342491126,RP11-483E7.1 | NLRX1 | DSG1 | RP11-203J24.8 | AC131097.4
5 genes,0.189514435498049,RP11-483E7.1 | NLRX1 | DSG1 | RP11-203J24.8 | AK5
5 genes,0.012557855497021,RP11-483E7.1 | NLRX1 | DSG1 | RP11-203J24.8 | FAM228B
5 genes,0.0037642420258619,RP11-483E7.1 | NLRX1 | DSG1 | CTB-32O4.2 | NAV2
5 genes,0.0137553965629956,RP11-483E7.1 | NLRX1 | DSG1 | CTB-32O4.2 | GTSE1
5 genes,0.000978980382773886,RP11-483E7.1 | NLRX1 | DSG1 | CTB-32O4.2 | AC131097.4
5 genes,0.011970903240379,RP11-483E7.1 | NLRX1 | DSG1 | CTB-32O4.2 | AK5
5 genes,0.01412620765922,RP11-483E7.1 | NLRX1 | DSG1 | CTB-32O4.2 | FAM228B
5 genes,0.0596838069722253,RP11-483E7.1 | NLRX1 | DSG1 | NAV2 | GTSE1
5 genes,0.013745633675918,RP11-483E7.1 | NLRX1 | DSG1 | NAV2 | AC131097.4
5 genes,0.203045684233544,RP11-483E7.1 | NLRX1 | DSG1 | NAV2 | AK5
5 genes,0.0384562531221455,RP11-483E7.1 | NLRX1 | DSG1 | NAV2 | FAM228B
5 genes,0.0146239985944081,RP11-483E7.1 | NLRX1 | DSG1 | GTSE1 | AC131097.4
5 genes,0.0054871862734307,RP11-483E7.1 | NLRX1 | DSG1 | GTSE1 | AK5
5 genes,0.0816326119447527,RP11-483E7.1 | NLRX1 | DSG1 | GTSE1 | FAM228B
5 genes,0.00460172306809281,RP11-483E7.1 | NLRX1 | DSG1 | AC131097.4 | AK5
5 genes,0.00548274619031242,RP11-483E7.1 | NLRX1 | DSG1 | AC131097.4 | FAM228B
5 genes,0.0208181210702834,RP11-483E7.1 | NLRX1 | DSG1 | AK5 | FAM228B
5 genes,0.00111096096886265,RP11-483E7.1 | NLRX1 | RP11-203J24.8 | CTB-32O4.2 | NAV2
5 genes,0.000611910897769241,RP11-483E7.1 | NLRX1 | RP11-203J24.8 | CTB-32O4.2 | GTSE1
5 genes,0.000714000605496978,RP11-483E7.1 | NLRX1 | RP11-203J24.8 | CTB-32O4.2 | AC131097.4
5 genes,0.000219967095625107,RP11-483E7.1 | NLRX1 | RP11-203J24.8 | CTB-32O4.2 | AK5
5 genes,0.00471033737346938,RP11-483E7.1 | NLRX1 | RP11-203J24.8 | CTB-32O4.2 | FAM228B
5 genes,0.00384132121274872,RP11-483E7.1 | NLRX1 | RP11-203J24.8 | NAV2 | GTSE1
5 genes,0.0213848387507722,RP11-483E7.1 | NLRX1 | RP11-203J24.8 | NAV2 | AC131097.4
5 genes,0.0470183267022229,RP11-483E7.1 | NLRX1 | RP11-203J24.8 | NAV2 | AK5
5 genes,0.00739009116669753,RP11-483E7.1 | NLRX1 | RP11-203J24.8 | NAV2 | FAM228B
5 genes,0.0107851219008559,RP11-483E7.1 | NLRX1 | RP11-203J24.8 | GTSE1 | AC131097.4
5 genes,0.0224341549413992,RP11-483E7.1 | NLRX1 | RP11-203J24.8 | GTSE1 | AK5
5 genes,0.00100791169596559,RP11-483E7.1 | NLRX1 | RP11-203J24.8 | GTSE1 | FAM228B
5 genes,0.0601052627802795,RP11-483E7.1 | NLRX1 | RP11-203J24.8 | AC131097.4 | AK5
5 genes,0.00270718664592784,RP11-483E7.1 | NLRX1 | RP11-203J24.8 | AC131097.4 | FAM228B
5 genes,0.0434002794968527,RP11-483E7.1 | NLRX1 | RP11-203J24.8 | AK5 | FAM228B
5 genes,0.00059359814719373,RP11-483E7.1 | NLRX1 | CTB-32O4.2 | NAV2 | GTSE1
5 genes,0.000264721972540904,RP11-483E7.1 | NLRX1 | CTB-32O4.2 | NAV2 | AC131097.4
5 genes,0.00121754629904613,RP11-483E7.1 | NLRX1 | CTB-32O4.2 | NAV2 | AK5
5 genes,0.00116891365001581,RP11-483E7.1 | NLRX1 | CTB-32O4.2 | NAV2 | FAM228B
5 genes,0.00303666451545703,RP11-483E7.1 | NLRX1 | CTB-32O4.2 | GTSE1 | AC131097.4
5 genes,0.000323200432191362,RP11-483E7.1 | NLRX1 | CTB-32O4.2 | GTSE1 | AK5
5 genes,0.0229277746613104,RP11-483E7.1 | NLRX1 | CTB-32O4.2 | GTSE1 | FAM228B
5 genes,5.08077796952389e-05,RP11-483E7.1 | NLRX1 | CTB-32O4.2 | AC131097.4 | AK5
5 genes,0.00228867813741107,RP11-483E7.1 | NLRX1 | CTB-32O4.2 | AC131097.4 | FAM228B
5 genes,0.000561495830259551,RP11-483E7.1 | NLRX1 | CTB-32O4.2 | AK5 | FAM228B
5 genes,0.0109533896635456,RP11-483E7.1 | NLRX1 | NAV2 | GTSE1 | AC131097.4
5 genes,0.01976599893209,RP11-483E7.1 | NLRX1 | NAV2 | GTSE1 | AK5
5 genes,0.0113287692986201,RP11-483E7.1 | NLRX1 | NAV2 | GTSE1 | FAM228B
5 genes,0.160781847547648,RP11-483E7.1 | NLRX1 | NAV2 | AC131097.4 | AK5
5 genes,0.00872877697224173,RP11-483E7.1 | NLRX1 | NAV2 | AC131097.4 | FAM228B
5 genes,0.0643507054019286,RP11-483E7.1 | NLRX1 | NAV2 | AK5 | FAM228B
5 genes,0.0240759328809897,RP11-483E7.1 | NLRX1 | GTSE1 | AC131097.4 | AK5
5 genes,0.0325114371351035,RP11-483E7.1 | NLRX1 | GTSE1 | AC131097.4 | FAM228B
5 genes,0.0251945548974378,RP11-483E7.1 | NLRX1 | GTSE1 | AK5 | FAM228B
5 genes,0.0149420175880659,RP11-483E7.1 | NLRX1 | AC131097.4 | AK5 | FAM228B
5 genes,0.00711624041685666,RP11-483E7.1 | DSG1 | RP11-203J24.8 | CTB-32O4.2 | NAV2
5 genes,0.0102014438435607,RP11-483E7.1 | DSG1 | RP11-203J24.8 | CTB-32O4.2 | GTSE1
5 genes,0.00145555807886821,RP11-483E7.1 | DSG1 | RP11-203J24.8 | CTB-32O4.2 | AC131097.4
5 genes,0.00014646817183428,RP11-483E7.1 | DSG1 | RP11-203J24.8 | CTB-32O4.2 | AK5
5 genes,0.00898706628462587,RP11-483E7.1 | DSG1 | RP11-203J24.8 | CTB-32O4.2 | FAM228B
5 genes,0.0162452154400894,RP11-483E7.1 | DSG1 | RP11-203J24.8 | NAV2 | GTSE1
5 genes,0.11325573441179,RP11-483E7.1 | DSG1 | RP11-203J24.8 | NAV2 | AC131097.4
5 genes,0.261084224245671,RP11-483E7.1 | DSG1 | RP11-203J24.8 | NAV2 | AK5
5 genes,0.0103687761185969,RP11-483E7.1 | DSG1 | RP11-203J24.8 | NAV2 | FAM228B
5 genes,0.0306992277240324,RP11-483E7.1 | DSG1 | RP11-203J24.8 | GTSE1 | AC131097.4
5 genes,0.0113898153590369,RP11-483E7.1 | DSG1 | RP11-203J24.8 | GTSE1 | AK5
5 genes,0.0109358146269345,RP11-483E7.1 | DSG1 | RP11-203J24.8 | GTSE1 | FAM228B
5 genes,0.143205665411463,RP11-483E7.1 | DSG1 | RP11-203J24.8 | AC131097.4 | AK5
5 genes,0.0147701100153094,RP11-483E7.1 | DSG1 | RP11-203J24.8 | AC131097.4 | FAM228B
5 genes,0.0163348249752479,RP11-483E7.1 | DSG1 | RP11-203J24.8 | AK5 | FAM228B
5 genes,0.00144015917967477,RP11-483E7.1 | DSG1 | CTB-32O4.2 | NAV2 | GTSE1
5 genes,0.000161395599957981,RP11-483E7.1 | DSG1 | CTB-32O4.2 | NAV2 | AC131097.4
5 genes,0.00171170064480808,RP11-483E7.1 | DSG1 | CTB-32O4.2 | NAV2 | AK5
5 genes,0.00252557039653867,RP11-483E7.1 | DSG1 | CTB-32O4.2 | NAV2 | FAM228B
5 genes,0.000447000116638452,RP11-483E7.1 | DSG1 | CTB-32O4.2 | GTSE1 | AC131097.4
5 genes,0.000532965674097552,RP11-483E7.1 | DSG1 | CTB-32O4.2 | GTSE1 | AK5
5 genes,0.0393082895246188,RP11-483E7.1 | DSG1 | CTB-32O4.2 | GTSE1 | FAM228B
5 genes,0.00161915213188735,RP11-483E7.1 | DSG1 | CTB-32O4.2 | AC131097.4 | AK5
5 genes,0.0172713914716687,RP11-483E7.1 | DSG1 | CTB-32O4.2 | AC131097.4 | FAM228B
5 genes,0.000718884768057482,RP11-483E7.1 | DSG1 | CTB-32O4.2 | AK5 | FAM228B
5 genes,0.0127336636988211,RP11-483E7.1 | DSG1 | NAV2 | GTSE1 | AC131097.4
5 genes,0.0360262698413639,RP11-483E7.1 | DSG1 | NAV2 | GTSE1 | AK5
5 genes,0.0376711762022177,RP11-483E7.1 | DSG1 | NAV2 | GTSE1 | FAM228B
5 genes,0.0458275642322089,RP11-483E7.1 | DSG1 | NAV2 | AC131097.4 | AK5
5 genes,0.0246273490835519,RP11-483E7.1 | DSG1 | NAV2 | AC131097.4 | FAM228B
5 genes,0.0527964959808952,RP11-483E7.1 | DSG1 | NAV2 | AK5 | FAM228B
5 genes,0.0328065209165047,RP11-483E7.1 | DSG1 | GTSE1 | AC131097.4 | AK5
5 genes,0.0313570800060394,RP11-483E7.1 | DSG1 | GTSE1 | AC131097.4 | FAM228B
5 genes,0.0889999701195839,RP11-483E7.1 | DSG1 | GTSE1 | AK5 | FAM228B
5 genes,0.00802868844614724,RP11-483E7.1 | DSG1 | AC131097.4 | AK5 | FAM228B
5 genes,0.000116911914281093,RP11-483E7.1 | RP11-203J24.8 | CTB-32O4.2 | NAV2 | GTSE1
5 genes,0.000324097626277609,RP11-483E7.1 | RP11-203J24.8 | CTB-32O4.2 | NAV2 | AC131097.4
5 genes,0.000224533803453886,RP11-483E7.1 | RP11-203J24.8 | CTB-32O4.2 | NAV2 | AK5
5 genes,0.000292284934151232,RP11-483E7.1 | RP11-203J24.8 | CTB-32O4.2 | NAV2 | FAM228B
5 genes,0.00453916330187742,RP11-483E7.1 | RP11-203J24.8 | CTB-32O4.2 | GTSE1 | AC131097.4
5 genes,0.000325957039885916,RP11-483E7.1 | RP11-203J24.8 | CTB-32O4.2 | GTSE1 | AK5
5 genes,0.00470727112317049,RP11-483E7.1 | RP11-203J24.8 | CTB-32O4.2 | GTSE1 | FAM228B
5 genes,0.00146010833950494,RP11-483E7.1 | RP11-203J24.8 | CTB-32O4.2 | AC131097.4 | AK5
5 genes,0.00699632992589783,RP11-483E7.1 | RP11-203J24.8 | CTB-32O4.2 | AC131097.4 | FAM228B
5 genes,0.000595570687372704,RP11-483E7.1 | RP11-203J24.8 | CTB-32O4.2 | AK5 | FAM228B
5 genes,0.0010242580475448,RP11-483E7.1 | RP11-203J24.8 | NAV2 | GTSE1 | AC131097.4
5 genes,0.0256184011274562,RP11-483E7.1 | RP11-203J24.8 | NAV2 | GTSE1 | AK5
5 genes,0.00692630375847558,RP11-483E7.1 | RP11-203J24.8 | NAV2 | GTSE1 | FAM228B
5 genes,0.14627618716509,RP11-483E7.1 | RP11-203J24.8 | NAV2 | AC131097.4 | AK5
5 genes,0.00618524621412553,RP11-483E7.1 | RP11-203J24.8 | NAV2 | AC131097.4 | FAM228B
5 genes,0.00540036852050441,RP11-483E7.1 | RP11-203J24.8 | NAV2 | AK5 | FAM228B
5 genes,0.00644968238366039,RP11-483E7.1 | RP11-203J24.8 | GTSE1 | AC131097.4 | AK5
5 genes,0.0094001072172184,RP11-483E7.1 | RP11-203J24.8 | GTSE1 | AC131097.4 | FAM228B
5 genes,0.0404069741950064,RP11-483E7.1 | RP11-203J24.8 | GTSE1 | AK5 | FAM228B
5 genes,0.0531019368449059,RP11-483E7.1 | RP11-203J24.8 | AC131097.4 | AK5 | FAM228B
5 genes,9.31469934577489e-05,RP11-483E7.1 | CTB-32O4.2 | NAV2 | GTSE1 | AC131097.4
5 genes,0.000248891533494389,RP11-483E7.1 | CTB-32O4.2 | NAV2 | GTSE1 | AK5
5 genes,0.00162676142723872,RP11-483E7.1 | CTB-32O4.2 | NAV2 | GTSE1 | FAM228B
5 genes,4.86892212687717e-05,RP11-483E7.1 | CTB-32O4.2 | NAV2 | AC131097.4 | AK5
5 genes,0.000484332979302282,RP11-483E7.1 | CTB-32O4.2 | NAV2 | AC131097.4 | FAM228B
5 genes,0.000406022814927964,RP11-483E7.1 | CTB-32O4.2 | NAV2 | AK5 | FAM228B
5 genes,7.50251284205028e-05,RP11-483E7.1 | CTB-32O4.2 | GTSE1 | AC131097.4 | AK5
5 genes,0.00608655510365297,RP11-483E7.1 | CTB-32O4.2 | GTSE1 | AC131097.4 | FAM228B
5 genes,0.00153572344561659,RP11-483E7.1 | CTB-32O4.2 | GTSE1 | AK5 | FAM228B
5 genes,0.00375749786762691,RP11-483E7.1 | CTB-32O4.2 | AC131097.4 | AK5 | FAM228B
5 genes,0.0318717968564827,RP11-483E7.1 | NAV2 | GTSE1 | AC131097.4 | AK5
5 genes,0.0105050035075488,RP11-483E7.1 | NAV2 | GTSE1 | AC131097.4 | FAM228B
5 genes,0.0160224297933054,RP11-483E7.1 | NAV2 | GTSE1 | AK5 | FAM228B
5 genes,0.0825732202460242,RP11-483E7.1 | NAV2 | AC131097.4 | AK5 | FAM228B
5 genes,0.00711530265450777,RP11-483E7.1 | GTSE1 | AC131097.4 | AK5 | FAM228B
5 genes,0.00268042546954339,NLRX1 | DSG1 | RP11-203J24.8 | CTB-32O4.2 | NAV2
5 genes,0.0646309101266993,NLRX1 | DSG1 | RP11-203J24.8 | CTB-32O4.2 | GTSE1
5 genes,0.00401754332042448,NLRX1 | DSG1 | RP11-203J24.8 | CTB-32O4.2 | AC131097.4
5 genes,0.00746802052554563,NLRX1 | DSG1 | RP11-203J24.8 | CTB-32O4.2 | AK5
5 genes,0.0974102380953789,NLRX1 | DSG1 | RP11-203J24.8 | CTB-32O4.2 | FAM228B
5 genes,0.0299125863627286,NLRX1 | DSG1 | RP11-203J24.8 | NAV2 | GTSE1
5 genes,0.0278806708628265,NLRX1 | DSG1 | RP11-203J24.8 | NAV2 | AC131097.4
5 genes,0.310483127122984,NLRX1 | DSG1 | RP11-203J24.8 | NAV2 | AK5
5 genes,0.0352813075129712,NLRX1 | DSG1 | RP11-203J24.8 | NAV2 | FAM228B
5 genes,0.0171706034302158,NLRX1 | DSG1 | RP11-203J24.8 | GTSE1 | AC131097.4
5 genes,0.0692271255822468,NLRX1 | DSG1 | RP11-203J24.8 | GTSE1 | AK5
5 genes,0.2198381112294,NLRX1 | DSG1 | RP11-203J24.8 | GTSE1 | FAM228B
5 genes,0.0382423290948589,NLRX1 | DSG1 | RP11-203J24.8 | AC131097.4 | AK5
5 genes,0.0193089943611837,NLRX1 | DSG1 | RP11-203J24.8 | AC131097.4 | FAM228B
5 genes,0.106439500548552,NLRX1 | DSG1 | RP11-203J24.8 | AK5 | FAM228B
5 genes,0.00377943598177521,NLRX1 | DSG1 | CTB-32O4.2 | NAV2 | GTSE1
5 genes,0.00165532152815717,NLRX1 | DSG1 | CTB-32O4.2 | NAV2 | AC131097.4
5 genes,0.0118214923449945,NLRX1 | DSG1 | CTB-32O4.2 | NAV2 | AK5
5 genes,0.0106000595043355,NLRX1 | DSG1 | CTB-32O4.2 | NAV2 | FAM228B
5 genes,0.00458059720012727,NLRX1 | DSG1 | CTB-32O4.2 | GTSE1 | AC131097.4
5 genes,0.00992541087167564,NLRX1 | DSG1 | CTB-32O4.2 | GTSE1 | AK5
5 genes,0.223368083889471,NLRX1 | DSG1 | CTB-32O4.2 | GTSE1 | FAM228B
5 genes,0.00426897382740021,NLRX1 | DSG1 | CTB-32O4.2 | AC131097.4 | AK5
5 genes,0.00705209828601217,NLRX1 | DSG1 | CTB-32O4.2 | AC131097.4 | FAM228B
5 genes,0.0332566006786619,NLRX1 | DSG1 | CTB-32O4.2 | AK5 | FAM228B
5 genes,0.0286891555658307,NLRX1 | DSG1 | NAV2 | GTSE1 | AC131097.4
5 genes,0.0405236326823281,NLRX1 | DSG1 | NAV2 | GTSE1 | AK5
5 genes,0.0585250530567697,NLRX1 | DSG1 | NAV2 | GTSE1 | FAM228B
5 genes,0.0114646571773073,NLRX1 | DSG1 | NAV2 | AC131097.4 | AK5
5 genes,0.00641592861903673,NLRX1 | DSG1 | NAV2 | AC131097.4 | FAM228B
5 genes,0.0473601433369815,NLRX1 | DSG1 | NAV2 | AK5 | FAM228B
5 genes,0.0160768427356068,NLRX1 | DSG1 | GTSE1 | AC131097.4 | AK5
5 genes,0.017085574515654,NLRX1 | DSG1 | GTSE1 | AC131097.4 | FAM228B
5 genes,0.0156112009713513,NLRX1 | DSG1 | GTSE1 | AK5 | FAM228B
5 genes,0.0103388121373653,NLRX1 | DSG1 | AC131097.4 | AK5 | FAM228B
5 genes,0.00628265220673296,NLRX1 | RP11-203J24.8 | CTB-32O4.2 | NAV2 | GTSE1
5 genes,0.00190298962489011,NLRX1 | RP11-203J24.8 | CTB-32O4.2 | NAV2 | AC131097.4
5 genes,0.00201617603903181,NLRX1 | RP11-203J24.8 | CTB-32O4.2 | NAV2 | AK5
5 genes,0.0124502592144515,NLRX1 | RP11-203J24.8 | CTB-32O4.2 | NAV2 | FAM228B
5 genes,0.00341885613092174,NLRX1 | RP11-203J24.8 | CTB-32O4.2 | GTSE1 | AC131097.4
5 genes,0.00347752689240788,NLRX1 | RP11-203J24.8 | CTB-32O4.2 | GTSE1 | AK5
5 genes,0.166584776248315,NLRX1 | RP11-203J24.8 | CTB-32O4.2 | GTSE1 | FAM228B
5 genes,0.00103626330622186,NLRX1 | RP11-203J24.8 | CTB-32O4.2 | AC131097.4 | AK5
5 genes,0.00546956936308618,NLRX1 | RP11-203J24.8 | CTB-32O4.2 | AC131097.4 | FAM228B
5 genes,0.0158476344078147,NLRX1 | RP11-203J24.8 | CTB-32O4.2 | AK5 | FAM228B
5 genes,0.015657393430288,NLRX1 | RP11-203J24.8 | NAV2 | GTSE1 | AC131097.4
5 genes,0.00493520376420264,NLRX1 | RP11-203J24.8 | NAV2 | GTSE1 | AK5
5 genes,0.156389693055603,NLRX1 | RP11-203J24.8 | NAV2 | GTSE1 | FAM228B
5 genes,0.00307973211935075,NLRX1 | RP11-203J24.8 | NAV2 | AC131097.4 | AK5
5 genes,0.00275475745735398,NLRX1 | RP11-203J24.8 | NAV2 | AC131097.4 | FAM228B
5 genes,0.00368418913021085,NLRX1 | RP11-203J24.8 | NAV2 | AK5 | FAM228B
5 genes,0.0429229537185578,NLRX1 | RP11-203J24.8 | GTSE1 | AC131097.4 | AK5
5 genes,0.0237846356216336,NLRX1 | RP11-203J24.8 | GTSE1 | AC131097.4 | FAM228B
5 genes,0.0027754044565621,NLRX1 | RP11-203J24.8 | GTSE1 | AK5 | FAM228B
5 genes,0.0200883715489736,NLRX1 | RP11-203J24.8 | AC131097.4 | AK5 | FAM228B
5 genes,0.000443520221890426,NLRX1 | CTB-32O4.2 | NAV2 | GTSE1 | AC131097.4
5 genes,6.10506616111062e-05,NLRX1 | CTB-32O4.2 | NAV2 | GTSE1 | AK5
5 genes,0.00209268765554149,NLRX1 | CTB-32O4.2 | NAV2 | GTSE1 | FAM228B
5 genes,0.000463655035525923,NLRX1 | CTB-32O4.2 | NAV2 | AC131097.4 | AK5
5 genes,0.000766753953304278,NLRX1 | CTB-32O4.2 | NAV2 | AC131097.4 | FAM228B
5 genes,0.00131233324167124,NLRX1 | CTB-32O4.2 | NAV2 | AK5 | FAM228B
5 genes,0.00560788554559544,NLRX1 | CTB-32O4.2 | GTSE1 | AC131097.4 | AK5
5 genes,0.0168269504598518,NLRX1 | CTB-32O4.2 | GTSE1 | AC131097.4 | FAM228B
5 genes,0.00336519106592847,NLRX1 | CTB-32O4.2 | GTSE1 | AK5 | FAM228B
5 genes,0.00128060672542341,NLRX1 | CTB-32O4.2 | AC131097.4 | AK5 | FAM228B
5 genes,0.0382780596993928,NLRX1 | NAV2 | GTSE1 | AC131097.4 | AK5
5 genes,0.0208120631352858,NLRX1 | NAV2 | GTSE1 | AC131097.4 | FAM228B
5 genes,0.0159835071948181,NLRX1 | NAV2 | GTSE1 | AK5 | FAM228B
5 genes,0.0235808068789297,NLRX1 | NAV2 | AC131097.4 | AK5 | FAM228B
5 genes,0.0199307715848779,NLRX1 | GTSE1 | AC131097.4 | AK5 | FAM228B
5 genes,0.0148191254299517,DSG1 | RP11-203J24.8 | CTB-32O4.2 | NAV2 | GTSE1
5 genes,0.00116677803940357,DSG1 | RP11-203J24.8 | CTB-32O4.2 | NAV2 | AC131097.4
5 genes,0.00400824626100393,DSG1 | RP11-203J24.8 | CTB-32O4.2 | NAV2 | AK5
5 genes,0.00806304641836209,DSG1 | RP11-203J24.8 | CTB-32O4.2 | NAV2 | FAM228B
5 genes,0.0251725975303606,DSG1 | RP11-203J24.8 | CTB-32O4.2 | GTSE1 | AC131097.4
5 genes,0.0191502327424373,DSG1 | RP11-203J24.8 | CTB-32O4.2 | GTSE1 | AK5
5 genes,0.229729547803793,DSG1 | RP11-203J24.8 | CTB-32O4.2 | GTSE1 | FAM228B
5 genes,0.00205336905096787,DSG1 | RP11-203J24.8 | CTB-32O4.2 | AC131097.4 | AK5
5 genes,0.0141868647251223,DSG1 | RP11-203J24.8 | CTB-32O4.2 | AC131097.4 | FAM228B
5 genes,0.0291650744938395,DSG1 | RP11-203J24.8 | CTB-32O4.2 | AK5 | FAM228B
5 genes,0.0247566427190402,DSG1 | RP11-203J24.8 | NAV2 | GTSE1 | AC131097.4
5 genes,0.0110875130136959,DSG1 | RP11-203J24.8 | NAV2 | GTSE1 | AK5
5 genes,0.0179926294091777,DSG1 | RP11-203J24.8 | NAV2 | GTSE1 | FAM228B
5 genes,0.202127942590834,DSG1 | RP11-203J24.8 | NAV2 | AC131097.4 | AK5
5 genes,0.0225949255987798,DSG1 | RP11-203J24.8 | NAV2 | AC131097.4 | FAM228B
5 genes,0.156902048706077,DSG1 | RP11-203J24.8 | NAV2 | AK5 | FAM228B
5 genes,0.039388673908305,DSG1 | RP11-203J24.8 | GTSE1 | AC131097.4 | AK5
5 genes,0.0375355768286139,DSG1 | RP11-203J24.8 | GTSE1 | AC131097.4 | FAM228B
5 genes,0.0405047411009969,DSG1 | RP11-203J24.8 | GTSE1 | AK5 | FAM228B
5 genes,0.0582773461700872,DSG1 | RP11-203J24.8 | AC131097.4 | AK5 | FAM228B
5 genes,0.00873913619834787,DSG1 | CTB-32O4.2 | NAV2 | GTSE1 | AC131097.4
5 genes,0.00495447482262601,DSG1 | CTB-32O4.2 | NAV2 | GTSE1 | AK5
5 genes,0.0197689650141702,DSG1 | CTB-32O4.2 | NAV2 | GTSE1 | FAM228B
5 genes,0.00134748630131454,DSG1 | CTB-32O4.2 | NAV2 | AC131097.4 | AK5
5 genes,0.00243132273489555,DSG1 | CTB-32O4.2 | NAV2 | AC131097.4 | FAM228B
5 genes,0.00560678330324726,DSG1 | CTB-32O4.2 | NAV2 | AK5 | FAM228B
5 genes,0.000958066795278989,DSG1 | CTB-32O4.2 | GTSE1 | AC131097.4 | AK5
5 genes,0.126982804089293,DSG1 | CTB-32O4.2 | GTSE1 | AC131097.4 | FAM228B
5 genes,0.100490512110646,DSG1 | CTB-32O4.2 | GTSE1 | AK5 | FAM228B
5 genes,0.0074401241964086,DSG1 | CTB-32O4.2 | AC131097.4 | AK5 | FAM228B
5 genes,0.0726093386273317,DSG1 | NAV2 | GTSE1 | AC131097.4 | AK5
5 genes,0.0483621540720619,DSG1 | NAV2 | GTSE1 | AC131097.4 | FAM228B
5 genes,0.109033852881707,DSG1 | NAV2 | GTSE1 | AK5 | FAM228B
5 genes,0.135040258596652,DSG1 | NAV2 | AC131097.4 | AK5 | FAM228B
5 genes,0.0110034083419139,DSG1 | GTSE1 | AC131097.4 | AK5 | FAM228B
5 genes,0.000616352001673204,RP11-203J24.8 | CTB-32O4.2 | NAV2 | GTSE1 | AC131097.4
5 genes,0.000166432453441945,RP11-203J24.8 | CTB-32O4.2 | NAV2 | GTSE1 | AK5
5 genes,0.00899822825527452,RP11-203J24.8 | CTB-32O4.2 | NAV2 | GTSE1 | FAM228B
5 genes,0.000403127468672326,RP11-203J24.8 | CTB-32O4.2 | NAV2 | AC131097.4 | AK5
5 genes,0.000609683014311524,RP11-203J24.8 | CTB-32O4.2 | NAV2 | AC131097.4 | FAM228B
5 genes,0.00647786333122335,RP11-203J24.8 | CTB-32O4.2 | NAV2 | AK5 | FAM228B
5 genes,0.00186204387670874,RP11-203J24.8 | CTB-32O4.2 | GTSE1 | AC131097.4 | AK5
5 genes,0.00675004736491047,RP11-203J24.8 | CTB-32O4.2 | GTSE1 | AC131097.4 | FAM228B
5 genes,0.0018522287145426,RP11-203J24.8 | CTB-32O4.2 | GTSE1 | AK5 | FAM228B
5 genes,0.00909154169240489,RP11-203J24.8 | CTB-32O4.2 | AC131097.4 | AK5 | FAM228B
5 genes,0.0114652888826169,RP11-203J24.8 | NAV2 | GTSE1 | AC131097.4 | AK5
5 genes,0.0109969246949525,RP11-203J24.8 | NAV2 | GTSE1 | AC131097.4 | FAM228B
5 genes,0.0667723939492529,RP11-203J24.8 | NAV2 | GTSE1 | AK5 | FAM228B
5 genes,0.00525034829230731,RP11-203J24.8 | NAV2 | AC131097.4 | AK5 | FAM228B
5 genes,0.0638385784087987,RP11-203J24.8 | GTSE1 | AC131097.4 | AK5 | FAM228B
5 genes,0.00589874102367116,CTB-32O4.2 | NAV2 | GTSE1 | AC131097.4 | AK5
5 genes,0.00472866734561839,CTB-32O4.2 | NAV2 | GTSE1 | AC131097.4 | FAM228B
5 genes,0.00418753349580503,CTB-32O4.2 | NAV2 | GTSE1 | AK5 | FAM228B
5 genes,0.00133501723226315,CTB-32O4.2 | NAV2 | AC131097.4 | AK5 | FAM228B
5 genes,0.015366071500272,CTB-32O4.2 | GTSE1 | AC131097.4 | AK5 | FAM228B
5 genes,0.0430048095707576,NAV2 | GTSE1 | AC131097.4 | AK5 | FAM228B
6 genes,0.00115434341946441,RP11-483E7.1 | NLRX1 | DSG1 | RP11-203J24.8 | CTB-32O4.2 | NAV2
6 genes,0.0021146068155441,RP11-483E7.1 | NLRX1 | DSG1 | RP11-203J24.8 | CTB-32O4.2 | GTSE1
6 genes,0.00685739236835681,RP11-483E7.1 | NLRX1 | DSG1 | RP11-203J24.8 | CTB-32O4.2 | AC131097.4
6 genes,0.00546639444979091,RP11-483E7.1 | NLRX1 | DSG1 | RP11-203J24.8 | CTB-32O4.2 | AK5
6 genes,0.00837789243609588,RP11-483E7.1 | NLRX1 | DSG1 | RP11-203J24.8 | CTB-32O4.2 | FAM228B
6 genes,0.0783412273621531,RP11-483E7.1 | NLRX1 | DSG1 | RP11-203J24.8 | NAV2 | GTSE1
6 genes,0.0179276089013601,RP11-483E7.1 | NLRX1 | DSG1 | RP11-203J24.8 | NAV2 | AC131097.4
6 genes,0.0875875311720636,RP11-483E7.1 | NLRX1 | DSG1 | RP11-203J24.8 | NAV2 | AK5
6 genes,0.0441716662059204,RP11-483E7.1 | NLRX1 | DSG1 | RP11-203J24.8 | NAV2 | FAM228B
6 genes,0.0151147950587818,RP11-483E7.1 | NLRX1 | DSG1 | RP11-203J24.8 | GTSE1 | AC131097.4
6 genes,0.0313791168776265,RP11-483E7.1 | NLRX1 | DSG1 | RP11-203J24.8 | GTSE1 | AK5
6 genes,0.00482114611028883,RP11-483E7.1 | NLRX1 | DSG1 | RP11-203J24.8 | GTSE1 | FAM228B
6 genes,0.0143862075671782,RP11-483E7.1 | NLRX1 | DSG1 | RP11-203J24.8 | AC131097.4 | AK5
6 genes,0.00556471887127619,RP11-483E7.1 | NLRX1 | DSG1 | RP11-203J24.8 | AC131097.4 | FAM228B
6 genes,0.0206190892587473,RP11-483E7.1 | NLRX1 | DSG1 | RP11-203J24.8 | AK5 | FAM228B
6 genes,0.00802518800375285,RP11-483E7.1 | NLRX1 | DSG1 | CTB-32O4.2 | NAV2 | GTSE1
6 genes,0.000362401026746006,RP11-483E7.1 | NLRX1 | DSG1 | CTB-32O4.2 | NAV2 | AC131097.4
6 genes,0.00184539701171216,RP11-483E7.1 | NLRX1 | DSG1 | CTB-32O4.2 | NAV2 | AK5
6 genes,0.00343223237048329,RP11-483E7.1 | NLRX1 | DSG1 | CTB-32O4.2 | NAV2 | FAM228B
6 genes,0.00221516382426301,RP11-483E7.1 | NLRX1 | DSG1 | CTB-32O4.2 | GTSE1 | AC131097.4
6 genes,0.00290982085205171,RP11-483E7.1 | NLRX1 | DSG1 | CTB-32O4.2 | GTSE1 | AK5
6 genes,0.0123977002235418,RP11-483E7.1 | NLRX1 | DSG1 | CTB-32O4.2 | GTSE1 | FAM228B
6 genes,0.0033088488789268,RP11-483E7.1 | NLRX1 | DSG1 | CTB-32O4.2 | AC131097.4 | AK5
6 genes,0.012863573330401,RP11-483E7.1 | NLRX1 | DSG1 | CTB-32O4.2 | AC131097.4 | FAM228B
6 genes,0.00318073808451835,RP11-483E7.1 | NLRX1 | DSG1 | CTB-32O4.2 | AK5 | FAM228B
6 genes,0.00200047079503551,RP11-483E7.1 | NLRX1 | DSG1 | NAV2 | GTSE1 | AC131097.4
6 genes,0.00960581551011275,RP11-483E7.1 | NLRX1 | DSG1 | NAV2 | GTSE1 | AK5
6 genes,0.021798870626582,RP11-483E7.1 | NLRX1 | DSG1 | NAV2 | GTSE1 | FAM228B
6 genes,0.0731382951034462,RP11-483E7.1 | NLRX1 | DSG1 | NAV2 | AC131097.4 | AK5
6 genes,0.00284821998035389,RP11-483E7.1 | NLRX1 | DSG1 | NAV2 | AC131097.4 | FAM228B
6 genes,0.0149240830766477,RP11-483E7.1 | NLRX1 | DSG1 | NAV2 | AK5 | FAM228B
6 genes,0.00542618201986844,RP11-483E7.1 | NLRX1 | DSG1 | GTSE1 | AC131097.4 | AK5
6 genes,0.0137302362064765,RP11-483E7.1 | NLRX1 | DSG1 | GTSE1 | AC131097.4 | FAM228B
6 genes,0.00562926640882355,RP11-483E7.1 | NLRX1 | DSG1 | GTSE1 | AK5 | FAM228B
6 genes,0.00347584017557889,RP11-483E7.1 | NLRX1 | DSG1 | AC131097.4 | AK5 | FAM228B
6 genes,0.000409621143946715,RP11-483E7.1 | NLRX1 | RP11-203J24.8 | CTB-32O4.2 | NAV2 | GTSE1
6 genes,0.0008041625436358,RP11-483E7.1 | NLRX1 | RP11-203J24.8 | CTB-32O4.2 | NAV2 | AC131097.4
6 genes,0.00121110062616814,RP11-483E7.1 | NLRX1 | RP11-203J24.8 | CTB-32O4.2 | NAV2 | AK5
6 genes,0.000861933757673738,RP11-483E7.1 | NLRX1 | RP11-203J24.8 | CTB-32O4.2 | NAV2 | FAM228B
6 genes,0.000564524037730441,RP11-483E7.1 | NLRX1 | RP11-203J24.8 | CTB-32O4.2 | GTSE1 | AC131097.4
6 genes,0.000327776690827397,RP11-483E7.1 | NLRX1 | RP11-203J24.8 | CTB-32O4.2 | GTSE1 | AK5
6 genes,0.00621266774093543,RP11-483E7.1 | NLRX1 | RP11-203J24.8 | CTB-32O4.2 | GTSE1 | FAM228B
6 genes,0.000331846987133289,RP11-483E7.1 | NLRX1 | RP11-203J24.8 | CTB-32O4.2 | AC131097.4 | AK5
6 genes,0.000905408910715777,RP11-483E7.1 | NLRX1 | RP11-203J24.8 | CTB-32O4.2 | AC131097.4 | FAM228B
6 genes,0.00043928246065994,RP11-483E7.1 | NLRX1 | RP11-203J24.8 | CTB-32O4.2 | AK5 | FAM228B
6 genes,0.00392912133167134,RP11-483E7.1 | NLRX1 | RP11-203J24.8 | NAV2 | GTSE1 | AC131097.4
6 genes,0.00868923027658874,RP11-483E7.1 | NLRX1 | RP11-203J24.8 | NAV2 | GTSE1 | AK5
6 genes,0.0143146718877677,RP11-483E7.1 | NLRX1 | RP11-203J24.8 | NAV2 | GTSE1 | FAM228B
6 genes,0.0250026370906358,RP11-483E7.1 | NLRX1 | RP11-203J24.8 | NAV2 | AC131097.4 | AK5
6 genes,0.00147982447903872,RP11-483E7.1 | NLRX1 | RP11-203J24.8 | NAV2 | AC131097.4 | FAM228B
6 genes,0.0403717424355271,RP11-483E7.1 | NLRX1 | RP11-203J24.8 | NAV2 | AK5 | FAM228B
6 genes,0.0193072086208713,RP11-483E7.1 | NLRX1 | RP11-203J24.8 | GTSE1 | AC131097.4 | AK5
6 genes,0.00928638968353113,RP11-483E7.1 | NLRX1 | RP11-203J24.8 | GTSE1 | AC131097.4 | FAM228B
6 genes,0.00755416622761185,RP11-483E7.1 | NLRX1 | RP11-203J24.8 | GTSE1 | AK5 | FAM228B
6 genes,0.00849983056851655,RP11-483E7.1 | NLRX1 | RP11-203J24.8 | AC131097.4 | AK5 | FAM228B
6 genes,0.000210974174476131,RP11-483E7.1 | NLRX1 | CTB-32O4.2 | NAV2 | GTSE1 | AC131097.4
6 genes,0.000603250356980278,RP11-483E7.1 | NLRX1 | CTB-32O4.2 | NAV2 | GTSE1 | AK5
6 genes,0.00133848548852822,RP11-483E7.1 | NLRX1 | CTB-32O4.2 | NAV2 | GTSE1 | FAM228B
6 genes,0.000168533716196739,RP11-483E7.1 | NLRX1 | CTB-32O4.2 | NAV2 | AC131097.4 | AK5
6 genes,0.000165144967705699,RP11-483E7.1 | NLRX1 | CTB-32O4.2 | NAV2 | AC131097.4 | FAM228B
6 genes,0.00118284600888185,RP11-483E7.1 | NLRX1 | CTB-32O4.2 | NAV2 | AK5 | FAM228B
6 genes,0.000179111159990253,RP11-483E7.1 | NLRX1 | CTB-32O4.2 | GTSE1 | AC131097.4 | AK5
6 genes,0.0150813920873336,RP11-483E7.1 | NLRX1 | CTB-32O4.2 | GTSE1 | AC131097.4 | FAM228B
6 genes,0.00160896668856092,RP11-483E7.1 | NLRX1 | CTB-32O4.2 | GTSE1 | AK5 | FAM228B
6 genes,0.000425468808938345,RP11-483E7.1 | NLRX1 | CTB-32O4.2 | AC131097.4 | AK5 | FAM228B
6 genes,0.0221285695725961,RP11-483E7.1 | NLRX1 | NAV2 | GTSE1 | AC131097.4 | AK5
6 genes,0.036205046397249,RP11-483E7.1 | NLRX1 | NAV2 | GTSE1 | AC131097.4 | FAM228B
6 genes,0.0394676183284056,RP11-483E7.1 | NLRX1 | NAV2 | GTSE1 | AK5 | FAM228B
6 genes,0.0133860414929285,RP11-483E7.1 | NLRX1 | NAV2 | AC131097.4 | AK5 | FAM228B
6 genes,0.00800687720021842,RP11-483E7.1 | NLRX1 | GTSE1 | AC131097.4 | AK5 | FAM228B
6 genes,0.00115131542846081,RP11-483E7.1 | DSG1 | RP11-203J24.8 | CTB-32O4.2 | NAV2 | GTSE1
6 genes,0.00136301767575941,RP11-483E7.1 | DSG1 | RP11-203J24.8 | CTB-32O4.2 | NAV2 | AC131097.4
6 genes,0.000265230215325318,RP11-483E7.1 | DSG1 | RP11-203J24.8 | CTB-32O4.2 | NAV2 | AK5
6 genes,0.00383978051067646,RP11-483E7.1 | DSG1 | RP11-203J24.8 | CTB-32O4.2 | NAV2 | FAM228B
6 genes,0.00123865154872438,RP11-483E7.1 | DSG1 | RP11-203J24.8 | CTB-32O4.2 | GTSE1 | AC131097.4
6 genes,0.000737108028238231,RP11-483E7.1 | DSG1 | RP11-203J24.8 | CTB-32O4.2 | GTSE1 | AK5
6 genes,0.010007577806583,RP11-483E7.1 | DSG1 | RP11-203J24.8 | CTB-32O4.2 | GTSE1 | FAM228B
6 genes,0.000135579920200968,RP11-483E7.1 | DSG1 | RP11-203J24.8 | CTB-32O4.2 | AC131097.4 | AK5
6 genes,0.00171381418993188,RP11-483E7.1 | DSG1 | RP11-203J24.8 | CTB-32O4.2 | AC131097.4 | FAM228B
6 genes,0.00190694564230498,RP11-483E7.1 | DSG1 | RP11-203J24.8 | CTB-32O4.2 | AK5 | FAM228B
6 genes,0.00127724147961339,RP11-483E7.1 | DSG1 | RP11-203J24.8 | NAV2 | GTSE1 | AC131097.4
6 genes,0.0126618147019407,RP11-483E7.1 | DSG1 | RP11-203J24.8 | NAV2 | GTSE1 | AK5
6 genes,0.0197000953934088,RP11-483E7.1 | DSG1 | RP11-203J24.8 | NAV2 | GTSE1 | FAM228B
6 genes,0.131809579962984,RP11-483E7.1 | DSG1 | RP11-203J24.8 | NAV2 | AC131097.4 | AK5
6 genes,0.00253468071564134,RP11-483E7.1 | DSG1 | RP11-203J24.8 | NAV2 | AC131097.4 | FAM228B
6 genes,0.037075871010487,RP11-483E7.1 | DSG1 | RP11-203J24.8 | NAV2 | AK5 | FAM228B
6 genes,0.0213642931458905,RP11-483E7.1 | DSG1 | RP11-203J24.8 | GTSE1 | AC131097.4 | AK5
6 genes,0.0073808998978544,RP11-483E7.1 | DSG1 | RP11-203J24.8 | GTSE1 | AC131097.4 | FAM228B
6 genes,0.0780354321644259,RP11-483E7.1 | DSG1 | RP11-203J24.8 | GTSE1 | AK5 | FAM228B
6 genes,0.0187258058433022,RP11-483E7.1 | DSG1 | RP11-203J24.8 | AC131097.4 | AK5 | FAM228B
6 genes,0.000420793631384808,RP11-483E7.1 | DSG1 | CTB-32O4.2 | NAV2 | GTSE1 | AC131097.4
6 genes,0.00126988915170334,RP11-483E7.1 | DSG1 | CTB-32O4.2 | NAV2 | GTSE1 | AK5
6 genes,0.00164368896575851,RP11-483E7.1 | DSG1 | CTB-32O4.2 | NAV2 | GTSE1 | FAM228B
6 genes,0.00124774569777142,RP11-483E7.1 | DSG1 | CTB-32O4.2 | NAV2 | AC131097.4 | AK5
6 genes,0.00143131832580912,RP11-483E7.1 | DSG1 | CTB-32O4.2 | NAV2 | AC131097.4 | FAM228B
6 genes,0.000707213028964593,RP11-483E7.1 | DSG1 | CTB-32O4.2 | NAV2 | AK5 | FAM228B
6 genes,0.000800863662706042,RP11-483E7.1 | DSG1 | CTB-32O4.2 | GTSE1 | AC131097.4 | AK5
6 genes,0.000939942255301585,RP11-483E7.1 | DSG1 | CTB-32O4.2 | GTSE1 | AC131097.4 | FAM228B
6 genes,0.000669972407145059,RP11-483E7.1 | DSG1 | CTB-32O4.2 | GTSE1 | AK5 | FAM228B
6 genes,0.00044938365825764,RP11-483E7.1 | DSG1 | CTB-32O4.2 | AC131097.4 | AK5 | FAM228B
6 genes,0.0645456437241236,RP11-483E7.1 | DSG1 | NAV2 | GTSE1 | AC131097.4 | AK5
6 genes,0.0130589517537055,RP11-483E7.1 | DSG1 | NAV2 | GTSE1 | AC131097.4 | FAM228B
6 genes,0.0356130809386179,RP11-483E7.1 | DSG1 | NAV2 | GTSE1 | AK5 | FAM228B
6 genes,0.0754335206765314,RP11-483E7.1 | DSG1 | NAV2 | AC131097.4 | AK5 | FAM228B
6 genes,0.0116806689705672,RP11-483E7.1 | DSG1 | GTSE1 | AC131097.4 | AK5 | FAM228B
6 genes,0.000280918816231046,RP11-483E7.1 | RP11-203J24.8 | CTB-32O4.2 | NAV2 | GTSE1 | AC131097.4
6 genes,0.000303839696596198,RP11-483E7.1 | RP11-203J24.8 | CTB-32O4.2 | NAV2 | GTSE1 | AK5
6 genes,0.00112431612388031,RP11-483E7.1 | RP11-203J24.8 | CTB-32O4.2 | NAV2 | GTSE1 | FAM228B
6 genes,0.000291344537161398,RP11-483E7.1 | RP11-203J24.8 | CTB-32O4.2 | NAV2 | AC131097.4 | AK5
6 genes,0.000239154033929156,RP11-483E7.1 | RP11-203J24.8 | CTB-32O4.2 | NAV2 | AC131097.4 | FAM228B
6 genes,0.000759240047214949,RP11-483E7.1 | RP11-203J24.8 | CTB-32O4.2 | NAV2 | AK5 | FAM228B
6 genes,0.000325957039885916,RP11-483E7.1 | RP11-203J24.8 | CTB-32O4.2 | GTSE1 | AC131097.4 | AK5
6 genes,0.00542934300399367,RP11-483E7.1 | RP11-203J24.8 | CTB-32O4.2 | GTSE1 | AC131097.4 | FAM228B
6 genes,0.000336094191650482,RP11-483E7.1 | RP11-203J24.8 | CTB-32O4.2 | GTSE1 | AK5 | FAM228B
6 genes,0.000595570687372704,RP11-483E7.1 | RP11-203J24.8 | CTB-32O4.2 | AC131097.4 | AK5 | FAM228B
6 genes,0.0062535601820688,RP11-483E7.1 | RP11-203J24.8 | NAV2 | GTSE1 | AC131097.4 | AK5
6 genes,0.000563864142013704,RP11-483E7.1 | RP11-203J24.8 | NAV2 | GTSE1 | AC131097.4 | FAM228B
6 genes,0.0397013192547002,RP11-483E7.1 | RP11-203J24.8 | NAV2 | GTSE1 | AK5 | FAM228B
6 genes,0.0335049867741795,RP11-483E7.1 | RP11-203J24.8 | NAV2 | AC131097.4 | AK5 | FAM228B
6 genes,0.0394933910839482,RP11-483E7.1 | RP11-203J24.8 | GTSE1 | AC131097.4 | AK5 | FAM228B
6 genes,6.47924861472138e-05,RP11-483E7.1 | CTB-32O4.2 | NAV2 | GTSE1 | AC131097.4 | AK5
6 genes,0.000373109026262641,RP11-483E7.1 | CTB-32O4.2 | NAV2 | GTSE1 | AC131097.4 | FAM228B
6 genes,0.000304057084982712,RP11-483E7.1 | CTB-32O4.2 | NAV2 | GTSE1 | AK5 | FAM228B
6 genes,0.000454762240219453,RP11-483E7.1 | CTB-32O4.2 | NAV2 | AC131097.4 | AK5 | FAM228B
6 genes,0.00153572344561659,RP11-483E7.1 | CTB-32O4.2 | GTSE1 | AC131097.4 | AK5 | FAM228B
6 genes,0.0103996960566696,RP11-483E7.1 | NAV2 | GTSE1 | AC131097.4 | AK5 | FAM228B
6 genes,0.00852716430527223,NLRX1 | DSG1 | RP11-203J24.8 | CTB-32O4.2 | NAV2 | GTSE1
6 genes,0.000442329584983581,NLRX1 | DSG1 | RP11-203J24.8 | CTB-32O4.2 | NAV2 | AC131097.4
6 genes,0.0100396931886849,NLRX1 | DSG1 | RP11-203J24.8 | CTB-32O4.2 | NAV2 | AK5
6 genes,0.0104849587502396,NLRX1 | DSG1 | RP11-203J24.8 | CTB-32O4.2 | NAV2 | FAM228B
6 genes,0.00698594197921798,NLRX1 | DSG1 | RP11-203J24.8 | CTB-32O4.2 | GTSE1 | AC131097.4
6 genes,0.0403106789509561,NLRX1 | DSG1 | RP11-203J24.8 | CTB-32O4.2 | GTSE1 | AK5
6 genes,0.103506260270901,NLRX1 | DSG1 | RP11-203J24.8 | CTB-32O4.2 | GTSE1 | FAM228B
6 genes,0.00509771727946084,NLRX1 | DSG1 | RP11-203J24.8 | CTB-32O4.2 | AC131097.4 | AK5
6 genes,0.00256570338506446,NLRX1 | DSG1 | RP11-203J24.8 | CTB-32O4.2 | AC131097.4 | FAM228B
6 genes,0.025295583261689,NLRX1 | DSG1 | RP11-203J24.8 | CTB-32O4.2 | AK5 | FAM228B
6 genes,0.00949772486784561,NLRX1 | DSG1 | RP11-203J24.8 | NAV2 | GTSE1 | AC131097.4
6 genes,0.0250846766763483,NLRX1 | DSG1 | RP11-203J24.8 | NAV2 | GTSE1 | AK5
6 genes,0.243940952447242,NLRX1 | DSG1 | RP11-203J24.8 | NAV2 | GTSE1 | FAM228B
6 genes,0.0216286843827723,NLRX1 | DSG1 | RP11-203J24.8 | NAV2 | AC131097.4 | AK5
6 genes,0.00744398648774691,NLRX1 | DSG1 | RP11-203J24.8 | NAV2 | AC131097.4 | FAM228B
6 genes,0.0153729220971288,NLRX1 | DSG1 | RP11-203J24.8 | NAV2 | AK5 | FAM228B
6 genes,0.0669572972157928,NLRX1 | DSG1 | RP11-203J24.8 | GTSE1 | AC131097.4 | AK5
6 genes,0.0444987457554804,NLRX1 | DSG1 | RP11-203J24.8 | GTSE1 | AC131097.4 | FAM228B
6 genes,0.0313688771507559,NLRX1 | DSG1 | RP11-203J24.8 | GTSE1 | AK5 | FAM228B
6 genes,0.00454795483035231,NLRX1 | DSG1 | RP11-203J24.8 | AC131097.4 | AK5 | FAM228B
6 genes,0.00115852645111081,NLRX1 | DSG1 | CTB-32O4.2 | NAV2 | GTSE1 | AC131097.4
6 genes,0.00114169920646812,NLRX1 | DSG1 | CTB-32O4.2 | NAV2 | GTSE1 | AK5
6 genes,0.0128292102737101,NLRX1 | DSG1 | CTB-32O4.2 | NAV2 | GTSE1 | FAM228B
6 genes,0.000855552428190576,NLRX1 | DSG1 | CTB-32O4.2 | NAV2 | AC131097.4 | AK5
6 genes,0.00165532152815717,NLRX1 | DSG1 | CTB-32O4.2 | NAV2 | AC131097.4 | FAM228B
6 genes,0.00653122624270364,NLRX1 | DSG1 | CTB-32O4.2 | NAV2 | AK5 | FAM228B
6 genes,0.00568248845541119,NLRX1 | DSG1 | CTB-32O4.2 | GTSE1 | AC131097.4 | AK5
6 genes,0.0088621305804869,NLRX1 | DSG1 | CTB-32O4.2 | GTSE1 | AC131097.4 | FAM228B
6 genes,0.059801929253821,NLRX1 | DSG1 | CTB-32O4.2 | GTSE1 | AK5 | FAM228B
6 genes,0.00632560734907661,NLRX1 | DSG1 | CTB-32O4.2 | AC131097.4 | AK5 | FAM228B
6 genes,0.0169803652754417,NLRX1 | DSG1 | NAV2 | GTSE1 | AC131097.4 | AK5
6 genes,0.0187433380584342,NLRX1 | DSG1 | NAV2 | GTSE1 | AC131097.4 | FAM228B
6 genes,0.0114349354211343,NLRX1 | DSG1 | NAV2 | GTSE1 | AK5 | FAM228B
6 genes,0.0121854243420202,NLRX1 | DSG1 | NAV2 | AC131097.4 | AK5 | FAM228B
6 genes,0.0154667206884188,NLRX1 | DSG1 | GTSE1 | AC131097.4 | AK5 | FAM228B
6 genes,0.00123645752197055,NLRX1 | RP11-203J24.8 | CTB-32O4.2 | NAV2 | GTSE1 | AC131097.4
6 genes,0.000172897284956619,NLRX1 | RP11-203J24.8 | CTB-32O4.2 | NAV2 | GTSE1 | AK5
6 genes,0.00573843981931821,NLRX1 | RP11-203J24.8 | CTB-32O4.2 | NAV2 | GTSE1 | FAM228B
6 genes,0.000426085079637373,NLRX1 | RP11-203J24.8 | CTB-32O4.2 | NAV2 | AC131097.4 | AK5
6 genes,0.00178015704191858,NLRX1 | RP11-203J24.8 | CTB-32O4.2 | NAV2 | AC131097.4 | FAM228B
6 genes,0.00103886408959453,NLRX1 | RP11-203J24.8 | CTB-32O4.2 | NAV2 | AK5 | FAM228B
6 genes,0.0015656910740155,NLRX1 | RP11-203J24.8 | CTB-32O4.2 | GTSE1 | AC131097.4 | AK5
6 genes,0.0138172492278291,NLRX1 | RP11-203J24.8 | CTB-32O4.2 | GTSE1 | AC131097.4 | FAM228B
6 genes,0.0139086727308415,NLRX1 | RP11-203J24.8 | CTB-32O4.2 | GTSE1 | AK5 | FAM228B
6 genes,0.000320867540489878,NLRX1 | RP11-203J24.8 | CTB-32O4.2 | AC131097.4 | AK5 | FAM228B
6 genes,0.00311380980703424,NLRX1 | RP11-203J24.8 | NAV2 | GTSE1 | AC131097.4 | AK5
6 genes,0.0196077713452367,NLRX1 | RP11-203J24.8 | NAV2 | GTSE1 | AC131097.4 | FAM228B
6 genes,0.00418422762654991,NLRX1 | RP11-203J24.8 | NAV2 | GTSE1 | AK5 | FAM228B
6 genes,0.00161532721364577,NLRX1 | RP11-203J24.8 | NAV2 | AC131097.4 | AK5 | FAM228B
6 genes,0.0210591842208513,NLRX1 | RP11-203J24.8 | GTSE1 | AC131097.4 | AK5 | FAM228B
6 genes,0.000374839251280124,NLRX1 | CTB-32O4.2 | NAV2 | GTSE1 | AC131097.4 | AK5
6 genes,0.000443520221890426,NLRX1 | CTB-32O4.2 | NAV2 | GTSE1 | AC131097.4 | FAM228B
6 genes,0.000537598291410202,NLRX1 | CTB-32O4.2 | NAV2 | GTSE1 | AK5 | FAM228B
6 genes,0.000287170396531922,NLRX1 | CTB-32O4.2 | NAV2 | AC131097.4 | AK5 | FAM228B
6 genes,0.00194386984634021,NLRX1 | CTB-32O4.2 | GTSE1 | AC131097.4 | AK5 | FAM228B
6 genes,0.122277257940596,NLRX1 | NAV2 | GTSE1 | AC131097.4 | AK5 | FAM228B
6 genes,0.00135261987214574,DSG1 | RP11-203J24.8 | CTB-32O4.2 | NAV2 | GTSE1 | AC131097.4
6 genes,0.0248325906334629,DSG1 | RP11-203J24.8 | CTB-32O4.2 | NAV2 | GTSE1 | AK5
6 genes,0.00792164204914847,DSG1 | RP11-203J24.8 | CTB-32O4.2 | NAV2 | GTSE1 | FAM228B
6 genes,0.001170294847466,DSG1 | RP11-203J24.8 | CTB-32O4.2 | NAV2 | AC131097.4 | AK5
6 genes,0.00182331685273596,DSG1 | RP11-203J24.8 | CTB-32O4.2 | NAV2 | AC131097.4 | FAM228B
6 genes,0.00592793644496781,DSG1 | RP11-203J24.8 | CTB-32O4.2 | NAV2 | AK5 | FAM228B
6 genes,0.00271079978635225,DSG1 | RP11-203J24.8 | CTB-32O4.2 | GTSE1 | AC131097.4 | AK5
6 genes,0.0127621446961738,DSG1 | RP11-203J24.8 | CTB-32O4.2 | GTSE1 | AC131097.4 | FAM228B
6 genes,0.0575586831821712,DSG1 | RP11-203J24.8 | CTB-32O4.2 | GTSE1 | AK5 | FAM228B
6 genes,0.00769583842391275,DSG1 | RP11-203J24.8 | CTB-32O4.2 | AC131097.4 | AK5 | FAM228B
6 genes,0.00669648650276744,DSG1 | RP11-203J24.8 | NAV2 | GTSE1 | AC131097.4 | AK5
6 genes,0.0164090934207132,DSG1 | RP11-203J24.8 | NAV2 | GTSE1 | AC131097.4 | FAM228B
6 genes,0.0371938630209827,DSG1 | RP11-203J24.8 | NAV2 | GTSE1 | AK5 | FAM228B
6 genes,0.0407093908995877,DSG1 | RP11-203J24.8 | NAV2 | AC131097.4 | AK5 | FAM228B
6 genes,0.0435070987150158,DSG1 | RP11-203J24.8 | GTSE1 | AC131097.4 | AK5 | FAM228B
6 genes,0.000482675620657069,DSG1 | CTB-32O4.2 | NAV2 | GTSE1 | AC131097.4 | AK5
6 genes,0.00476715542263539,DSG1 | CTB-32O4.2 | NAV2 | GTSE1 | AC131097.4 | FAM228B
6 genes,0.0103644680035054,DSG1 | CTB-32O4.2 | NAV2 | GTSE1 | AK5 | FAM228B
6 genes,0.00640390490128595,DSG1 | CTB-32O4.2 | NAV2 | AC131097.4 | AK5 | FAM228B
6 genes,0.00809574509792499,DSG1 | CTB-32O4.2 | GTSE1 | AC131097.4 | AK5 | FAM228B
6 genes,0.0892306397506776,DSG1 | NAV2 | GTSE1 | AC131097.4 | AK5 | FAM228B
6 genes,0.000177494336298545,RP11-203J24.8 | CTB-32O4.2 | NAV2 | GTSE1 | AC131097.4 | AK5
6 genes,0.000922573201346144,RP11-203J24.8 | CTB-32O4.2 | NAV2 | GTSE1 | AC131097.4 | FAM228B
6 genes,0.00323674175106481,RP11-203J24.8 | CTB-32O4.2 | NAV2 | GTSE1 | AK5 | FAM228B
6 genes,0.00650281708794409,RP11-203J24.8 | CTB-32O4.2 | NAV2 | AC131097.4 | AK5 | FAM228B
6 genes,0.000561852500656324,RP11-203J24.8 | CTB-32O4.2 | GTSE1 | AC131097.4 | AK5 | FAM228B
6 genes,0.0429478618635684,RP11-203J24.8 | NAV2 | GTSE1 | AC131097.4 | AK5 | FAM228B
6 genes,0.000712979626356636,CTB-32O4.2 | NAV2 | GTSE1 | AC131097.4 | AK5 | FAM228B
7 genes,0.000995222683051966,RP11-483E7.1 | NLRX1 | DSG1 | RP11-203J24.8 | CTB-32O4.2 | NAV2 | GTSE1
7 genes,0.000995222683051966,RP11-483E7.1 | NLRX1 | DSG1 | RP11-203J24.8 | CTB-32O4.2 | NAV2 | AC131097.4
7 genes,0.000728532978176433,RP11-483E7.1 | NLRX1 | DSG1 | RP11-203J24.8 | CTB-32O4.2 | NAV2 | AK5
7 genes,0.00143402640574586,RP11-483E7.1 | NLRX1 | DSG1 | RP11-203J24.8 | CTB-32O4.2 | NAV2 | FAM228B
7 genes,0.00898973879371079,RP11-483E7.1 | NLRX1 | DSG1 | RP11-203J24.8 | CTB-32O4.2 | GTSE1 | AC131097.4
7 genes,0.014345879198098,RP11-483E7.1 | NLRX1 | DSG1 | RP11-203J24.8 | CTB-32O4.2 | GTSE1 | AK5
7 genes,0.00821829205544278,RP11-483E7.1 | NLRX1 | DSG1 | RP11-203J24.8 | CTB-32O4.2 | GTSE1 | FAM228B
7 genes,0.00330853239201767,RP11-483E7.1 | NLRX1 | DSG1 | RP11-203J24.8 | CTB-32O4.2 | AC131097.4 | AK5
7 genes,0.00927153322780916,RP11-483E7.1 | NLRX1 | DSG1 | RP11-203J24.8 | CTB-32O4.2 | AC131097.4 | FAM228B
7 genes,0.00436904113529957,RP11-483E7.1 | NLRX1 | DSG1 | RP11-203J24.8 | CTB-32O4.2 | AK5 | FAM228B
7 genes,0.00466245486149908,RP11-483E7.1 | NLRX1 | DSG1 | RP11-203J24.8 | NAV2 | GTSE1 | AC131097.4
7 genes,0.00754391734905335,RP11-483E7.1 | NLRX1 | DSG1 | RP11-203J24.8 | NAV2 | GTSE1 | AK5
7 genes,0.0240706805971603,RP11-483E7.1 | NLRX1 | DSG1 | RP11-203J24.8 | NAV2 | GTSE1 | FAM228B
7 genes,0.0399818084882746,RP11-483E7.1 | NLRX1 | DSG1 | RP11-203J24.8 | NAV2 | AC131097.4 | AK5
7 genes,0.0016843147468214,RP11-483E7.1 | NLRX1 | DSG1 | RP11-203J24.8 | NAV2 | AC131097.4 | FAM228B
7 genes,0.013518652405165,RP11-483E7.1 | NLRX1 | DSG1 | RP11-203J24.8 | NAV2 | AK5 | FAM228B
7 genes,0.0339657681161681,RP11-483E7.1 | NLRX1 | DSG1 | RP11-203J24.8 | GTSE1 | AC131097.4 | AK5
7 genes,0.0076092733187062,RP11-483E7.1 | NLRX1 | DSG1 | RP11-203J24.8 | GTSE1 | AC131097.4 | FAM228B
7 genes,0.0318002059856265,RP11-483E7.1 | NLRX1 | DSG1 | RP11-203J24.8 | GTSE1 | AK5 | FAM228B
7 genes,0.00461589307034671,RP11-483E7.1 | NLRX1 | DSG1 | RP11-203J24.8 | AC131097.4 | AK5 | FAM228B
7 genes,0.000166538005180739,RP11-483E7.1 | NLRX1 | DSG1 | CTB-32O4.2 | NAV2 | GTSE1 | AC131097.4
7 genes,0.00252872294374995,RP11-483E7.1 | NLRX1 | DSG1 | CTB-32O4.2 | NAV2 | GTSE1 | AK5
7 genes,0.0128295963133724,RP11-483E7.1 | NLRX1 | DSG1 | CTB-32O4.2 | NAV2 | GTSE1 | FAM228B
7 genes,0.00164183554021191,RP11-483E7.1 | NLRX1 | DSG1 | CTB-32O4.2 | NAV2 | AC131097.4 | AK5
7 genes,0.000362401026746006,RP11-483E7.1 | NLRX1 | DSG1 | CTB-32O4.2 | NAV2 | AC131097.4 | FAM228B
7 genes,0.00654300695370391,RP11-483E7.1 | NLRX1 | DSG1 | CTB-32O4.2 | NAV2 | AK5 | FAM228B
7 genes,0.0040019867009643,RP11-483E7.1 | NLRX1 | DSG1 | CTB-32O4.2 | GTSE1 | AC131097.4 | AK5
7 genes,0.00242723348330298,RP11-483E7.1 | NLRX1 | DSG1 | CTB-32O4.2 | GTSE1 | AC131097.4 | FAM228B
7 genes,0.00390230583049833,RP11-483E7.1 | NLRX1 | DSG1 | CTB-32O4.2 | GTSE1 | AK5 | FAM228B
7 genes,0.00290116539519503,RP11-483E7.1 | NLRX1 | DSG1 | CTB-32O4.2 | AC131097.4 | AK5 | FAM228B
7 genes,0.0378940052883712,RP11-483E7.1 | NLRX1 | DSG1 | NAV2 | GTSE1 | AC131097.4 | AK5
7 genes,0.00599206359876836,RP11-483E7.1 | NLRX1 | DSG1 | NAV2 | GTSE1 | AC131097.4 | FAM228B
7 genes,0.0110174276408874,RP11-483E7.1 | NLRX1 | DSG1 | NAV2 | GTSE1 | AK5 | FAM228B
7 genes,0.0163757596997631,RP11-483E7.1 | NLRX1 | DSG1 | NAV2 | AC131097.4 | AK5 | FAM228B
7 genes,0.00497343083121449,RP11-483E7.1 | NLRX1 | DSG1 | GTSE1 | AC131097.4 | AK5 | FAM228B
7 genes,0.000757931868849759,RP11-483E7.1 | NLRX1 | RP11-203J24.8 | CTB-32O4.2 | NAV2 | GTSE1 | AC131097.4
7 genes,0.000240092183883323,RP11-483E7.1 | NLRX1 | RP11-203J24.8 | CTB-32O4.2 | NAV2 | GTSE1 | AK5
7 genes,0.000864906411613187,RP11-483E7.1 | NLRX1 | RP11-203J24.8 | CTB-32O4.2 | NAV2 | GTSE1 | FAM228B
7 genes,0.000423118964100855,RP11-483E7.1 | NLRX1 | RP11-203J24.8 | CTB-32O4.2 | NAV2 | AC131097.4 | AK5
7 genes,0.000772469149524557,RP11-483E7.1 | NLRX1 | RP11-203J24.8 | CTB-32O4.2 | NAV2 | AC131097.4 | FAM228B
7 genes,0.00100116300561026,RP11-483E7.1 | NLRX1 | RP11-203J24.8 | CTB-32O4.2 | NAV2 | AK5 | FAM228B
7 genes,0.000186763505551468,RP11-483E7.1 | NLRX1 | RP11-203J24.8 | CTB-32O4.2 | GTSE1 | AC131097.4 | AK5
7 genes,0.00347022778015516,RP11-483E7.1 | NLRX1 | RP11-203J24.8 | CTB-32O4.2 | GTSE1 | AC131097.4 | FAM228B
7 genes,0.000373188763185706,RP11-483E7.1 | NLRX1 | RP11-203J24.8 | CTB-32O4.2 | GTSE1 | AK5 | FAM228B
7 genes,0.000358195362660241,RP11-483E7.1 | NLRX1 | RP11-203J24.8 | CTB-32O4.2 | AC131097.4 | AK5 | FAM228B
7 genes,0.00692352299924348,RP11-483E7.1 | NLRX1 | RP11-203J24.8 | NAV2 | GTSE1 | AC131097.4 | AK5
7 genes,0.000908257081403074,RP11-483E7.1 | NLRX1 | RP11-203J24.8 | NAV2 | GTSE1 | AC131097.4 | FAM228B
7 genes,0.0142884687199449,RP11-483E7.1 | NLRX1 | RP11-203J24.8 | NAV2 | GTSE1 | AK5 | FAM228B
7 genes,0.0204719391299897,RP11-483E7.1 | NLRX1 | RP11-203J24.8 | NAV2 | AC131097.4 | AK5 | FAM228B
7 genes,0.00558042011993753,RP11-483E7.1 | NLRX1 | RP11-203J24.8 | GTSE1 | AC131097.4 | AK5 | FAM228B
7 genes,0.000225841537730198,RP11-483E7.1 | NLRX1 | CTB-32O4.2 | NAV2 | GTSE1 | AC131097.4 | AK5
7 genes,0.000210974174476131,RP11-483E7.1 | NLRX1 | CTB-32O4.2 | NAV2 | GTSE1 | AC131097.4 | FAM228B
7 genes,0.000520530213287906,RP11-483E7.1 | NLRX1 | CTB-32O4.2 | NAV2 | GTSE1 | AK5 | FAM228B
7 genes,0.000665262138714762,RP11-483E7.1 | NLRX1 | CTB-32O4.2 | NAV2 | AC131097.4 | AK5 | FAM228B
7 genes,0.00119668159366193,RP11-483E7.1 | NLRX1 | CTB-32O4.2 | GTSE1 | AC131097.4 | AK5 | FAM228B
7 genes,0.0737426619028821,RP11-483E7.1 | NLRX1 | NAV2 | GTSE1 | AC131097.4 | AK5 | FAM228B
7 genes,0.00198377340604616,RP11-483E7.1 | DSG1 | RP11-203J24.8 | CTB-32O4.2 | NAV2 | GTSE1 | AC131097.4
7 genes,0.00118245363809621,RP11-483E7.1 | DSG1 | RP11-203J24.8 | CTB-32O4.2 | NAV2 | GTSE1 | AK5
7 genes,0.00204750785816066,RP11-483E7.1 | DSG1 | RP11-203J24.8 | CTB-32O4.2 | NAV2 | GTSE1 | FAM228B
7 genes,0.000302804819512614,RP11-483E7.1 | DSG1 | RP11-203J24.8 | CTB-32O4.2 | NAV2 | AC131097.4 | AK5
7 genes,0.00468701539224481,RP11-483E7.1 | DSG1 | RP11-203J24.8 | CTB-32O4.2 | NAV2 | AC131097.4 | FAM228B
7 genes,0.0015104456118421,RP11-483E7.1 | DSG1 | RP11-203J24.8 | CTB-32O4.2 | NAV2 | AK5 | FAM228B
7 genes,0.00251443604105306,RP11-483E7.1 | DSG1 | RP11-203J24.8 | CTB-32O4.2 | GTSE1 | AC131097.4 | AK5
7 genes,0.00765042807847316,RP11-483E7.1 | DSG1 | RP11-203J24.8 | CTB-32O4.2 | GTSE1 | AC131097.4 | FAM228B
7 genes,0.00181460151667767,RP11-483E7.1 | DSG1 | RP11-203J24.8 | CTB-32O4.2 | GTSE1 | AK5 | FAM228B
7 genes,0.00113594545926687,RP11-483E7.1 | DSG1 | RP11-203J24.8 | CTB-32O4.2 | AC131097.4 | AK5 | FAM228B
7 genes,0.0186199582500225,RP11-483E7.1 | DSG1 | RP11-203J24.8 | NAV2 | GTSE1 | AC131097.4 | AK5
7 genes,0.00138004597986019,RP11-483E7.1 | DSG1 | RP11-203J24.8 | NAV2 | GTSE1 | AC131097.4 | FAM228B
7 genes,0.027665230819055,RP11-483E7.1 | DSG1 | RP11-203J24.8 | NAV2 | GTSE1 | AK5 | FAM228B
7 genes,0.0347781468409162,RP11-483E7.1 | DSG1 | RP11-203J24.8 | NAV2 | AC131097.4 | AK5 | FAM228B
7 genes,0.0780354321644259,RP11-483E7.1 | DSG1 | RP11-203J24.8 | GTSE1 | AC131097.4 | AK5 | FAM228B
7 genes,0.000461490149976651,RP11-483E7.1 | DSG1 | CTB-32O4.2 | NAV2 | GTSE1 | AC131097.4 | AK5
7 genes,0.000333523450677164,RP11-483E7.1 | DSG1 | CTB-32O4.2 | NAV2 | GTSE1 | AC131097.4 | FAM228B
7 genes,0.000301611777422051,RP11-483E7.1 | DSG1 | CTB-32O4.2 | NAV2 | GTSE1 | AK5 | FAM228B
7 genes,0.000520415215515602,RP11-483E7.1 | DSG1 | CTB-32O4.2 | NAV2 | AC131097.4 | AK5 | FAM228B
7 genes,0.000968775743190653,RP11-483E7.1 | DSG1 | CTB-32O4.2 | GTSE1 | AC131097.4 | AK5 | FAM228B
7 genes,0.0378520412512007,RP11-483E7.1 | DSG1 | NAV2 | GTSE1 | AC131097.4 | AK5 | FAM228B
7 genes,7.36921224906428e-05,RP11-483E7.1 | RP11-203J24.8 | CTB-32O4.2 | NAV2 | GTSE1 | AC131097.4 | AK5
7 genes,0.000999967925048639,RP11-483E7.1 | RP11-203J24.8 | CTB-32O4.2 | NAV2 | GTSE1 | AC131097.4 | FAM228B
7 genes,0.00038996025109761,RP11-483E7.1 | RP11-203J24.8 | CTB-32O4.2 | NAV2 | GTSE1 | AK5 | FAM228B
7 genes,0.000727858483718369,RP11-483E7.1 | RP11-203J24.8 | CTB-32O4.2 | NAV2 | AC131097.4 | AK5 | FAM228B
7 genes,0.000573981908886911,RP11-483E7.1 | RP11-203J24.8 | CTB-32O4.2 | GTSE1 | AC131097.4 | AK5 | FAM228B
7 genes,0.00929549860148826,RP11-483E7.1 | RP11-203J24.8 | NAV2 | GTSE1 | AC131097.4 | AK5 | FAM228B
7 genes,0.000485858338671319,RP11-483E7.1 | CTB-32O4.2 | NAV2 | GTSE1 | AC131097.4 | AK5 | FAM228B
7 genes,0.00277418683214292,NLRX1 | DSG1 | RP11-203J24.8 | CTB-32O4.2 | NAV2 | GTSE1 | AC131097.4
7 genes,0.000941707665428004,NLRX1 | DSG1 | RP11-203J24.8 | CTB-32O4.2 | NAV2 | GTSE1 | AK5
7 genes,0.0101228604331315,NLRX1 | DSG1 | RP11-203J24.8 | CTB-32O4.2 | NAV2 | GTSE1 | FAM228B
7 genes,0.000575075118758539,NLRX1 | DSG1 | RP11-203J24.8 | CTB-32O4.2 | NAV2 | AC131097.4 | AK5
7 genes,0.00330055989295497,NLRX1 | DSG1 | RP11-203J24.8 | CTB-32O4.2 | NAV2 | AC131097.4 | FAM228B
7 genes,0.00112378996266516,NLRX1 | DSG1 | RP11-203J24.8 | CTB-32O4.2 | NAV2 | AK5 | FAM228B
7 genes,0.00789282990554518,NLRX1 | DSG1 | RP11-203J24.8 | CTB-32O4.2 | GTSE1 | AC131097.4 | AK5
7 genes,0.00580328066268887,NLRX1 | DSG1 | RP11-203J24.8 | CTB-32O4.2 | GTSE1 | AC131097.4 | FAM228B
7 genes,0.0428472809863893,NLRX1 | DSG1 | RP11-203J24.8 | CTB-32O4.2 | GTSE1 | AK5 | FAM228B
7 genes,0.0208383677440203,NLRX1 | DSG1 | RP11-203J24.8 | CTB-32O4.2 | AC131097.4 | AK5 | FAM228B
7 genes,0.0100389943405401,NLRX1 | DSG1 | RP11-203J24.8 | NAV2 | GTSE1 | AC131097.4 | AK5
7 genes,0.0101859304302904,NLRX1 | DSG1 | RP11-203J24.8 | NAV2 | GTSE1 | AC131097.4 | FAM228B
7 genes,0.0122167706112191,NLRX1 | DSG1 | RP11-203J24.8 | NAV2 | GTSE1 | AK5 | FAM228B
7 genes,0.00543062616250112,NLRX1 | DSG1 | RP11-203J24.8 | NAV2 | AC131097.4 | AK5 | FAM228B
7 genes,0.00647166814527067,NLRX1 | DSG1 | RP11-203J24.8 | GTSE1 | AC131097.4 | AK5 | FAM228B
7 genes,0.00133397891109444,NLRX1 | DSG1 | CTB-32O4.2 | NAV2 | GTSE1 | AC131097.4 | AK5
7 genes,0.00115852645111081,NLRX1 | DSG1 | CTB-32O4.2 | NAV2 | GTSE1 | AC131097.4 | FAM228B
7 genes,0.00157245900417302,NLRX1 | DSG1 | CTB-32O4.2 | NAV2 | GTSE1 | AK5 | FAM228B
7 genes,0.00076799582467979,NLRX1 | DSG1 | CTB-32O4.2 | NAV2 | AC131097.4 | AK5 | FAM228B
7 genes,0.00774138817171866,NLRX1 | DSG1 | CTB-32O4.2 | GTSE1 | AC131097.4 | AK5 | FAM228B
7 genes,0.0164507194355514,NLRX1 | DSG1 | NAV2 | GTSE1 | AC131097.4 | AK5 | FAM228B
7 genes,0.00173800850424166,NLRX1 | RP11-203J24.8 | CTB-32O4.2 | NAV2 | GTSE1 | AC131097.4 | AK5
7 genes,0.00124923330612914,NLRX1 | RP11-203J24.8 | CTB-32O4.2 | NAV2 | GTSE1 | AC131097.4 | FAM228B
7 genes,0.00501493063371938,NLRX1 | RP11-203J24.8 | CTB-32O4.2 | NAV2 | GTSE1 | AK5 | FAM228B
7 genes,0.00028359692011859,NLRX1 | RP11-203J24.8 | CTB-32O4.2 | NAV2 | AC131097.4 | AK5 | FAM228B
7 genes,0.00599091697888365,NLRX1 | RP11-203J24.8 | CTB-32O4.2 | GTSE1 | AC131097.4 | AK5 | FAM228B
7 genes,0.00451478531647842,NLRX1 | RP11-203J24.8 | NAV2 | GTSE1 | AC131097.4 | AK5 | FAM228B
7 genes,0.000334534041789625,NLRX1 | CTB-32O4.2 | NAV2 | GTSE1 | AC131097.4 | AK5 | FAM228B
7 genes,0.001962307048887,DSG1 | RP11-203J24.8 | CTB-32O4.2 | NAV2 | GTSE1 | AC131097.4 | AK5
7 genes,0.00548382699289673,DSG1 | RP11-203J24.8 | CTB-32O4.2 | NAV2 | GTSE1 | AC131097.4 | FAM228B
7 genes,0.00417127707976572,DSG1 | RP11-203J24.8 | CTB-32O4.2 | NAV2 | GTSE1 | AK5 | FAM228B
7 genes,0.00809574938346935,DSG1 | RP11-203J24.8 | CTB-32O4.2 | NAV2 | AC131097.4 | AK5 | FAM228B
7 genes,0.0188581128704578,DSG1 | RP11-203J24.8 | CTB-32O4.2 | GTSE1 | AC131097.4 | AK5 | FAM228B
7 genes,0.0559372956313495,DSG1 | RP11-203J24.8 | NAV2 | GTSE1 | AC131097.4 | AK5 | FAM228B
7 genes,0.00108517314919099,DSG1 | CTB-32O4.2 | NAV2 | GTSE1 | AC131097.4 | AK5 | FAM228B
7 genes,0.000893837431115263,RP11-203J24.8 | CTB-32O4.2 | NAV2 | GTSE1 | AC131097.4 | AK5 | FAM228B
8 genes,0.000995222683051966,RP11-483E7.1 | NLRX1 | DSG1 | RP11-203J24.8 | CTB-32O4.2 | NAV2 | GTSE1 | AC131097.4
8 genes,0.00124671578010793,RP11-483E7.1 | NLRX1 | DSG1 | RP11-203J24.8 | CTB-32O4.2 | NAV2 | GTSE1 | AK5
8 genes,0.00112482763916755,RP11-483E7.1 | NLRX1 | DSG1 | RP11-203J24.8 | CTB-32O4.2 | NAV2 | GTSE1 | FAM228B
8 genes,0.000700151585302344,RP11-483E7.1 | NLRX1 | DSG1 | RP11-203J24.8 | CTB-32O4.2 | NAV2 | AC131097.4 | AK5
8 genes,0.00094350909299068,RP11-483E7.1 | NLRX1 | DSG1 | RP11-203J24.8 | CTB-32O4.2 | NAV2 | AC131097.4 | FAM228B
8 genes,0.00120411137320897,RP11-483E7.1 | NLRX1 | DSG1 | RP11-203J24.8 | CTB-32O4.2 | NAV2 | AK5 | FAM228B
8 genes,0.0043023137781617,RP11-483E7.1 | NLRX1 | DSG1 | RP11-203J24.8 | CTB-32O4.2 | GTSE1 | AC131097.4 | AK5
8 genes,0.00660499568355977,RP11-483E7.1 | NLRX1 | DSG1 | RP11-203J24.8 | CTB-32O4.2 | GTSE1 | AC131097.4 | FAM228B
8 genes,0.00517944051470476,RP11-483E7.1 | NLRX1 | DSG1 | RP11-203J24.8 | CTB-32O4.2 | GTSE1 | AK5 | FAM228B
8 genes,0.00518340525578898,RP11-483E7.1 | NLRX1 | DSG1 | RP11-203J24.8 | CTB-32O4.2 | AC131097.4 | AK5 | FAM228B
8 genes,0.00647083410042737,RP11-483E7.1 | NLRX1 | DSG1 | RP11-203J24.8 | NAV2 | GTSE1 | AC131097.4 | AK5
8 genes,0.00112634479464757,RP11-483E7.1 | NLRX1 | DSG1 | RP11-203J24.8 | NAV2 | GTSE1 | AC131097.4 | FAM228B
8 genes,0.0804805192242763,RP11-483E7.1 | NLRX1 | DSG1 | RP11-203J24.8 | NAV2 | GTSE1 | AK5 | FAM228B
8 genes,0.0148272602582858,RP11-483E7.1 | NLRX1 | DSG1 | RP11-203J24.8 | NAV2 | AC131097.4 | AK5 | FAM228B
8 genes,0.00907830928161701,RP11-483E7.1 | NLRX1 | DSG1 | RP11-203J24.8 | GTSE1 | AC131097.4 | AK5 | FAM228B
8 genes,0.000547566109959985,RP11-483E7.1 | NLRX1 | DSG1 | CTB-32O4.2 | NAV2 | GTSE1 | AC131097.4 | AK5
8 genes,0.000166538005180739,RP11-483E7.1 | NLRX1 | DSG1 | CTB-32O4.2 | NAV2 | GTSE1 | AC131097.4 | FAM228B
8 genes,0.00237866580203105,RP11-483E7.1 | NLRX1 | DSG1 | CTB-32O4.2 | NAV2 | GTSE1 | AK5 | FAM228B
8 genes,0.00138171031774492,RP11-483E7.1 | NLRX1 | DSG1 | CTB-32O4.2 | NAV2 | AC131097.4 | AK5 | FAM228B
8 genes,0.00450294155392861,RP11-483E7.1 | NLRX1 | DSG1 | CTB-32O4.2 | GTSE1 | AC131097.4 | AK5 | FAM228B
8 genes,0.0032169330114038,RP11-483E7.1 | NLRX1 | DSG1 | NAV2 | GTSE1 | AC131097.4 | AK5 | FAM228B
8 genes,0.000382594777028844,RP11-483E7.1 | NLRX1 | RP11-203J24.8 | CTB-32O4.2 | NAV2 | GTSE1 | AC131097.4 | AK5
8 genes,0.000757931868849759,RP11-483E7.1 | NLRX1 | RP11-203J24.8 | CTB-32O4.2 | NAV2 | GTSE1 | AC131097.4 | FAM228B
8 genes,0.000562727168704091,RP11-483E7.1 | NLRX1 | RP11-203J24.8 | CTB-32O4.2 | NAV2 | GTSE1 | AK5 | FAM228B
8 genes,0.00067039066906549,RP11-483E7.1 | NLRX1 | RP11-203J24.8 | CTB-32O4.2 | NAV2 | AC131097.4 | AK5 | FAM228B
8 genes,0.000373188763185706,RP11-483E7.1 | NLRX1 | RP11-203J24.8 | CTB-32O4.2 | GTSE1 | AC131097.4 | AK5 | FAM228B
8 genes,0.00591250302730661,RP11-483E7.1 | NLRX1 | RP11-203J24.8 | NAV2 | GTSE1 | AC131097.4 | AK5 | FAM228B
8 genes,0.000225841537730198,RP11-483E7.1 | NLRX1 | CTB-32O4.2 | NAV2 | GTSE1 | AC131097.4 | AK5 | FAM228B
8 genes,0.00147356303258772,RP11-483E7.1 | DSG1 | RP11-203J24.8 | CTB-32O4.2 | NAV2 | GTSE1 | AC131097.4 | AK5
8 genes,0.00204750785816066,RP11-483E7.1 | DSG1 | RP11-203J24.8 | CTB-32O4.2 | NAV2 | GTSE1 | AC131097.4 | FAM228B
8 genes,0.000711957648904749,RP11-483E7.1 | DSG1 | RP11-203J24.8 | CTB-32O4.2 | NAV2 | GTSE1 | AK5 | FAM228B
8 genes,0.00158645896919407,RP11-483E7.1 | DSG1 | RP11-203J24.8 | CTB-32O4.2 | NAV2 | AC131097.4 | AK5 | FAM228B
8 genes,0.00181460151667767,RP11-483E7.1 | DSG1 | RP11-203J24.8 | CTB-32O4.2 | GTSE1 | AC131097.4 | AK5 | FAM228B
8 genes,0.00636056170339627,RP11-483E7.1 | DSG1 | RP11-203J24.8 | NAV2 | GTSE1 | AC131097.4 | AK5 | FAM228B
8 genes,0.000454604050862173,RP11-483E7.1 | DSG1 | CTB-32O4.2 | NAV2 | GTSE1 | AC131097.4 | AK5 | FAM228B
8 genes,0.00038996025109761,RP11-483E7.1 | RP11-203J24.8 | CTB-32O4.2 | NAV2 | GTSE1 | AC131097.4 | AK5 | FAM228B
8 genes,0.000533320153933814,NLRX1 | DSG1 | RP11-203J24.8 | CTB-32O4.2 | NAV2 | GTSE1 | AC131097.4 | AK5
8 genes,0.00277418683214292,NLRX1 | DSG1 | RP11-203J24.8 | CTB-32O4.2 | NAV2 | GTSE1 | AC131097.4 | FAM228B
8 genes,0.00120667068585889,NLRX1 | DSG1 | RP11-203J24.8 | CTB-32O4.2 | NAV2 | GTSE1 | AK5 | FAM228B
8 genes,0.000532982394309545,NLRX1 | DSG1 | RP11-203J24.8 | CTB-32O4.2 | NAV2 | AC131097.4 | AK5 | FAM228B
8 genes,0.00688860066764752,NLRX1 | DSG1 | RP11-203J24.8 | CTB-32O4.2 | GTSE1 | AC131097.4 | AK5 | FAM228B
8 genes,0.022199390968578,NLRX1 | DSG1 | RP11-203J24.8 | NAV2 | GTSE1 | AC131097.4 | AK5 | FAM228B
8 genes,0.00090448116659092,NLRX1 | DSG1 | CTB-32O4.2 | NAV2 | GTSE1 | AC131097.4 | AK5 | FAM228B
8 genes,0.00124546561403316,NLRX1 | RP11-203J24.8 | CTB-32O4.2 | NAV2 | GTSE1 | AC131097.4 | AK5 | FAM228B
8 genes,0.00158958580847679,DSG1 | RP11-203J24.8 | CTB-32O4.2 | NAV2 | GTSE1 | AC131097.4 | AK5 | FAM228B
9 genes,0.00124430910341078,RP11-483E7.1 | NLRX1 | DSG1 | RP11-203J24.8 | CTB-32O4.2 | NAV2 | GTSE1 | AC131097.4 | AK5
9 genes,0.000995222683051966,RP11-483E7.1 | NLRX1 | DSG1 | RP11-203J24.8 | CTB-32O4.2 | NAV2 | GTSE1 | AC131097.4 | FAM228B
9 genes,0.000912623655118794,RP11-483E7.1 | NLRX1 | DSG1 | RP11-203J24.8 | CTB-32O4.2 | NAV2 | GTSE1 | AK5 | FAM228B
9 genes,0.00308023061834495,RP11-483E7.1 | NLRX1 | DSG1 | RP11-203J24.8 | CTB-32O4.2 | NAV2 | AC131097.4 | AK5 | FAM228B
9 genes,0.00470829010180185,RP11-483E7.1 | NLRX1 | DSG1 | RP11-203J24.8 | CTB-32O4.2 | GTSE1 | AC131097.4 | AK5 | FAM228B
9 genes,0.0233147603132462,RP11-483E7.1 | NLRX1 | DSG1 | RP11-203J24.8 | NAV2 | GTSE1 | AC131097.4 | AK5 | FAM228B
9 genes,0.00297015325370331,RP11-483E7.1 | NLRX1 | DSG1 | CTB-32O4.2 | NAV2 | GTSE1 | AC131097.4 | AK5 | FAM228B
9 genes,0.000382594777028844,RP11-483E7.1 | NLRX1 | RP11-203J24.8 | CTB-32O4.2 | NAV2 | GTSE1 | AC131097.4 | AK5 | FAM228B
9 genes,0.00103861178701325,RP11-483E7.1 | DSG1 | RP11-203J24.8 | CTB-32O4.2 | NAV2 | GTSE1 | AC131097.4 | AK5 | FAM228B
9 genes,0.000408310804127621,NLRX1 | DSG1 | RP11-203J24.8 | CTB-32O4.2 | NAV2 | GTSE1 | AC131097.4 | AK5 | FAM228B
10 genes,0.0040550650538248,RP11-483E7.1 | NLRX1 | DSG1 | RP11-203J24.8 | CTB-32O4.2 | NAV2 | GTSE1 | AC131097.4 | AK5 | FAM228B
