<?xml version="1.0" encoding="UTF-8"?>
<lihc:tcga_bcr xsi:schemaLocation="http://tcga.nci/bcr/xml/clinical/lihc/2.7 https://raw.githubusercontent.com/nchbcr/xsd/2.7/tcga.nci/bcr/xml/clinical/lihc/2.7/TCGA_BCR.LIHC_Clinical.xsd" schemaVersion="2.7" xmlns:lihc="http://tcga.nci/bcr/xml/clinical/lihc/2.7" xmlns:xsi="http://www.w3.org/2001/XMLSchema-instance" xmlns:admin="http://tcga.nci/bcr/xml/administration/2.7" xmlns:shared="http://tcga.nci/bcr/xml/shared/2.7" xmlns:clin_shared="http://tcga.nci/bcr/xml/clinical/shared/2.7" xmlns:chol_lihc_shared="http://tcga.nci/bcr/xml/clinical/shared/chol_lihc/2.7" xmlns:shared_stage="http://tcga.nci/bcr/xml/clinical/shared/stage/2.7" xmlns:lihc_nte="http://tcga.nci/bcr/xml/clinical/lihc/shared/new_tumor_event/2.7/1.0" xmlns:nte="http://tcga.nci/bcr/xml/clinical/shared/new_tumor_event/2.7" xmlns:rx="http://tcga.nci/bcr/xml/clinical/pharmaceutical/2.7" xmlns:rad="http://tcga.nci/bcr/xml/clinical/radiation/2.7" xmlns:ablation="http://tcga.nci/bcr/xml/clinical/ablation/2.7">
    <admin:admin>
        <admin:bcr xsd_ver="1.17">Nationwide Children's Hospital</admin:bcr>
        <admin:file_uuid xsd_ver="2.6">C45EF4E6-535D-43EB-BB6B-40D63ABE9166</admin:file_uuid>
        <admin:batch_number xsd_ver="1.17">303.59.0</admin:batch_number>
        <admin:project_code xsd_ver="2.7">TCGA</admin:project_code>
        <admin:disease_code xsd_ver="2.6">LIHC</admin:disease_code>
        <admin:day_of_dcc_upload xsd_ver="1.17">22</admin:day_of_dcc_upload>
        <admin:month_of_dcc_upload xsd_ver="1.17">12</admin:month_of_dcc_upload>
        <admin:year_of_dcc_upload xsd_ver="1.17">2016</admin:year_of_dcc_upload>
        <admin:patient_withdrawal>
            <admin:withdrawn>false</admin:withdrawn>
        </admin:patient_withdrawal>
        <admin:program xsi:nil="true" xsd_ver="2.7"/>
        <admin:dbgap_registration_code xsi:nil="true" xsd_ver="2.7"/>
    </admin:admin>
    <lihc:patient>
        <admin:additional_studies/>
        <shared:tissue_source_site cde="" cde_ver="" xsd_ver="2.4" owner="TSS" procurement_status="Completed" restricted="false">NI</shared:tissue_source_site>
        <shared:patient_id cde="" cde_ver="" xsd_ver="2.4" owner="TSS" procurement_status="Completed" restricted="false">A4U2</shared:patient_id>
        <shared:bcr_patient_barcode preferred_name="" display_order="9999" cde="2003301" cde_ver="" xsd_ver="1.8" owner="TSS" procurement_status="Completed" restricted="false">TCGA-NI-A4U2</shared:bcr_patient_barcode>
        <shared:bcr_patient_uuid preferred_name="" display_order="9999" cde="" cde_ver="" xsd_ver="2.3" owner="TSS" procurement_status="Completed" restricted="false">9AEA3437-572A-48C6-BEB9-9BDBCB243875</shared:bcr_patient_uuid>
        <clin_shared:informed_consent_verified preferred_name="patient_consent_status" display_order="71" cde="3288361" cde_ver="1.000" xsd_ver="2.4" tier="1" owner="TSS" procurement_status="Completed" restricted="false">YES</clin_shared:informed_consent_verified>
        <clin_shared:icd_o_3_site preferred_name="" display_order="9999" cde="3226281" cde_ver="" xsd_ver="2.4" tier="2" owner="TSS" procurement_status="Completed" restricted="false">C22.0</clin_shared:icd_o_3_site>
        <clin_shared:icd_o_3_histology preferred_name="" display_order="9999" cde="3226275" cde_ver="" xsd_ver="2.4" tier="2" owner="TSS" procurement_status="Completed" restricted="false">8170/3</clin_shared:icd_o_3_histology>
        <clin_shared:icd_10 preferred_name="" display_order="9999" cde="3226287" cde_ver="" xsd_ver="2.4" tier="2" owner="TSS" procurement_status="Completed" restricted="false">C22.0</clin_shared:icd_10>
        <clin_shared:day_of_form_completion preferred_name="form_completion_day" display_order="4" cde="2975716" cde_ver="1.000" xsd_ver="2.2" tier="2" owner="TSS" procurement_status="Completed" restricted="false">28</clin_shared:day_of_form_completion>
        <clin_shared:month_of_form_completion preferred_name="form_completion_month" display_order="3" cde="2975718" cde_ver="1.000" xsd_ver="2.2" tier="2" owner="TSS" procurement_status="Completed" restricted="false">6</clin_shared:month_of_form_completion>
        <clin_shared:year_of_form_completion preferred_name="form_completion_year" display_order="5" cde="2975720" cde_ver="1.000" xsd_ver="2.2" tier="2" owner="TSS" procurement_status="Completed" restricted="false">2013</clin_shared:year_of_form_completion>
        <clin_shared:tissue_prospective_collection_indicator preferred_name="prospective_collection" display_order="4" cde="3088492" cde_ver="1.000" xsd_ver="2.3" tier="2" owner="TSS" procurement_status="Completed" restricted="false" source_system_identifier="2676335">NO</clin_shared:tissue_prospective_collection_indicator>
        <clin_shared:tissue_retrospective_collection_indicator preferred_name="retrospective_collection" display_order="5" cde="3088528" cde_ver="1.000" xsd_ver="2.3" tier="2" owner="TSS" procurement_status="Completed" restricted="false" source_system_identifier="2676336">YES</clin_shared:tissue_retrospective_collection_indicator>
        <clin_shared:days_to_birth precision="day" xsd_ver="1.12" tier="1" cde="3008233" owner="TSS" procurement_status="Completed" preferred_name="birth_days_to" display_order="999" cde_ver="1.000">-26011</clin_shared:days_to_birth>
        <shared:gender preferred_name="gender" display_order="10" cde="2200604" cde_ver="3.000" xsd_ver="1.8" tier="1" owner="TSS" procurement_status="Completed" restricted="false" source_system_identifier="2676345">MALE</shared:gender>
        <clin_shared:height preferred_name="height_cm_at_diagnosis" display_order="11" cde="649" cde_ver="4.100" xsd_ver="2.2" tier="2" owner="TSS" procurement_status="Completed" restricted="false" source_system_identifier="2676346">171</clin_shared:height>
        <clin_shared:weight preferred_name="weight_kg_at_diagnosis" display_order="12" cde="651" cde_ver="4.000" xsd_ver="2.2" tier="2" owner="TSS" procurement_status="Completed" restricted="false" source_system_identifier="2676347">82</clin_shared:weight>
        <clin_shared:race_list>
            <clin_shared:race preferred_name="race" display_order="13" cde="2192199" cde_ver="1.000" xsd_ver="1.8" tier="2" owner="TSS" procurement_status="Completed" restricted="false" source_system_identifier="2676348">WHITE</clin_shared:race>
        </clin_shared:race_list>
        <clin_shared:ethnicity preferred_name="ethnicity" display_order="14" cde="2192217" cde_ver="2.000" xsd_ver="1.9" tier="2" owner="TSS" procurement_status="Completed" restricted="false" source_system_identifier="2676349">NOT HISPANIC OR LATINO</clin_shared:ethnicity>
        <shared:other_dx preferred_name="history_other_malignancy" display_order="15" cde="3382736" cde_ver="2.000" xsd_ver="2.5" tier="1" owner="TSS" procurement_status="Completed" restricted="false" source_system_identifier="2676350">No</shared:other_dx>
        <shared:history_of_neoadjuvant_treatment preferred_name="history_neoadjuvant_treatment" display_order="16" cde="3382737" cde_ver="1.000" xsd_ver="2.4" tier="1" owner="TSS" procurement_status="Completed" restricted="false" source_system_identifier="2676351">No</shared:history_of_neoadjuvant_treatment>
        <clin_shared:vital_status preferred_name="vital_status" display_order="18" cde="5" cde_ver="5.000" xsd_ver="2.6" tier="2" owner="TSS" procurement_status="Completed" restricted="false" source_system_identifier="2676353">Dead</clin_shared:vital_status>
        <clin_shared:days_to_last_followup precision="day" xsd_ver="1.12" tier="1" cde="3008273" owner="TSS" procurement_status="Not Available" preferred_name="last_contact_days_to" display_order="999" cde_ver="1.000"/>
        <clin_shared:days_to_last_known_alive precision="day" xsd_ver="2.1" tier="2" cde="" owner="TSS" procurement_status="Not Available" preferred_name="" display_order="9999" cde_ver=""/>
        <clin_shared:days_to_death precision="day" xsd_ver="1.12" tier="1" cde="3165475" owner="TSS" procurement_status="Completed" preferred_name="death_days_to" display_order="999" cde_ver="1.000">1791</clin_shared:days_to_death>
        <clin_shared:person_neoplasm_cancer_status preferred_name="tumor_status" display_order="17" cde="2759550" cde_ver="1.000" xsd_ver="1.9" tier="2" owner="TSS" procurement_status="Completed" restricted="false" source_system_identifier="2676352">WITH TUMOR</clin_shared:person_neoplasm_cancer_status>
        <clin_shared:relative_family_cancer_history preferred_name="family_history_cancer_indicator" display_order="27" cde="2691192" cde_ver="1.000" xsd_ver="2.4" tier="2" owner="TSS" procurement_status="Completed" restricted="false" source_system_identifier="2676362">YES</clin_shared:relative_family_cancer_history>
        <clin_shared:cancer_first_degree_relative preferred_name="family_history_cancer_number_relatives" display_order="28" cde="3171640" cde_ver="1.000" xsd_ver="2.4" tier="2" owner="TSS" procurement_status="Completed" restricted="false" source_system_identifier="2676363">3</clin_shared:cancer_first_degree_relative>
        <lihc:history_hepato_carcinoma_risk_factors>
            <chol_lihc_shared:hist_hepato_carc_fact preferred_name="history_hepato_carcinoma_risk_factors" display_order="29" cde="3171846" cde_ver="1.000" xsd_ver="2.4" tier="1" owner="TSS" procurement_status="Completed" restricted="false" source_system_identifier="2676364">Alcohol consumption</chol_lihc_shared:hist_hepato_carc_fact>
            <chol_lihc_shared:hist_hepato_carcinoma_risk preferred_name="other_hepato_carcinoma_risk_factors" display_order="30" cde="3171859" cde_ver="1.000" xsd_ver="2.4" tier="1" owner="TSS" procurement_status="Not Available" restricted="false" source_system_identifier="2676365"/>
        </lihc:history_hepato_carcinoma_risk_factors>
        <clin_shared:radiation_therapy preferred_name="radiation_treatment_adjuvant" display_order="32" cde="2005312" cde_ver="4.000" xsd_ver="1.9" tier="1" owner="TSS" procurement_status="Completed" restricted="false" source_system_identifier="2676366">NO</clin_shared:radiation_therapy>
        <clin_shared:postoperative_rx_tx preferred_name="pharmaceutical_tx_adjuvant" display_order="33" cde="3397567" cde_ver="1.000" xsd_ver="2.5" tier="1" owner="TSS" procurement_status="Completed" restricted="false" source_system_identifier="2676367">NO</clin_shared:postoperative_rx_tx>
        <clin_shared:post_op_ablation_embolization_tx preferred_name="ablation_embolization_tx_adjuvant" display_order="34" cde="3172120" cde_ver="1.000" xsd_ver="2.6" tier="2" owner="TSS" procurement_status="Completed" restricted="false" source_system_identifier="2676368">NO</clin_shared:post_op_ablation_embolization_tx>
        <clin_shared:tumor_tissue_site preferred_name="submitted_tumor_site" display_order="9999" cde="3427536" cde_ver="2.000" xsd_ver="2.6" tier="2" owner="TSS" procurement_status="Completed" restricted="false" source_system_identifier="2676440">Liver</clin_shared:tumor_tissue_site>
        <shared:histological_type preferred_name="histologic_diagnosis" display_order="36" cde="3081934" cde_ver="3.000" xsd_ver="2.5" tier="1" owner="TSS" procurement_status="Completed" restricted="false" source_system_identifier="2676441">Hepatocellular Carcinoma</shared:histological_type>
        <chol_lihc_shared:specimen_collection_method_name preferred_name="definitive_surgical_procedure" display_order="37" cde="3131309" cde_ver="1.000" xsd_ver="2.4" tier="2" owner="TSS" procurement_status="Completed" restricted="false" source_system_identifier="2676442">Lobectomy</chol_lihc_shared:specimen_collection_method_name>
        <clin_shared:history_prior_surgery_type_other preferred_name="surgical_procedure_other" display_order="38" cde="3121814" cde_ver="1.000" xsd_ver="2.6" tier="2" owner="TSS" procurement_status="Not Applicable" restricted="false" source_system_identifier="2676443" xsi:nil="true"/>
        <shared:neoplasm_histologic_grade preferred_name="tumor_grade" display_order="43" cde="2785839" cde_ver="2.000" xsd_ver="2.5" tier="1" owner="TSS" procurement_status="Completed" restricted="false" source_system_identifier="2676448">G1</shared:neoplasm_histologic_grade>
        <clin_shared:residual_tumor preferred_name="residual_tumor" display_order="44" cde="2608702" cde_ver="2.000" xsd_ver="2.5" tier="2" owner="TSS" procurement_status="Completed" restricted="false" source_system_identifier="2676449">R0</clin_shared:residual_tumor>
        <shared_stage:stage_event system="AJCC">
            <shared_stage:system_version preferred_name="ajcc_staging_edition" display_order="45" cde="2722309" cde_ver="1.000" xsd_ver="2.6" tier="1" owner="TSS" procurement_status="Completed" restricted="false" source_system_identifier="2676450">6th</shared_stage:system_version>
            <shared_stage:clinical_stage preferred_name="ajcc_clinical_tumor_stage" display_order="9999" cde="3440332" cde_ver="1.000" xsd_ver="2.6" tier="2" owner="TSS" procurement_status="Not Applicable" restricted="false"/>
            <shared_stage:pathologic_stage preferred_name="ajcc_pathologic_tumor_stage" display_order="49" cde="3203222" cde_ver="1.000" xsd_ver="2.6" tier="1" owner="TSS" procurement_status="Completed" restricted="false" source_system_identifier="2676454">Stage IIIA</shared_stage:pathologic_stage>
            <shared_stage:tnm_categories>
                <shared_stage:clinical_categories>
                    <shared_stage:clinical_T preferred_name="ajcc_tumor_clinical_ct" display_order="9999" cde="3440328" cde_ver="1.000" xsd_ver="2.6" tier="2" owner="TSS" procurement_status="Not Applicable" restricted="false"/>
                    <shared_stage:clinical_N preferred_name="ajcc_nodes_clinical_cn" display_order="9999" cde="3440330" cde_ver="1.000" xsd_ver="2.6" tier="2" owner="TSS" procurement_status="Not Applicable" restricted="false"/>
                    <shared_stage:clinical_M preferred_name="ajcc_metastasis_clinical_cm" display_order="9999" cde="3440331" cde_ver="1.000" xsd_ver="2.6" tier="2" owner="TSS" procurement_status="Not Applicable" restricted="false"/>
                </shared_stage:clinical_categories>
                <shared_stage:pathologic_categories>
                    <shared_stage:pathologic_T preferred_name="ajcc_tumor_pathologic_pt" display_order="46" cde="3045435" cde_ver="1.000" xsd_ver="2.6" tier="1" owner="TSS" procurement_status="Completed" restricted="false" source_system_identifier="2676451">T3</shared_stage:pathologic_T>
                    <shared_stage:pathologic_N preferred_name="ajcc_nodes_pathologic_pn" display_order="47" cde="3203106" cde_ver="1.000" xsd_ver="2.6" tier="1" owner="TSS" procurement_status="Completed" restricted="false" source_system_identifier="2676452">NX</shared_stage:pathologic_N>
                    <shared_stage:pathologic_M preferred_name="ajcc_metastasis_pathologic_pm" display_order="48" cde="3045439" cde_ver="1.000" xsd_ver="2.6" tier="1" owner="TSS" procurement_status="Completed" restricted="false" source_system_identifier="2676453">MX</shared_stage:pathologic_M>
                </shared_stage:pathologic_categories>
            </shared_stage:tnm_categories>
            <shared_stage:psa>
                <shared_stage:psa_value preferred_name="psa_most_recent_results" display_order="9999" cde="3351903" cde_ver="1.000" xsd_ver="2.6" tier="2" owner="TSS" procurement_status="Not Applicable" restricted="false"/>
                <shared_stage:days_to_psa precision="day" xsd_ver="2.6" tier="2" cde="3414608" owner="TSS" procurement_status="Not Applicable" preferred_name="days_to_psa_most_recent" display_order="9999" cde_ver="1.000"/>
            </shared_stage:psa>
            <shared_stage:gleason_grading>
                <shared_stage:gleason_score preferred_name="gleason_score" display_order="9999" cde="2534619" cde_ver="1.000" xsd_ver="2.6" tier="2" owner="TSS" procurement_status="Not Applicable" restricted="false"/>
                <shared_stage:primary_pattern preferred_name="gleason_pattern_primary" display_order="9999" cde="2534617" cde_ver="1.000" xsd_ver="2.6" tier="2" owner="TSS" procurement_status="Not Applicable" restricted="false"/>
                <shared_stage:secondary_pattern preferred_name="gleason_pattern_secondary" display_order="9999" cde="2534618" cde_ver="1.000" xsd_ver="2.6" tier="2" owner="TSS" procurement_status="Not Applicable" restricted="false"/>
                <shared_stage:tertiary_pattern preferred_name="gleason_pattern_tertiary" display_order="9999" cde="2783875" cde_ver="1.000" xsd_ver="2.6" tier="2" owner="TSS" procurement_status="Not Applicable" restricted="false"/>
            </shared_stage:gleason_grading>
            <shared_stage:ann_arbor>
                <shared_stage:b_symptoms preferred_name="b_symptoms_present_indicator" display_order="9999" cde="2902402" cde_ver="1.000" xsd_ver="2.6" tier="2" owner="TSS" procurement_status="Not Applicable" restricted="false"/>
                <shared_stage:extranodal_involvement preferred_name="extranodal_lymphomatous_involvement" display_order="9999" cde="3364582" cde_ver="1.000" xsd_ver="2.6" tier="2" owner="TSS" procurement_status="Not Applicable" restricted="false"/>
            </shared_stage:ann_arbor>
            <shared_stage:serum_markers preferred_name="" display_order="9999" cde="3901772" cde_ver="1.000" xsd_ver="2.6" tier="2" owner="TSS" procurement_status="Not Applicable" restricted="false"/>
            <shared_stage:igcccg_stage preferred_name="" display_order="9999" cde="3901822" cde_ver="1.000" xsd_ver="2.6" tier="2" owner="TSS" procurement_status="Not Applicable" restricted="false"/>
            <shared_stage:masaoka_stage preferred_name="" display_order="9999" cde="3952848" cde_ver="" xsd_ver="2.6" tier="2" owner="TSS" procurement_status="Not Applicable" restricted="false"/>
        </shared_stage:stage_event>
        <chol_lihc_shared:vascular_tumor_cell_type preferred_name="vascular_invasion" display_order="50" cde="3168001" cde_ver="1.000" xsd_ver="2.4" tier="2" owner="TSS" procurement_status="Completed" restricted="false" source_system_identifier="2676455">None</chol_lihc_shared:vascular_tumor_cell_type>
        <chol_lihc_shared:child_pugh_classification_grade preferred_name="child_pugh_classification" display_order="51" cde="2931791" cde_ver="1.000" xsd_ver="2.4" tier="2" owner="TSS" procurement_status="Unknown" restricted="false" source_system_identifier="2676456"/>
        <chol_lihc_shared:fetoprotein_outcome_value preferred_name="alpha_fetoprotien_at_procurement" display_order="52" cde="2932074" cde_ver="2.000" xsd_ver="2.4" tier="2" owner="TSS" procurement_status="Completed" restricted="false" source_system_identifier="2676457">5</chol_lihc_shared:fetoprotein_outcome_value>
        <chol_lihc_shared:fetoprotein_outcome_lower_limit preferred_name="alpha_fetoprotien_norm_range_lower" display_order="53" cde="3171861" cde_ver="1.000" xsd_ver="2.4" tier="2" owner="TSS" procurement_status="Not Available" restricted="false" source_system_identifier="2676458"/>
        <chol_lihc_shared:fetoprotein_outcome_upper_limit preferred_name="alpha_fetoprotien_norm_range_upper" display_order="54" cde="2932064" cde_ver="1.000" xsd_ver="2.4" tier="2" owner="TSS" procurement_status="Not Available" restricted="false" source_system_identifier="2676459"/>
        <clin_shared:platelet_result_count preferred_name="platelet_count_preresection" display_order="55" cde="58304" cde_ver="4.000" xsd_ver="2.4" tier="2" owner="TSS" procurement_status="Completed" restricted="false" source_system_identifier="2676460">299</clin_shared:platelet_result_count>
        <chol_lihc_shared:platelet_result_lower_limit preferred_name="platelet_norm_range_lower" display_order="56" cde="2003885" cde_ver="4.000" xsd_ver="2.4" tier="2" owner="TSS" procurement_status="Not Available" restricted="false" source_system_identifier="2676461"/>
        <chol_lihc_shared:platelet_result_upper_limit preferred_name="platelet_norm_range_upper" display_order="57" cde="2596499" cde_ver="1.000" xsd_ver="2.4" tier="2" owner="TSS" procurement_status="Not Available" restricted="false" source_system_identifier="2676462"/>
        <chol_lihc_shared:prothrombin_time_result_value preferred_name="prothrombin_time_INR_at_procurement" display_order="58" cde="2459694" cde_ver="1.000" xsd_ver="2.4" tier="2" owner="TSS" procurement_status="Completed" restricted="false" source_system_identifier="2676463">1.0</chol_lihc_shared:prothrombin_time_result_value>
        <chol_lihc_shared:inter_norm_ratio_lower_limit preferred_name="prothrom_time_INR_norm_range_lower" display_order="59" cde="2799755" cde_ver="1.000" xsd_ver="2.4" tier="2" owner="TSS" procurement_status="Not Available" restricted="false" source_system_identifier="2676464"/>
        <chol_lihc_shared:intern_norm_ratio_upper_limit preferred_name="prothrombin_time_norm_range_upper" display_order="60" cde="3171875" cde_ver="1.000" xsd_ver="2.4" tier="2" owner="TSS" procurement_status="Not Available" restricted="false" source_system_identifier="2676465"/>
        <chol_lihc_shared:albumin_result_specified_value preferred_name="serum_albumin_preresection" display_order="61" cde="58274" cde_ver="4.000" xsd_ver="2.4" tier="2" owner="TSS" procurement_status="Not Available" restricted="false" source_system_identifier="2676466"/>
        <chol_lihc_shared:albumin_result_lower_limit preferred_name="serum_albumin_norm_range_lower" display_order="62" cde="2004085" cde_ver="3.000" xsd_ver="2.4" tier="2" owner="TSS" procurement_status="Not Available" restricted="false" source_system_identifier="2676467"/>
        <chol_lihc_shared:albumin_result_upper_limit preferred_name="serum_albumin_norm_range_upper" display_order="63" cde="2004086" cde_ver="3.000" xsd_ver="2.4" tier="2" owner="TSS" procurement_status="Not Available" restricted="false" source_system_identifier="2676468"/>
        <chol_lihc_shared:bilirubin_upper_limit preferred_name="bilirubin_total" display_order="66" cde="2003891" cde_ver="4.000" xsd_ver="2.4" tier="2" owner="TSS" procurement_status="Not Available" restricted="false" source_system_identifier="2676469"/>
        <chol_lihc_shared:bilirubin_lower_limit preferred_name="bilirubin_total_norm_range_lower" display_order="65" cde="2718241" cde_ver="1.100" xsd_ver="2.4" tier="2" owner="TSS" procurement_status="Not Available" restricted="false" source_system_identifier="2676470"/>
        <chol_lihc_shared:total_bilirubin_upper_limit preferred_name="bilirubin_total_norm_range_upper" display_order="64" cde="2004060" cde_ver="3.100" xsd_ver="2.4" tier="2" owner="TSS" procurement_status="Not Available" restricted="false" source_system_identifier="2676471"/>
        <chol_lihc_shared:creatinine_value_in_mg_dl preferred_name="creatinine_level_preresection" display_order="67" cde="2655822" cde_ver="1.000" xsd_ver="2.4" tier="2" owner="TSS" procurement_status="Completed" restricted="false" source_system_identifier="2676472">0.8</chol_lihc_shared:creatinine_value_in_mg_dl>
        <chol_lihc_shared:creatinine_lower_level preferred_name="creatinine_norm_range_lower" display_order="68" cde="2634934" cde_ver="1.000" xsd_ver="2.4" tier="2" owner="TSS" procurement_status="Not Available" restricted="false" source_system_identifier="2676473"/>
        <chol_lihc_shared:creatinine_upper_limit preferred_name="creatinine_norm_range_upper" display_order="69" cde="2183392" cde_ver="1.000" xsd_ver="2.4" tier="2" owner="TSS" procurement_status="Not Available" restricted="false" source_system_identifier="2676474"/>
        <chol_lihc_shared:fibrosis_ishak_score preferred_name="ishak_fibrosis_score" display_order="70" cde="3182621" cde_ver="1.000" xsd_ver="2.4" tier="2" owner="TSS" procurement_status="Completed" restricted="false" source_system_identifier="2676475">1,2 - Portal Fibrosis</chol_lihc_shared:fibrosis_ishak_score>
        <lihc:adjacent_hepatic_tissue_inflammation_extent_type preferred_name="hepatic_inflammation_adj_tissue" display_order="71" cde="3173974" cde_ver="1.000" xsd_ver="2.4" tier="2" owner="TSS" procurement_status="Completed" restricted="false" source_system_identifier="2676476">None</lihc:adjacent_hepatic_tissue_inflammation_extent_type>
        <clin_shared:eastern_cancer_oncology_group preferred_name="ecog_score" display_order="72" cde="88" cde_ver="5.100" xsd_ver="1.9" tier="2" owner="TSS" procurement_status="Completed" restricted="false" source_system_identifier="2676477">0</clin_shared:eastern_cancer_oncology_group>
        <clin_shared:viral_hepatitis_serologies>
            <clin_shared:viral_hepatitis_serology preferred_name="" display_order="31" cde="4395982" cde_ver="" xsd_ver="2.6" tier="2" owner="TSS" procurement_status="Unknown" restricted="false" source_system_identifier="3877713"/>
        </clin_shared:viral_hepatitis_serologies>
        <clin_shared:days_to_initial_pathologic_diagnosis precision="day" xsd_ver="1.12" tier="2" cde="3131740" owner="TSS" procurement_status="Completed" preferred_name="initial_pathologic_dx_days_to" display_order="9999" cde_ver="1.000">0</clin_shared:days_to_initial_pathologic_diagnosis>
        <clin_shared:age_at_initial_pathologic_diagnosis precision="day" xsd_ver="1.12" tier="2" cde="2006657" owner="TSS" procurement_status="Completed">71</clin_shared:age_at_initial_pathologic_diagnosis>
        <clin_shared:year_of_initial_pathologic_diagnosis preferred_name="initial_pathologic_dx_year" display_order="9999" cde="2896960" cde_ver="1.000" xsd_ver="1.12" tier="2" owner="TSS" procurement_status="Completed" restricted="false" source_system_identifier="2676446">2005</clin_shared:year_of_initial_pathologic_diagnosis>
        <lihc_nte:new_tumor_events>
            <nte:new_tumor_event_after_initial_treatment preferred_name="new_tumor_event_dx_indicator" display_order="73" cde="3121376" cde_ver="1.000" xsd_ver="2.5" tier="1" owner="TSS" procurement_status="Completed" restricted="false" source_system_identifier="2676904">YES</nte:new_tumor_event_after_initial_treatment>
            <lihc_nte:new_tumor_event>
                <nte:days_to_new_tumor_event_after_initial_treatment precision="day" xsd_ver="2.2" tier="1" cde="3392464" owner="TSS" procurement_status="Completed" preferred_name="new_tumor_event_dx_days_to" display_order="80" cde_ver="1.000">106</nte:days_to_new_tumor_event_after_initial_treatment>
                <nte:new_neoplasm_event_type preferred_name="new_tumor_event_type" display_order="74" cde="3119721" cde_ver="1.000" xsd_ver="2.5" tier="2" owner="TSS" procurement_status="Completed" restricted="false" source_system_identifier="2676905">Locoregional Recurrence</nte:new_neoplasm_event_type>
                <nte:new_neoplasm_event_occurrence_anatomic_site preferred_name="new_tumor_event_site" display_order="75" cde="3108271" cde_ver="2.000" xsd_ver="2.5" tier="2" owner="TSS" procurement_status="Completed" restricted="false" source_system_identifier="2676906">Liver</nte:new_neoplasm_event_occurrence_anatomic_site>
                <nte:new_neoplasm_occurrence_anatomic_site_text preferred_name="new_tumor_event_site_other" display_order="76" cde="3128033" cde_ver="1.000" xsd_ver="2.5" tier="2" owner="TSS" procurement_status="Not Applicable" restricted="false" source_system_identifier="2676907" xsi:nil="true"/>
                <lihc_nte:new_tumor_event_liver_transplant preferred_name="new_tumor_event_liver_transplant" display_order="81" cde="3168060" cde_ver="1.000" xsd_ver="2.5" tier="2" owner="TSS" procurement_status="Completed" restricted="false" source_system_identifier="2676912">No</lihc_nte:new_tumor_event_liver_transplant>
                <lihc_nte:days_to_new_tumor_event_transplant precision="day" xsd_ver="2.5" tier="2" cde="3008335" owner="TSS" procurement_status="Not Available" preferred_name="new_tumor_event_surgery_days_to" display_order="90" cde_ver="1.000"/>
                <nte:new_tumor_event_additional_surgery_procedure preferred_name="new_tumor_event_surgery" display_order="31" cde="3427611" cde_ver="1.000" xsd_ver="2.5" tier="2" owner="TSS" procurement_status="Completed" restricted="false" source_system_identifier="2676917">NO</nte:new_tumor_event_additional_surgery_procedure>
                <nte:days_to_new_tumor_event_additional_surgery_procedure precision="day" xsd_ver="2.5" tier="2" cde="3008335" owner="TSS" procurement_status="Not Available" preferred_name="new_tumor_event_surgery_days_to" display_order="90" cde_ver="1.000"/>
                <nte:residual_disease_post_new_tumor_event_margin_status preferred_name="new_tumor_event_residual_tumor" display_order="9999" cde="3008753" cde_ver="2.000" xsd_ver="2.3" tier="2" owner="TSS" procurement_status="Not Available" restricted="false" source_system_identifier="2676922"/>
                <nte:additional_radiation_therapy preferred_name="new_tumor_event_radiation_tx" display_order="37" cde="3427615" cde_ver="1.000" xsd_ver="2.5" tier="2" owner="TSS" procurement_status="Completed" restricted="false" source_system_identifier="2676923">YES</nte:additional_radiation_therapy>
                <nte:additional_pharmaceutical_therapy preferred_name="new_tumor_event_pharmaceutical_tx" display_order="38" cde="3427616" cde_ver="1.000" xsd_ver="2.5" tier="2" owner="TSS" procurement_status="Completed" restricted="false" source_system_identifier="2676924">NO</nte:additional_pharmaceutical_therapy>
                <lihc_nte:new_tumor_event_ablation_embo_tx preferred_name="new_tumor_event_ablation_embo_tx" display_order="94" cde="3173961" cde_ver="1.000" xsd_ver="2.5" tier="2" owner="TSS" procurement_status="Completed" restricted="false" source_system_identifier="2676925">Yes</lihc_nte:new_tumor_event_ablation_embo_tx>
            </lihc_nte:new_tumor_event>
            <lihc_nte:new_tumor_event>
                <nte:days_to_new_tumor_event_after_initial_treatment precision="day" xsd_ver="2.2" tier="1" cde="3392464" owner="TSS" procurement_status="Completed" preferred_name="new_tumor_event_dx_days_to" display_order="80" cde_ver="1.000">939</nte:days_to_new_tumor_event_after_initial_treatment>
                <nte:new_neoplasm_event_type preferred_name="new_tumor_event_type" display_order="74" cde="3119721" cde_ver="1.000" xsd_ver="2.5" tier="2" owner="TSS" procurement_status="Completed" restricted="false" source_system_identifier="2676926">Locoregional Recurrence</nte:new_neoplasm_event_type>
                <nte:new_neoplasm_event_occurrence_anatomic_site preferred_name="new_tumor_event_site" display_order="75" cde="3108271" cde_ver="2.000" xsd_ver="2.5" tier="2" owner="TSS" procurement_status="Completed" restricted="false" source_system_identifier="2676927">Liver</nte:new_neoplasm_event_occurrence_anatomic_site>
                <nte:new_neoplasm_occurrence_anatomic_site_text preferred_name="new_tumor_event_site_other" display_order="76" cde="3128033" cde_ver="1.000" xsd_ver="2.5" tier="2" owner="TSS" procurement_status="Not Applicable" restricted="false" source_system_identifier="2676928" xsi:nil="true"/>
                <lihc_nte:new_tumor_event_liver_transplant preferred_name="new_tumor_event_liver_transplant" display_order="81" cde="3168060" cde_ver="1.000" xsd_ver="2.5" tier="2" owner="TSS" procurement_status="Completed" restricted="false" source_system_identifier="2676933">No</lihc_nte:new_tumor_event_liver_transplant>
                <lihc_nte:days_to_new_tumor_event_transplant precision="day" xsd_ver="2.5" tier="2" cde="3008335" owner="TSS" procurement_status="Not Available" preferred_name="new_tumor_event_surgery_days_to" display_order="90" cde_ver="1.000"/>
                <nte:new_tumor_event_additional_surgery_procedure preferred_name="new_tumor_event_surgery" display_order="31" cde="3427611" cde_ver="1.000" xsd_ver="2.5" tier="2" owner="TSS" procurement_status="Completed" restricted="false" source_system_identifier="2676938">NO</nte:new_tumor_event_additional_surgery_procedure>
                <nte:days_to_new_tumor_event_additional_surgery_procedure precision="day" xsd_ver="2.5" tier="2" cde="3008335" owner="TSS" procurement_status="Not Available" preferred_name="new_tumor_event_surgery_days_to" display_order="90" cde_ver="1.000"/>
                <nte:residual_disease_post_new_tumor_event_margin_status preferred_name="new_tumor_event_residual_tumor" display_order="9999" cde="3008753" cde_ver="2.000" xsd_ver="2.3" tier="2" owner="TSS" procurement_status="Not Available" restricted="false" source_system_identifier="2676943"/>
                <nte:additional_radiation_therapy preferred_name="new_tumor_event_radiation_tx" display_order="37" cde="3427615" cde_ver="1.000" xsd_ver="2.5" tier="2" owner="TSS" procurement_status="Completed" restricted="false" source_system_identifier="2676944">NO</nte:additional_radiation_therapy>
                <nte:additional_pharmaceutical_therapy preferred_name="new_tumor_event_pharmaceutical_tx" display_order="38" cde="3427616" cde_ver="1.000" xsd_ver="2.5" tier="2" owner="TSS" procurement_status="Completed" restricted="false" source_system_identifier="2676945">YES</nte:additional_pharmaceutical_therapy>
                <lihc_nte:new_tumor_event_ablation_embo_tx preferred_name="new_tumor_event_ablation_embo_tx" display_order="94" cde="3173961" cde_ver="1.000" xsd_ver="2.5" tier="2" owner="TSS" procurement_status="Completed" restricted="false" source_system_identifier="2676946">Yes</lihc_nte:new_tumor_event_ablation_embo_tx>
            </lihc_nte:new_tumor_event>
            <lihc_nte:new_tumor_event>
                <nte:days_to_new_tumor_event_after_initial_treatment precision="day" xsd_ver="2.2" tier="1" cde="3392464" owner="TSS" procurement_status="Completed" preferred_name="new_tumor_event_dx_days_to" display_order="80" cde_ver="1.000">1285</nte:days_to_new_tumor_event_after_initial_treatment>
                <nte:new_neoplasm_event_type preferred_name="new_tumor_event_type" display_order="74" cde="3119721" cde_ver="1.000" xsd_ver="2.5" tier="2" owner="TSS" procurement_status="Completed" restricted="false" source_system_identifier="2676947">Extrahepatic Recurrence</nte:new_neoplasm_event_type>
                <nte:new_neoplasm_event_occurrence_anatomic_site preferred_name="new_tumor_event_site" display_order="75" cde="3108271" cde_ver="2.000" xsd_ver="2.5" tier="2" owner="TSS" procurement_status="Completed" restricted="false" source_system_identifier="2676948">Other, specify</nte:new_neoplasm_event_occurrence_anatomic_site>
                <nte:new_neoplasm_occurrence_anatomic_site_text preferred_name="new_tumor_event_site_other" display_order="76" cde="3128033" cde_ver="1.000" xsd_ver="2.5" tier="2" owner="TSS" procurement_status="Completed" restricted="false" source_system_identifier="2676949">Small Bowel</nte:new_neoplasm_occurrence_anatomic_site_text>
                <lihc_nte:new_tumor_event_liver_transplant preferred_name="new_tumor_event_liver_transplant" display_order="81" cde="3168060" cde_ver="1.000" xsd_ver="2.5" tier="2" owner="TSS" procurement_status="Completed" restricted="false" source_system_identifier="2676954">No</lihc_nte:new_tumor_event_liver_transplant>
                <lihc_nte:days_to_new_tumor_event_transplant precision="day" xsd_ver="2.5" tier="2" cde="3008335" owner="TSS" procurement_status="Not Available" preferred_name="new_tumor_event_surgery_days_to" display_order="90" cde_ver="1.000"/>
                <nte:new_tumor_event_additional_surgery_procedure preferred_name="new_tumor_event_surgery" display_order="31" cde="3427611" cde_ver="1.000" xsd_ver="2.5" tier="2" owner="TSS" procurement_status="Completed" restricted="false" source_system_identifier="2676959">YES</nte:new_tumor_event_additional_surgery_procedure>
                <nte:days_to_new_tumor_event_additional_surgery_procedure precision="day" xsd_ver="2.5" tier="2" cde="3008335" owner="TSS" procurement_status="Completed" preferred_name="new_tumor_event_surgery_days_to" display_order="90" cde_ver="1.000">1305</nte:days_to_new_tumor_event_additional_surgery_procedure>
                <nte:residual_disease_post_new_tumor_event_margin_status preferred_name="new_tumor_event_residual_tumor" display_order="9999" cde="3008753" cde_ver="2.000" xsd_ver="2.3" tier="2" owner="TSS" procurement_status="Not Available" restricted="false" source_system_identifier="2676964"/>
                <nte:additional_radiation_therapy preferred_name="new_tumor_event_radiation_tx" display_order="37" cde="3427615" cde_ver="1.000" xsd_ver="2.5" tier="2" owner="TSS" procurement_status="Completed" restricted="false" source_system_identifier="2676965">NO</nte:additional_radiation_therapy>
                <nte:additional_pharmaceutical_therapy preferred_name="new_tumor_event_pharmaceutical_tx" display_order="38" cde="3427616" cde_ver="1.000" xsd_ver="2.5" tier="2" owner="TSS" procurement_status="Completed" restricted="false" source_system_identifier="2676966">YES</nte:additional_pharmaceutical_therapy>
                <lihc_nte:new_tumor_event_ablation_embo_tx preferred_name="new_tumor_event_ablation_embo_tx" display_order="94" cde="3173961" cde_ver="1.000" xsd_ver="2.5" tier="2" owner="TSS" procurement_status="Completed" restricted="false" source_system_identifier="2676967">No</lihc_nte:new_tumor_event_ablation_embo_tx>
            </lihc_nte:new_tumor_event>
        </lihc_nte:new_tumor_events>
        <lihc:follow_ups/>
        <rx:drugs/>
        <rad:radiations/>
        <ablation:ablations/>
    </lihc:patient>
</lihc:tcga_bcr>