<?xml version="1.0"?>
<!DOCTYPE pathway SYSTEM "https://www.kegg.jp/kegg/xml/KGML_v0.7.2_.dtd">
<!-- Creation date: Jun 7, 2021 10:02:45 +0900 (GMT+9) -->
<pathway name="path:hsa03040" org="hsa" number="03040"
         title="Spliceosome"
         image="https://www.kegg.jp/kegg/pathway/hsa/hsa03040.png"
         link="https://www.kegg.jp/kegg-bin/show_pathway?hsa03040">
    <entry id="75" name="path:hsa03040" type="map"
        link="https://www.kegg.jp/dbget-bin/www_bget?hsa03040">
        <graphics name="TITLE:Spliceosome" fgcolor="#000000" bgcolor="#FFFFFF"
             type="roundrectangle" x="101" y="58" width="122" height="25"/>
    </entry>
    <entry id="101" name="hsa:9879" type="gene"
        link="https://www.kegg.jp/dbget-bin/www_bget?hsa:9879">
        <graphics name="DDX46, PRPF5, Prp5" fgcolor="#000000" bgcolor="#BFFFBF"
             type="rectangle" x="62" y="276" width="46" height="17"/>
    </entry>
    <entry id="102" name="hsa:7919" type="gene"
        link="https://www.kegg.jp/dbget-bin/www_bget?hsa:7919">
        <graphics name="DDX39B, BAT1, D6S81E, UAP56" fgcolor="#000000" bgcolor="#BFFFBF"
             type="rectangle" x="62" y="296" width="46" height="17"/>
    </entry>
    <entry id="106" name="hsa:8449" type="gene"
        link="https://www.kegg.jp/dbget-bin/www_bget?hsa:8449">
        <graphics name="DHX16, DBP2, DDX16, NMOAS, PRO2014, PRP8, PRPF2, Prp2" fgcolor="#000000" bgcolor="#BFFFBF"
             type="rectangle" x="442" y="565" width="46" height="17"/>
    </entry>
    <entry id="111" name="hsa:1659" type="gene"
        link="https://www.kegg.jp/dbget-bin/www_bget?hsa:1659">
        <graphics name="DHX8, DDX8, Dhr2, HRH1, PRP22, PRPF22" fgcolor="#000000" bgcolor="#BFFFBF"
             type="rectangle" x="571" y="310" width="46" height="17"/>
    </entry>
    <entry id="112" name="hsa:1665" type="gene"
        link="https://www.kegg.jp/dbget-bin/www_bget?hsa:1665">
        <graphics name="DHX15, DBP1, DDX15, PRP43, PRPF43, PrPp43p, hPrp43" fgcolor="#000000" bgcolor="#BFFFBF"
             type="rectangle" x="520" y="189" width="46" height="17"/>
    </entry>
    <entry id="107" name="hsa:9785" type="gene"
        link="https://www.kegg.jp/dbget-bin/www_bget?hsa:9785">
        <graphics name="DHX38, DDX38, PRP16, PRPF16, RP84" fgcolor="#000000" bgcolor="#BFFFBF"
             type="rectangle" x="587" y="412" width="46" height="17"/>
    </entry>
    <entry id="108" name="hsa:51362" type="gene"
        link="https://www.kegg.jp/dbget-bin/www_bget?hsa:51362">
        <graphics name="CDC40, EHB3, PCH15, PRP17, PRPF17" fgcolor="#000000" bgcolor="#BFFFBF"
             type="rectangle" x="587" y="432" width="46" height="17"/>
    </entry>
    <entry id="201" name="hsa:1659" type="gene"
        link="https://www.kegg.jp/dbget-bin/www_bget?hsa:1659">
        <graphics name="DHX8, DDX8, Dhr2, HRH1, PRP22, PRPF22" fgcolor="#000000" bgcolor="#BFFFBF"
             type="rectangle" x="636" y="412" width="46" height="17"/>
    </entry>
    <entry id="202" name="hsa:10569" type="gene"
        link="https://www.kegg.jp/dbget-bin/www_bget?hsa:10569">
        <graphics name="SLU7, 9G8, hSlu7" fgcolor="#000000" bgcolor="#BFFFBF"
             type="rectangle" x="636" y="432" width="46" height="17"/>
    </entry>
    <entry id="205" name="hsa:8559" type="gene"
        link="https://www.kegg.jp/dbget-bin/www_bget?hsa:8559">
        <graphics name="PRPF18, PRP18, hPrp18" fgcolor="#000000" bgcolor="#BFFFBF"
             type="rectangle" x="587" y="452" width="46" height="17"/>
    </entry>
    <entry id="298" name="hsa:9343" type="gene"
        link="https://www.kegg.jp/dbget-bin/www_bget?hsa:9343">
        <graphics name="EFTUD2, MFDGA, MFDM, SNRNP116, Snrp116, Snu114, U5-116KD" fgcolor="#000000" bgcolor="#BFFFBF"
             type="rectangle" x="171" y="569" width="46" height="17"/>
    </entry>
    <entry id="299" name="hsa:23020" type="gene"
        link="https://www.kegg.jp/dbget-bin/www_bget?hsa:23020">
        <graphics name="SNRNP200, ASCC3L1, BRR2, HELIC2, RP33, U5-200KD" fgcolor="#000000" bgcolor="#BFFFBF"
             type="rectangle" x="171" y="548" width="46" height="17"/>
    </entry>
    <entry id="300" name="hsa:9416" type="gene"
        link="https://www.kegg.jp/dbget-bin/www_bget?hsa:9416">
        <graphics name="DDX23, PRPF28, SNRNP100, U5-100K, U5-100KD, prp28" fgcolor="#000000" bgcolor="#BFFFBF"
             type="rectangle" x="88" y="440" width="46" height="17"/>
    </entry>
    <entry id="301" name="hsa:9343" type="gene"
        link="https://www.kegg.jp/dbget-bin/www_bget?hsa:9343">
        <graphics name="EFTUD2, MFDGA, MFDM, SNRNP116, Snrp116, Snu114, U5-116KD" fgcolor="#000000" bgcolor="#BFFFBF"
             type="rectangle" x="621" y="331" width="46" height="17"/>
    </entry>
    <entry id="302" name="hsa:23020" type="gene"
        link="https://www.kegg.jp/dbget-bin/www_bget?hsa:23020">
        <graphics name="SNRNP200, ASCC3L1, BRR2, HELIC2, RP33, U5-200KD" fgcolor="#000000" bgcolor="#BFFFBF"
             type="rectangle" x="621" y="310" width="46" height="17"/>
    </entry>
    <entry id="217" name="hsa:6625" type="gene"
        link="https://www.kegg.jp/dbget-bin/www_bget?hsa:6625">
        <graphics name="SNRNP70, RNPU1Z, RPU1, SNRP70, Snp1, U1-70K, U170K, U1AP, U1RNP" fgcolor="#000000" bgcolor="#BFFFBF"
             type="rectangle" x="121" y="721" width="46" height="17"/>
    </entry>
    <entry id="218" name="hsa:6626" type="gene"
        link="https://www.kegg.jp/dbget-bin/www_bget?hsa:6626">
        <graphics name="SNRPA, Mud1, U1-A, U1A" fgcolor="#000000" bgcolor="#BFFFBF"
             type="rectangle" x="121" y="738" width="46" height="17"/>
    </entry>
    <entry id="219" name="hsa:6631" type="gene"
        link="https://www.kegg.jp/dbget-bin/www_bget?hsa:6631">
        <graphics name="SNRPC, U1C, Yhc1" fgcolor="#000000" bgcolor="#BFFFBF"
             type="rectangle" x="121" y="755" width="46" height="17"/>
    </entry>
    <entry id="220" name="hsa:25766 hsa:55660" type="gene"
        link="https://www.kegg.jp/dbget-bin/www_bget?hsa:25766+hsa:55660">
        <graphics name="PRPF40B, HYPC..." fgcolor="#000000" bgcolor="#BFFFBF"
             type="rectangle" x="121" y="793" width="46" height="17"/>
    </entry>
    <entry id="221" name="hsa:58517" type="gene"
        link="https://www.kegg.jp/dbget-bin/www_bget?hsa:58517">
        <graphics name="RBM25, NET52, RED120, RNPC7, S164, Snu71, fSAP94" fgcolor="#000000" bgcolor="#BFFFBF"
             type="rectangle" x="121" y="813" width="46" height="17"/>
    </entry>
    <entry id="222" name="hsa:6628 hsa:6632 hsa:6633 hsa:6634 hsa:6635 hsa:6636 hsa:6637" type="gene"
        link="https://www.kegg.jp/dbget-bin/www_bget?hsa:6628+hsa:6632+hsa:6633+hsa:6634+hsa:6635+hsa:6636+hsa:6637">
        <graphics name="SNRPB, CCMS, COD, SNRPB1, Sm-B/B', SmB/B', SmB/SmB', snRNP-B..." fgcolor="#000000" bgcolor="#BFFFBF"
             type="rectangle" x="121" y="704" width="46" height="17"/>
    </entry>
    <entry id="223" name="hsa:1655" type="gene"
        link="https://www.kegg.jp/dbget-bin/www_bget?hsa:1655">
        <graphics name="DDX5, G17P1, HLR1, HUMP68, p68" fgcolor="#000000" bgcolor="#BFFFBF"
             type="rectangle" x="121" y="833" width="46" height="17"/>
    </entry>
    <entry id="224" name="hsa:10915" type="gene"
        link="https://www.kegg.jp/dbget-bin/www_bget?hsa:10915">
        <graphics name="TCERG1, CA150, TAF2S, Urn1" fgcolor="#000000" bgcolor="#BFFFBF"
             type="rectangle" x="121" y="853" width="46" height="17"/>
    </entry>
    <entry id="225" name="hsa:6628 hsa:6632 hsa:6633 hsa:6634 hsa:6635 hsa:6636 hsa:6637" type="gene"
        link="https://www.kegg.jp/dbget-bin/www_bget?hsa:6628+hsa:6632+hsa:6633+hsa:6634+hsa:6635+hsa:6636+hsa:6637">
        <graphics name="SNRPB, CCMS, COD, SNRPB1, Sm-B/B', SmB/B', SmB/SmB', snRNP-B..." fgcolor="#000000" bgcolor="#BFFFBF"
             type="rectangle" x="186" y="704" width="46" height="17"/>
    </entry>
    <entry id="226" name="hsa:6627" type="gene"
        link="https://www.kegg.jp/dbget-bin/www_bget?hsa:6627">
        <graphics name="SNRPA1, Lea1, U2A'" fgcolor="#000000" bgcolor="#BFFFBF"
             type="rectangle" x="186" y="721" width="46" height="17"/>
    </entry>
    <entry id="227" name="hsa:6629" type="gene"
        link="https://www.kegg.jp/dbget-bin/www_bget?hsa:6629">
        <graphics name="SNRPB2, Msl1, U2B''" fgcolor="#000000" bgcolor="#BFFFBF"
             type="rectangle" x="186" y="738" width="46" height="17"/>
    </entry>
    <entry id="228" name="hsa:10291 hsa:10946 hsa:8175" type="gene"
        link="https://www.kegg.jp/dbget-bin/www_bget?hsa:10291+hsa:10946+hsa:8175">
        <graphics name="SF3A1, PRP21, PRPF21, SAP114, SF3A120..." fgcolor="#000000" bgcolor="#BFFFBF"
             type="rectangle" x="186" y="754" width="46" height="17"/>
    </entry>
    <entry id="229" name="hsa:10262 hsa:10992 hsa:11325 hsa:23450 hsa:23451 hsa:51639 hsa:83443 hsa:84844" type="gene"
        link="https://www.kegg.jp/dbget-bin/www_bget?hsa:10262+hsa:10992+hsa:11325+hsa:23450+hsa:23451+hsa:51639+hsa:83443+hsa:84844">
        <graphics name="SF3B4, AFD1, Hsh49, SAP49, SF3b49..." fgcolor="#000000" bgcolor="#BFFFBF"
             type="rectangle" x="186" y="771" width="46" height="17"/>
    </entry>
    <entry id="230" name="hsa:102724594 hsa:11338 hsa:199746 hsa:7307" type="gene"
        link="https://www.kegg.jp/dbget-bin/www_bget?hsa:102724594+hsa:11338+hsa:199746+hsa:7307">
        <graphics name="U2AF1L5..." fgcolor="#000000" bgcolor="#BFFFBF"
             type="rectangle" x="186" y="813" width="46" height="17"/>
    </entry>
    <entry id="231" name="hsa:22827" type="gene"
        link="https://www.kegg.jp/dbget-bin/www_bget?hsa:22827">
        <graphics name="PUF60, FIR, RoBPI, SIAHBP1, VRJS" fgcolor="#000000" bgcolor="#BFFFBF"
             type="rectangle" x="186" y="833" width="46" height="17"/>
    </entry>
    <entry id="232" name="hsa:10285" type="gene"
        link="https://www.kegg.jp/dbget-bin/www_bget?hsa:10285">
        <graphics name="SMNDC1, SMNR, SPF30, TDRD16C" fgcolor="#000000" bgcolor="#BFFFBF"
             type="rectangle" x="186" y="853" width="46" height="17"/>
    </entry>
    <entry id="233" name="hsa:84991" type="gene"
        link="https://www.kegg.jp/dbget-bin/www_bget?hsa:84991">
        <graphics name="RBM17, SPF45" fgcolor="#000000" bgcolor="#BFFFBF"
             type="rectangle" x="186" y="873" width="46" height="17"/>
    </entry>
    <entry id="234" name="hsa:10523" type="gene"
        link="https://www.kegg.jp/dbget-bin/www_bget?hsa:10523">
        <graphics name="CHERP, DAN16, SCAF6, SRA1" fgcolor="#000000" bgcolor="#BFFFBF"
             type="rectangle" x="186" y="893" width="46" height="17"/>
    </entry>
    <entry id="235" name="hsa:23350" type="gene"
        link="https://www.kegg.jp/dbget-bin/www_bget?hsa:23350">
        <graphics name="U2SURP, SR140, fSAPa" fgcolor="#000000" bgcolor="#BFFFBF"
             type="rectangle" x="186" y="913" width="46" height="17"/>
    </entry>
    <entry id="236" name="hsa:1665" type="gene"
        link="https://www.kegg.jp/dbget-bin/www_bget?hsa:1665">
        <graphics name="DHX15, DBP1, DDX15, PRP43, PRPF43, PrPp43p, hPrp43" fgcolor="#000000" bgcolor="#BFFFBF"
             type="rectangle" x="186" y="933" width="46" height="17"/>
    </entry>
    <entry id="237" name="hsa:22916 hsa:392517 hsa:4686" type="gene"
        link="https://www.kegg.jp/dbget-bin/www_bget?hsa:22916+hsa:392517+hsa:4686">
        <graphics name="NCBP2, CBC2, CBP20, NIP1, PIG55..." fgcolor="#000000" bgcolor="#BFFFBF"
             type="rectangle" x="545" y="680" width="46" height="17"/>
    </entry>
    <entry id="238" name="hsa:144983 hsa:220988 hsa:27316 hsa:3178 hsa:3183 hsa:3190 hsa:3192 hsa:4670 hsa:5093" type="gene"
        link="https://www.kegg.jp/dbget-bin/www_bget?hsa:144983+hsa:220988+hsa:27316+hsa:3178+hsa:3183+hsa:3190+hsa:3192+hsa:4670+hsa:5093">
        <graphics name="HNRNPA1L2..." fgcolor="#000000" bgcolor="#BFFFBF"
             type="rectangle" x="545" y="700" width="46" height="17"/>
    </entry>
    <entry id="239" name="hsa:10772 hsa:10929 hsa:29896 hsa:6426 hsa:6427 hsa:6428 hsa:6429 hsa:6430 hsa:6431 hsa:6432 hsa:6434 hsa:8683" type="gene"
        link="https://www.kegg.jp/dbget-bin/www_bget?hsa:10772+hsa:10929+hsa:29896+hsa:6426+hsa:6427+hsa:6428+hsa:6429+hsa:6430+hsa:6431+hsa:6432+hsa:6434+hsa:8683">
        <graphics name="SRSF10, FUSIP1, FUSIP2, NSSR, PPP1R149, SFRS13, SFRS13A, SRp38, SRrp40, TASR, TASR1, TASR2..." fgcolor="#000000" bgcolor="#BFFFBF"
             type="rectangle" x="545" y="720" width="46" height="17"/>
    </entry>
    <entry id="240" name="hsa:27339" type="gene"
        link="https://www.kegg.jp/dbget-bin/www_bget?hsa:27339">
        <graphics name="PRPF19, NMP200, PRP19, PSO4, SNEV, UBOX4, hPSO4" fgcolor="#000000" bgcolor="#BFFFBF"
             type="rectangle" x="411" y="680" width="46" height="17"/>
    </entry>
    <entry id="241" name="hsa:988" type="gene"
        link="https://www.kegg.jp/dbget-bin/www_bget?hsa:988">
        <graphics name="CDC5L, CDC5, CDC5-LIKE, CEF1, PCDC5RP, dJ319D22.1" fgcolor="#000000" bgcolor="#BFFFBF"
             type="rectangle" x="411" y="697" width="46" height="17"/>
    </entry>
    <entry id="242" name="hsa:10286" type="gene"
        link="https://www.kegg.jp/dbget-bin/www_bget?hsa:10286">
        <graphics name="BCAS2, DAM1, SPF27, Snt309" fgcolor="#000000" bgcolor="#BFFFBF"
             type="rectangle" x="411" y="714" width="46" height="17"/>
    </entry>
    <entry id="243" name="hsa:5356" type="gene"
        link="https://www.kegg.jp/dbget-bin/www_bget?hsa:5356">
        <graphics name="PLRG1, Cwc1, PRL1, PRP46, PRPF46, TANGO4" fgcolor="#000000" bgcolor="#BFFFBF"
             type="rectangle" x="411" y="731" width="46" height="17"/>
    </entry>
    <entry id="244" name="hsa:51503" type="gene"
        link="https://www.kegg.jp/dbget-bin/www_bget?hsa:51503">
        <graphics name="CWC15, AD002, C11orf5, Cwf15, HSPC148, ORF5" fgcolor="#000000" bgcolor="#BFFFBF"
             type="rectangle" x="411" y="748" width="46" height="17"/>
    </entry>
    <entry id="245" name="hsa:56259" type="gene"
        link="https://www.kegg.jp/dbget-bin/www_bget?hsa:56259">
        <graphics name="CTNNBL1, C20orf33, IMD99, NAP, P14L, PP8304, dJ633O20.1" fgcolor="#000000" bgcolor="#BFFFBF"
             type="rectangle" x="411" y="765" width="46" height="17"/>
    </entry>
    <entry id="246" name="hsa:3303 hsa:3304 hsa:3305 hsa:3306 hsa:3310 hsa:3312" type="gene"
        link="https://www.kegg.jp/dbget-bin/www_bget?hsa:3303+hsa:3304+hsa:3305+hsa:3306+hsa:3310+hsa:3312">
        <graphics name="HSPA1A, HEL-S-103, HSP70, HSP70-1, HSP70-1A, HSP70-2, HSP70.1, HSP70.2, HSP70I, HSP72, HSPA1..." fgcolor="#000000" bgcolor="#BFFFBF"
             type="rectangle" x="411" y="782" width="46" height="17"/>
    </entry>
    <entry id="247" name="hsa:10084" type="gene"
        link="https://www.kegg.jp/dbget-bin/www_bget?hsa:10084">
        <graphics name="PQBP1, MRX2, MRX55, MRXS3, MRXS8, NPW38, RENS1, SHS" fgcolor="#000000" bgcolor="#BFFFBF"
             type="rectangle" x="411" y="806" width="46" height="17"/>
    </entry>
    <entry id="248" name="hsa:25949 hsa:51340 hsa:56949" type="gene"
        link="https://www.kegg.jp/dbget-bin/www_bget?hsa:25949+hsa:51340+hsa:56949">
        <graphics name="SYF2, CBPIN, NTC31, P29, fSAP29..." fgcolor="#000000" bgcolor="#BFFFBF"
             type="rectangle" x="411" y="881" width="46" height="17"/>
    </entry>
    <entry id="249" name="hsa:51729" type="gene"
        link="https://www.kegg.jp/dbget-bin/www_bget?hsa:51729">
        <graphics name="WBP11, BUG13, CFAP90, FAP90, NPWBP, PPP1R165, SIPP1, VCTERL, VCTRL, WBP-11" fgcolor="#000000" bgcolor="#BFFFBF"
             type="rectangle" x="411" y="823" width="46" height="17"/>
    </entry>
    <entry id="250" name="hsa:22938" type="gene"
        link="https://www.kegg.jp/dbget-bin/www_bget?hsa:22938">
        <graphics name="SNW1, Bx42, FUN20, NCOA-62, PRPF45, Prp45, SKIIP, SKIP, SKIP1" fgcolor="#000000" bgcolor="#BFFFBF"
             type="rectangle" x="411" y="861" width="46" height="17"/>
    </entry>
    <entry id="251" name="hsa:100534599 hsa:57461" type="gene"
        link="https://www.kegg.jp/dbget-bin/www_bget?hsa:100534599+hsa:57461">
        <graphics name="ISY1-RAB43, ISY1..." fgcolor="#000000" bgcolor="#BFFFBF"
             type="rectangle" x="411" y="901" width="46" height="17"/>
    </entry>
    <entry id="252" name="hsa:51645" type="gene"
        link="https://www.kegg.jp/dbget-bin/www_bget?hsa:51645">
        <graphics name="PPIL1, CGI-124, CYPL1, PCH14, PPIase, hCyPX" fgcolor="#000000" bgcolor="#BFFFBF"
             type="rectangle" x="411" y="921" width="46" height="17"/>
    </entry>
    <entry id="253" name="hsa:10450" type="gene"
        link="https://www.kegg.jp/dbget-bin/www_bget?hsa:10450">
        <graphics name="PPIE, CYP-33, CYP33" fgcolor="#000000" bgcolor="#BFFFBF"
             type="rectangle" x="411" y="941" width="46" height="17"/>
    </entry>
    <entry id="254" name="hsa:151903" type="gene"
        link="https://www.kegg.jp/dbget-bin/www_bget?hsa:151903">
        <graphics name="CCDC12" fgcolor="#000000" bgcolor="#BFFFBF"
             type="rectangle" x="411" y="961" width="46" height="17"/>
    </entry>
    <entry id="255" name="hsa:55696" type="gene"
        link="https://www.kegg.jp/dbget-bin/www_bget?hsa:55696">
        <graphics name="RBM22, Cwc2, ZC3H16, fSAP47" fgcolor="#000000" bgcolor="#BFFFBF"
             type="rectangle" x="411" y="981" width="46" height="17"/>
    </entry>
    <entry id="256" name="hsa:9716" type="gene"
        link="https://www.kegg.jp/dbget-bin/www_bget?hsa:9716">
        <graphics name="AQR, IBP160, fSAP164" fgcolor="#000000" bgcolor="#BFFFBF"
             type="rectangle" x="411" y="1021" width="46" height="17"/>
    </entry>
    <entry id="257" name="hsa:11157 hsa:23658 hsa:25804 hsa:27258 hsa:51690 hsa:51691 hsa:57819" type="gene"
        link="https://www.kegg.jp/dbget-bin/www_bget?hsa:11157+hsa:23658+hsa:25804+hsa:27258+hsa:51690+hsa:51691+hsa:57819">
        <graphics name="LSM6, YDR378C..." fgcolor="#000000" bgcolor="#BFFFBF"
             type="rectangle" x="256" y="722" width="46" height="17"/>
    </entry>
    <entry id="258" name="hsa:6628 hsa:6632 hsa:6633 hsa:6634 hsa:6635 hsa:6636 hsa:6637" type="gene"
        link="https://www.kegg.jp/dbget-bin/www_bget?hsa:6628+hsa:6632+hsa:6633+hsa:6634+hsa:6635+hsa:6636+hsa:6637">
        <graphics name="SNRPB, CCMS, COD, SNRPB1, Sm-B/B', SmB/B', SmB/SmB', snRNP-B..." fgcolor="#000000" bgcolor="#BFFFBF"
             type="rectangle" x="256" y="739" width="46" height="17"/>
    </entry>
    <entry id="259" name="hsa:26121" type="gene"
        link="https://www.kegg.jp/dbget-bin/www_bget?hsa:26121">
        <graphics name="PRPF31, NY-BR-99, PRP31, RP11, SNRNP61" fgcolor="#000000" bgcolor="#BFFFBF"
             type="rectangle" x="256" y="805" width="46" height="17"/>
    </entry>
    <entry id="260" name="hsa:10465" type="gene"
        link="https://www.kegg.jp/dbget-bin/www_bget?hsa:10465">
        <graphics name="PPIH, CYP-20, CYPH, SnuCyp-20, USA-CYP" fgcolor="#000000" bgcolor="#BFFFBF"
             type="rectangle" x="256" y="789" width="46" height="17"/>
    </entry>
    <entry id="261" name="hsa:9128" type="gene"
        link="https://www.kegg.jp/dbget-bin/www_bget?hsa:9128">
        <graphics name="PRPF4, HPRP4, HPRP4P, PRP4, Prp4p, RP70, SNRNP60" fgcolor="#000000" bgcolor="#BFFFBF"
             type="rectangle" x="256" y="772" width="46" height="17"/>
    </entry>
    <entry id="262" name="hsa:9129" type="gene"
        link="https://www.kegg.jp/dbget-bin/www_bget?hsa:9129">
        <graphics name="PRPF3, HPRP3, HPRP3P, PRP3, Prp3p, RP18, SNRNP90" fgcolor="#000000" bgcolor="#BFFFBF"
             type="rectangle" x="256" y="755" width="46" height="17"/>
    </entry>
    <entry id="263" name="hsa:4809" type="gene"
        link="https://www.kegg.jp/dbget-bin/www_bget?hsa:4809">
        <graphics name="SNU13, 15.5K, FA-1, FA1, NHP2L1, NHPX, OTK27, SNRNP15-5, SPAG12, SSFA1" fgcolor="#000000" bgcolor="#BFFFBF"
             type="rectangle" x="256" y="822" width="46" height="17"/>
    </entry>
    <entry id="264" name="hsa:6628 hsa:6632 hsa:6633 hsa:6634 hsa:6635 hsa:6636 hsa:6637" type="gene"
        link="https://www.kegg.jp/dbget-bin/www_bget?hsa:6628+hsa:6632+hsa:6633+hsa:6634+hsa:6635+hsa:6636+hsa:6637">
        <graphics name="SNRPB, CCMS, COD, SNRPB1, Sm-B/B', SmB/B', SmB/SmB', snRNP-B..." fgcolor="#000000" bgcolor="#BFFFBF"
             type="rectangle" x="324" y="704" width="46" height="17"/>
    </entry>
    <entry id="265" name="hsa:9343" type="gene"
        link="https://www.kegg.jp/dbget-bin/www_bget?hsa:9343">
        <graphics name="EFTUD2, MFDGA, MFDM, SNRNP116, Snrp116, Snu114, U5-116KD" fgcolor="#000000" bgcolor="#BFFFBF"
             type="rectangle" x="324" y="721" width="46" height="17"/>
    </entry>
    <entry id="266" name="hsa:23020" type="gene"
        link="https://www.kegg.jp/dbget-bin/www_bget?hsa:23020">
        <graphics name="SNRNP200, ASCC3L1, BRR2, HELIC2, RP33, U5-200KD" fgcolor="#000000" bgcolor="#BFFFBF"
             type="rectangle" x="324" y="738" width="46" height="17"/>
    </entry>
    <entry id="267" name="hsa:24148" type="gene"
        link="https://www.kegg.jp/dbget-bin/www_bget?hsa:24148">
        <graphics name="PRPF6, ANT-1, ANT1, C20orf14, Prp6, RP60, SNRNP102, TOM, U5-102K, hPrp6" fgcolor="#000000" bgcolor="#BFFFBF"
             type="rectangle" x="324" y="755" width="46" height="17"/>
    </entry>
    <entry id="268" name="hsa:10594" type="gene"
        link="https://www.kegg.jp/dbget-bin/www_bget?hsa:10594">
        <graphics name="PRPF8, HPRP8, PRP8, PRPC8, RP13, SNRNP220" fgcolor="#000000" bgcolor="#BFFFBF"
             type="rectangle" x="324" y="772" width="46" height="17"/>
    </entry>
    <entry id="269" name="hsa:9410" type="gene"
        link="https://www.kegg.jp/dbget-bin/www_bget?hsa:9410">
        <graphics name="SNRNP40, 40K, HPRP8BP, PRP8BP, PRPF8BP, SPF38, WDR57" fgcolor="#000000" bgcolor="#BFFFBF"
             type="rectangle" x="324" y="789" width="46" height="17"/>
    </entry>
    <entry id="270" name="hsa:9416" type="gene"
        link="https://www.kegg.jp/dbget-bin/www_bget?hsa:9416">
        <graphics name="DDX23, PRPF28, SNRNP100, U5-100K, U5-100KD, prp28" fgcolor="#000000" bgcolor="#BFFFBF"
             type="rectangle" x="324" y="806" width="46" height="17"/>
    </entry>
    <entry id="271" name="hsa:10907" type="gene"
        link="https://www.kegg.jp/dbget-bin/www_bget?hsa:10907">
        <graphics name="TXNL4A, BMKS, DIB1, DIM1, SNRNP15, TXNL4, U5-15kD" fgcolor="#000000" bgcolor="#BFFFBF"
             type="rectangle" x="324" y="823" width="46" height="17"/>
    </entry>
    <entry id="272" name="hsa:11017" type="gene"
        link="https://www.kegg.jp/dbget-bin/www_bget?hsa:11017">
        <graphics name="SNRNP27, 27K, RY1" fgcolor="#000000" bgcolor="#BFFFBF"
             type="rectangle" x="289" y="872" width="46" height="17"/>
    </entry>
    <entry id="273" name="hsa:10713" type="gene"
        link="https://www.kegg.jp/dbget-bin/www_bget?hsa:10713">
        <graphics name="USP39, 65K, CGI-21, HSPC332, SAD1, SNRNP65" fgcolor="#000000" bgcolor="#BFFFBF"
             type="rectangle" x="289" y="889" width="46" height="17"/>
    </entry>
    <entry id="274" name="hsa:9092" type="gene"
        link="https://www.kegg.jp/dbget-bin/www_bget?hsa:9092">
        <graphics name="SART1, Ara1, HAF, HOMS1, SART1259, SNRNP110, Snu66" fgcolor="#000000" bgcolor="#BFFFBF"
             type="rectangle" x="289" y="906" width="46" height="17"/>
    </entry>
    <entry id="275" name="hsa:22985" type="gene"
        link="https://www.kegg.jp/dbget-bin/www_bget?hsa:22985">
        <graphics name="ACIN1, ACINUS, ACN, fSAP152" fgcolor="#000000" bgcolor="#BFFFBF"
             type="rectangle" x="480" y="680" width="46" height="17"/>
    </entry>
    <entry id="276" name="hsa:9775" type="gene"
        link="https://www.kegg.jp/dbget-bin/www_bget?hsa:9775">
        <graphics name="EIF4A3, DDX48, Fal1, MUK34, NMP265, NUK34, RCPS, eIF-4A-III, eIF4A-III, eIF4AIII" fgcolor="#000000" bgcolor="#BFFFBF"
             type="rectangle" x="480" y="697" width="46" height="17"/>
    </entry>
    <entry id="277" name="hsa:9939" type="gene"
        link="https://www.kegg.jp/dbget-bin/www_bget?hsa:9939">
        <graphics name="RBM8A, BOV-1A, BOV-1B, BOV-1C, C1DELq21.1, DEL1q21.1, MDS014, RBM8, RBM8B, TAR, Y14, ZNRP, ZRNP1" fgcolor="#000000" bgcolor="#BFFFBF"
             type="rectangle" x="480" y="714" width="46" height="17"/>
    </entry>
    <entry id="278" name="hsa:4116 hsa:55110" type="gene"
        link="https://www.kegg.jp/dbget-bin/www_bget?hsa:4116+hsa:55110">
        <graphics name="MAGOH, MAGOH1, MAGOHA..." fgcolor="#000000" bgcolor="#BFFFBF"
             type="rectangle" x="480" y="731" width="46" height="17"/>
    </entry>
    <entry id="279" name="hsa:7919" type="gene"
        link="https://www.kegg.jp/dbget-bin/www_bget?hsa:7919">
        <graphics name="DDX39B, BAT1, D6S81E, UAP56" fgcolor="#000000" bgcolor="#BFFFBF"
             type="rectangle" x="480" y="748" width="46" height="17"/>
    </entry>
    <entry id="281" name="hsa:10189 hsa:57187 hsa:84321 hsa:9984" type="gene"
        link="https://www.kegg.jp/dbget-bin/www_bget?hsa:10189+hsa:57187+hsa:84321+hsa:9984">
        <graphics name="ALYREF, ALY, ALY/REF, BEF, REF, THOC4..." fgcolor="#000000" bgcolor="#BFFFBF"
             type="rectangle" x="480" y="765" width="46" height="17"/>
    </entry>
    <entry id="282" name="hsa:153527" type="gene"
        link="https://www.kegg.jp/dbget-bin/www_bget?hsa:153527">
        <graphics name="ZMAT2, Ptg-12, Snu23" fgcolor="#000000" bgcolor="#BFFFBF"
             type="rectangle" x="289" y="932" width="46" height="17"/>
    </entry>
    <entry id="283" name="hsa:55119 hsa:84950" type="gene"
        link="https://www.kegg.jp/dbget-bin/www_bget?hsa:55119+hsa:84950">
        <graphics name="PRPF38B, NET1..." fgcolor="#000000" bgcolor="#BFFFBF"
             type="rectangle" x="289" y="952" width="46" height="17"/>
    </entry>
    <entry id="284" name="hsa:8896" type="gene"
        link="https://www.kegg.jp/dbget-bin/www_bget?hsa:8896">
        <graphics name="BUD31, Cwc14, EDG-2, EDG2, G10, YCR063W, fSAP17" fgcolor="#000000" bgcolor="#BFFFBF"
             type="rectangle" x="411" y="1001" width="46" height="17"/>
    </entry>
    <entry id="285" name="hsa:101954264 hsa:101954268 hsa:101954273 hsa:26863 hsa:26864 hsa:26869 hsa:26870 hsa:26871 hsa:6060" type="gene"
        link="https://www.kegg.jp/dbget-bin/www_bget?hsa:101954264+hsa:101954268+hsa:101954273+hsa:26863+hsa:26864+hsa:26869+hsa:26870+hsa:26871+hsa:6060">
        <graphics name="RNVU1-4, RNU1-102, RNU1-50, RNVU1-5, vU1.4, vU1.5..." fgcolor="#000000" bgcolor="#BFFFBF"
             type="rectangle" x="121" y="681" width="46" height="17"/>
    </entry>
    <entry id="286" name="hsa:124904145 hsa:6066" type="gene"
        link="https://www.kegg.jp/dbget-bin/www_bget?hsa:124904145+hsa:6066">
        <graphics name="124904145..." fgcolor="#000000" bgcolor="#BFFFBF"
             type="rectangle" x="186" y="681" width="46" height="17"/>
    </entry>
    <entry id="287" name="hsa:26828 hsa:26830 hsa:26831 hsa:26832" type="gene"
        link="https://www.kegg.jp/dbget-bin/www_bget?hsa:26828+hsa:26830+hsa:26831+hsa:26832">
        <graphics name="RNU5F-1, RNU5F, U5F..." fgcolor="#000000" bgcolor="#BFFFBF"
             type="rectangle" x="324" y="681" width="46" height="17"/>
    </entry>
    <entry id="288" name="hsa:26834 hsa:26835" type="gene"
        link="https://www.kegg.jp/dbget-bin/www_bget?hsa:26834+hsa:26835">
        <graphics name="RNU4-2, RNU4-1B, RNU4B1, RNU4C, U4A, U4b, U4c..." fgcolor="#000000" bgcolor="#BFFFBF"
             type="rectangle" x="256" y="682" width="46" height="17"/>
    </entry>
    <entry id="289" name="hsa:101954271 hsa:101954275 hsa:101954278 hsa:103625684 hsa:26827" type="gene"
        link="https://www.kegg.jp/dbget-bin/www_bget?hsa:101954271+hsa:101954275+hsa:101954278+hsa:103625684+hsa:26827">
        <graphics name="RNU6-9, U6-9..." fgcolor="#000000" bgcolor="#BFFFBF"
             type="rectangle" x="256" y="698" width="46" height="17"/>
    </entry>
    <entry id="290" name="hsa:6100" type="gene"
        link="https://www.kegg.jp/dbget-bin/www_bget?hsa:6100">
        <graphics name="RP9, PAP-1, PAP1" fgcolor="#000000" bgcolor="#BFFFBF"
             type="rectangle" x="186" y="953" width="46" height="17"/>
    </entry>
    <entry id="291" name="hsa:6100" type="gene"
        link="https://www.kegg.jp/dbget-bin/www_bget?hsa:6100">
        <graphics name="RP9, PAP-1, PAP1" fgcolor="#000000" bgcolor="#BFFFBF"
             type="rectangle" x="289" y="972" width="46" height="17"/>
    </entry>
    <entry id="292" name="hsa:2521" type="gene"
        link="https://www.kegg.jp/dbget-bin/www_bget?hsa:2521">
        <graphics name="FUS, ALS6, ETM4, FUS1, HNRNPP2, POMP75, TLS, altFUS" fgcolor="#000000" bgcolor="#BFFFBF"
             type="rectangle" x="121" y="873" width="46" height="17"/>
    </entry>
</pathway>
