<?xml version="1.0"?>
<!DOCTYPE pathway SYSTEM "https://www.kegg.jp/kegg/xml/KGML_v0.7.2_.dtd">
<!-- Creation date: Oct 23, 2015 10:53:59 +0900 (GMT+9) -->
<pathway name="path:hsa05231" org="hsa" number="05231"
         title="Choline metabolism in cancer"
         image="https://www.kegg.jp/kegg/pathway/hsa/hsa05231.png"
         link="https://www.kegg.jp/kegg-bin/show_pathway?hsa05231">
    <entry id="5" name="hsa:5599 hsa:5601 hsa:5602" type="gene"
        link="https://www.kegg.jp/dbget-bin/www_bget?hsa:5599+hsa:5601+hsa:5602">
        <graphics name="MAPK8, JNK, JNK-46, JNK1, JNK1A2, JNK21B1/2, PRKM8, SAPK1, SAPK1c..." fgcolor="#000000" bgcolor="#BFFFBF"
             type="rectangle" x="780" y="196" width="46" height="17"/>
    </entry>
    <entry id="6" name="hsa:5594 hsa:5595" type="gene"
        link="https://www.kegg.jp/dbget-bin/www_bget?hsa:5594+hsa:5595">
        <graphics name="MAPK1, ERK, ERK-2, ERK2, ERT1, MAPK2, NS13, P42MAPK, PRKM1, PRKM2, p38, p40, p41, p41mapk, p42-MAPK..." fgcolor="#000000" bgcolor="#BFFFBF"
             type="rectangle" x="781" y="145" width="46" height="17"/>
    </entry>
    <entry id="7" name="hsa:6654 hsa:6655" type="gene"
        link="https://www.kegg.jp/dbget-bin/www_bget?hsa:6654+hsa:6655">
        <graphics name="SOS1, GF1, GGF1, GINGF, HGF, NS4, SOS-1..." fgcolor="#000000" bgcolor="#BFFFBF"
             type="rectangle" x="344" y="145" width="46" height="17"/>
    </entry>
    <entry id="8" name="hsa:3265 hsa:3845 hsa:4893" type="gene"
        link="https://www.kegg.jp/dbget-bin/www_bget?hsa:3265+hsa:3845+hsa:4893">
        <graphics name="HRAS, C-BAS/HAS, C-H-RAS, C-HA-RAS1, CTLO, H-RASIDX, HAMSV, HRAS1, RASH1, p21ras..." fgcolor="#000000" bgcolor="#BFFFBF"
             type="rectangle" x="437" y="145" width="46" height="17"/>
    </entry>
    <entry id="9" name="hsa:5604 hsa:5605" type="gene"
        link="https://www.kegg.jp/dbget-bin/www_bget?hsa:5604+hsa:5605">
        <graphics name="MAP2K1, CFC3, MAPKK1, MEK1, MEL, MKK1, PRKMK1..." fgcolor="#000000" bgcolor="#BFFFBF"
             type="rectangle" x="685" y="145" width="46" height="17"/>
    </entry>
    <entry id="10" name="hsa:5894" type="gene"
        link="https://www.kegg.jp/dbget-bin/www_bget?hsa:5894">
        <graphics name="RAF1, CMD1NN, CRAF, NS5, Raf-1, c-Raf" fgcolor="#000000" bgcolor="#BFFFBF"
             type="rectangle" x="582" y="145" width="46" height="17"/>
    </entry>
    <entry id="11" name="hsa:10000 hsa:207 hsa:208" type="gene"
        link="https://www.kegg.jp/dbget-bin/www_bget?hsa:10000+hsa:207+hsa:208">
        <graphics name="AKT3, MPPH, MPPH2, PKB-GAMMA, PKBG, PRKBG, RAC-PK-gamma, RAC-gamma, STK-2..." fgcolor="#000000" bgcolor="#BFFFBF"
             type="rectangle" x="443" y="264" width="46" height="17"/>
    </entry>
    <entry id="12" name="hsa:5290 hsa:5291 hsa:5293 hsa:5295 hsa:5296 hsa:8503" type="gene"
        link="https://www.kegg.jp/dbget-bin/www_bget?hsa:5290+hsa:5291+hsa:5293+hsa:5295+hsa:5296+hsa:8503">
        <graphics name="PIK3CA, CCM4, CLAPO, CLOVE, CWS5, MCAP, MCM, MCMTC, PI3K, PI3K-alpha, p110-alpha..." fgcolor="#000000" bgcolor="#BFFFBF"
             type="rectangle" x="228" y="264" width="46" height="17"/>
    </entry>
    <entry id="13" name="hsa:5170" type="gene"
        link="https://www.kegg.jp/dbget-bin/www_bget?hsa:5170">
        <graphics name="PDPK1, PDK1, PDPK2, PDPK2P, PRO0461" fgcolor="#000000" bgcolor="#BFFFBF"
             type="rectangle" x="367" y="264" width="46" height="17"/>
    </entry>
    <entry id="14" name="cpd:C05981" type="compound"
        link="https://www.kegg.jp/dbget-bin/www_bget?C05981">
        <graphics name="C05981" fgcolor="#000000" bgcolor="#FFFFFF"
             type="circle" x="311" y="265" width="8" height="8"/>
    </entry>
    <entry id="15" name="path:hsa05231" type="map"
        link="https://www.kegg.jp/dbget-bin/www_bget?hsa05231">
        <graphics name="TITLE:Choline metabolism in cancer" fgcolor="#000000" bgcolor="#FFFFFF"
             type="roundrectangle" x="178" y="58" width="275" height="25"/>
    </entry>
    <entry id="16" name="path:hsa04010" type="map"
        link="https://www.kegg.jp/dbget-bin/www_bget?hsa04010">
        <graphics name="MAPK signaling pathway" fgcolor="#000000" bgcolor="#FFFFFF"
             type="roundrectangle" x="702" y="104" width="112" height="34"/>
    </entry>
    <entry id="29" name="hsa:1956 hsa:5156 hsa:5159" type="gene"
        link="https://www.kegg.jp/dbget-bin/www_bget?hsa:1956+hsa:5156+hsa:5159">
        <graphics name="EGFR, ERBB, ERBB1, ERRP, HER1, NISBD2, PIG61, mENA..." fgcolor="#000000" bgcolor="#BFFFBF"
             type="rectangle" x="162" y="145" width="46" height="17"/>
    </entry>
    <entry id="30" name="hsa:2885" type="gene"
        link="https://www.kegg.jp/dbget-bin/www_bget?hsa:2885">
        <graphics name="GRB2, ASH, EGFRBP-GRB2, Grb3-3, MST084, MSTP084, NCKAP2" fgcolor="#000000" bgcolor="#BFFFBF"
             type="rectangle" x="251" y="145" width="46" height="17"/>
    </entry>
    <entry id="32" name="hsa:1950 hsa:5154 hsa:5155 hsa:56034 hsa:80310" type="gene"
        link="https://www.kegg.jp/dbget-bin/www_bget?hsa:1950+hsa:5154+hsa:5155+hsa:56034+hsa:80310">
        <graphics name="EGF, HOMG4, URG..." fgcolor="#000000" bgcolor="#BFFFBF"
             type="rectangle" x="86" y="145" width="46" height="17"/>
    </entry>
    <entry id="33" name="path:hsa04151" type="map"
        link="https://www.kegg.jp/dbget-bin/www_bget?hsa04151">
        <graphics name="PI3K-Akt signaling pathway" fgcolor="#000000" bgcolor="#FFFFFF"
             type="roundrectangle" x="343" y="233" width="112" height="34"/>
    </entry>
    <entry id="35" name="hsa:126969 hsa:204962 hsa:23446 hsa:57153 hsa:60482 hsa:6580 hsa:6581 hsa:6582 hsa:6583 hsa:6584 hsa:80736" type="gene"
        link="https://www.kegg.jp/dbget-bin/www_bget?hsa:126969+hsa:204962+hsa:23446+hsa:57153+hsa:60482+hsa:6580+hsa:6581+hsa:6582+hsa:6583+hsa:6584+hsa:80736">
        <graphics name="SLC44A3, CTL3..." fgcolor="#000000" bgcolor="#BFFFBF"
             type="rectangle" x="160" y="637" width="46" height="17"/>
    </entry>
    <entry id="36" name="hsa:1119 hsa:1120" type="gene"
        link="https://www.kegg.jp/dbget-bin/www_bget?hsa:1119+hsa:1120">
        <graphics name="CHKA, CHK, CK, CKI, EK, NEDMIMS..." fgcolor="#000000" bgcolor="#BFFFBF"
             type="rectangle" x="334" y="621" width="46" height="17"/>
    </entry>
    <entry id="37" name="hsa:5335" type="gene"
        link="https://www.kegg.jp/dbget-bin/www_bget?hsa:5335">
        <graphics name="PLCG1, NCKAP3, PLC-II, PLC1, PLC148, PLCgamma1" fgcolor="#000000" bgcolor="#BFFFBF"
             type="rectangle" x="658" y="565" width="46" height="17"/>
    </entry>
    <entry id="38" name="hsa:56994" type="gene"
        link="https://www.kegg.jp/dbget-bin/www_bget?hsa:56994">
        <graphics name="CHPT1, CPT, CPT1" fgcolor="#000000" bgcolor="#BFFFBF"
             type="rectangle" x="691" y="625" width="46" height="17"/>
    </entry>
    <entry id="39" name="hsa:5130 hsa:9468" type="gene"
        link="https://www.kegg.jp/dbget-bin/www_bget?hsa:5130+hsa:9468">
        <graphics name="PCYT1A, CCTA, CCTalpha, CT, CTA, CTPCT, PCYT1, SMDCRD..." fgcolor="#000000" bgcolor="#BFFFBF"
             type="rectangle" x="524" y="623" width="46" height="17"/>
    </entry>
    <entry id="40" name="hsa:10434" type="gene"
        link="https://www.kegg.jp/dbget-bin/www_bget?hsa:10434">
        <graphics name="LYPLA1, APT-1, APT1, LPL-I, LPL1, hAPT1" fgcolor="#000000" bgcolor="#BFFFBF"
             type="rectangle" x="548" y="717" width="46" height="17"/>
    </entry>
    <entry id="41" name="hsa:100137049 hsa:123745 hsa:255189 hsa:283748 hsa:5321 hsa:8605 hsa:8681" type="gene"
        link="https://www.kegg.jp/dbget-bin/www_bget?hsa:100137049+hsa:123745+hsa:255189+hsa:283748+hsa:5321+hsa:8605+hsa:8681">
        <graphics name="PLA2G4B, HsT16992, cPLA2-beta..." fgcolor="#000000" bgcolor="#BFFFBF"
             type="rectangle" x="726" y="717" width="46" height="17"/>
    </entry>
    <entry id="42" name="cpd:C00114" type="compound"
        link="https://www.kegg.jp/dbget-bin/www_bget?C00114">
        <graphics name="C00114" fgcolor="#000000" bgcolor="#FFFFFF"
             type="circle" x="101" y="636" width="8" height="8"/>
    </entry>
    <entry id="43" name="cpd:C00114" type="compound"
        link="https://www.kegg.jp/dbget-bin/www_bget?C00114">
        <graphics name="C00114" fgcolor="#000000" bgcolor="#FFFFFF"
             type="circle" x="256" y="637" width="8" height="8"/>
    </entry>
    <entry id="44" name="cpd:C00588" type="compound"
        link="https://www.kegg.jp/dbget-bin/www_bget?C00588">
        <graphics name="C00588" fgcolor="#000000" bgcolor="#FFFFFF"
             type="circle" x="463" y="638" width="8" height="8"/>
    </entry>
    <entry id="45" name="cpd:C00307" type="compound"
        link="https://www.kegg.jp/dbget-bin/www_bget?C00307">
        <graphics name="C00307" fgcolor="#000000" bgcolor="#FFFFFF"
             type="circle" x="604" y="638" width="8" height="8"/>
    </entry>
    <entry id="46" name="cpd:C00157" type="compound"
        link="https://www.kegg.jp/dbget-bin/www_bget?C00157">
        <graphics name="C00157" fgcolor="#000000" bgcolor="#FFFFFF"
             type="circle" x="778" y="638" width="8" height="8"/>
    </entry>
    <entry id="47" name="hsa:56261" type="gene"
        link="https://www.kegg.jp/dbget-bin/www_bget?hsa:56261">
        <graphics name="GPCPD1, EDI3, GDE5, GDPD6, PREI4" fgcolor="#000000" bgcolor="#BFFFBF"
             type="rectangle" x="350" y="744" width="46" height="17"/>
    </entry>
    <entry id="52" name="cpd:C04230" type="compound"
        link="https://www.kegg.jp/dbget-bin/www_bget?C04230">
        <graphics name="C04230" fgcolor="#000000" bgcolor="#FFFFFF"
             type="circle" x="622" y="731" width="8" height="8"/>
    </entry>
    <entry id="53" name="cpd:C00670" type="compound"
        link="https://www.kegg.jp/dbget-bin/www_bget?C00670">
        <graphics name="C00670" fgcolor="#000000" bgcolor="#FFFFFF"
             type="circle" x="466" y="731" width="8" height="8"/>
    </entry>
    <entry id="57" name="path:hsa00564" type="map"
        link="https://www.kegg.jp/dbget-bin/www_bget?hsa00564">
        <graphics name="Glycerophospholipid metabolism" fgcolor="#000000" bgcolor="#FFFFFF"
             type="roundrectangle" x="367" y="666" width="126" height="34"/>
    </entry>
    <entry id="58" name="hsa:5900" type="gene"
        link="https://www.kegg.jp/dbget-bin/www_bget?hsa:5900">
        <graphics name="RALGDS, RGDS, RGF, RalGEF" fgcolor="#000000" bgcolor="#BFFFBF"
             type="rectangle" x="646" y="197" width="46" height="17"/>
    </entry>
    <entry id="63" name="hsa:5337 hsa:5338" type="gene"
        link="https://www.kegg.jp/dbget-bin/www_bget?hsa:5337+hsa:5338">
        <graphics name="PLD1, CVDD, CVDP1..." fgcolor="#000000" bgcolor="#BFFFBF"
             type="rectangle" x="366" y="492" width="46" height="17"/>
    </entry>
    <entry id="64" name="hsa:7248 hsa:7249" type="gene"
        link="https://www.kegg.jp/dbget-bin/www_bget?hsa:7248+hsa:7249">
        <graphics name="TSC1, LAM, TSC..." fgcolor="#000000" bgcolor="#BFFFBF"
             type="rectangle" x="560" y="264" width="46" height="17"/>
    </entry>
    <entry id="65" name="hsa:6009" type="gene"
        link="https://www.kegg.jp/dbget-bin/www_bget?hsa:6009">
        <graphics name="RHEB, RHEB2" fgcolor="#000000" bgcolor="#BFFFBF"
             type="rectangle" x="655" y="264" width="46" height="17"/>
    </entry>
    <entry id="66" name="hsa:2475" type="gene"
        link="https://www.kegg.jp/dbget-bin/www_bget?hsa:2475">
        <graphics name="MTOR, FRAP, FRAP1, FRAP2, RAFT1, RAPT1, SKS" fgcolor="#000000" bgcolor="#BFFFBF"
             type="rectangle" x="769" y="268" width="46" height="17"/>
    </entry>
    <entry id="67" name="hsa:6198 hsa:6199" type="gene"
        link="https://www.kegg.jp/dbget-bin/www_bget?hsa:6198+hsa:6199">
        <graphics name="RPS6KB1, PS6K, S6K, S6K-beta-1, S6K1, STK14A, p70_S6KA, p70(S6K)-alpha, p70-S6K, p70-alpha..." fgcolor="#000000" bgcolor="#BFFFBF"
             type="rectangle" x="874" y="246" width="46" height="17"/>
    </entry>
    <entry id="68" name="hsa:1978" type="gene"
        link="https://www.kegg.jp/dbget-bin/www_bget?hsa:1978">
        <graphics name="EIF4EBP1, 4E-BP1, 4EBP1, BP-1, PHAS-I" fgcolor="#000000" bgcolor="#BFFFBF"
             type="rectangle" x="874" y="289" width="46" height="17"/>
    </entry>
    <entry id="78" name="cpd:C00416" type="compound"
        link="https://www.kegg.jp/dbget-bin/www_bget?C00416">
        <graphics name="C00416" fgcolor="#000000" bgcolor="#FFFFFF"
             type="circle" x="299" y="474" width="8" height="8"/>
    </entry>
    <entry id="92" name="cpd:C00165" type="compound"
        link="https://www.kegg.jp/dbget-bin/www_bget?C00165">
        <graphics name="C00165" fgcolor="#000000" bgcolor="#FFFFFF"
             type="circle" x="593" y="549" width="8" height="8"/>
    </entry>
    <entry id="94" name="hsa:139189 hsa:1606 hsa:1607 hsa:1608 hsa:160851 hsa:1609 hsa:8525 hsa:8526 hsa:8527 hsa:9162" type="gene"
        link="https://www.kegg.jp/dbget-bin/www_bget?hsa:139189+hsa:1606+hsa:1607+hsa:1608+hsa:160851+hsa:1609+hsa:8525+hsa:8526+hsa:8527+hsa:9162">
        <graphics name="DGKK..." fgcolor="#000000" bgcolor="#BFFFBF"
             type="rectangle" x="443" y="566" width="46" height="17"/>
    </entry>
    <entry id="96" name="cpd:C00162" type="compound"
        link="https://www.kegg.jp/dbget-bin/www_bget?C00162">
        <graphics name="C00162" fgcolor="#000000" bgcolor="#FFFFFF"
             type="circle" x="482" y="756" width="8" height="8"/>
    </entry>
    <entry id="98" name="cpd:C00093" type="compound"
        link="https://www.kegg.jp/dbget-bin/www_bget?C00093">
        <graphics name="C00093" fgcolor="#000000" bgcolor="#FFFFFF"
             type="circle" x="278" y="756" width="8" height="8"/>
    </entry>
    <entry id="100" name="cpd:C00162" type="compound"
        link="https://www.kegg.jp/dbget-bin/www_bget?C00162">
        <graphics name="C00162" fgcolor="#000000" bgcolor="#FFFFFF"
             type="circle" x="657" y="757" width="8" height="8"/>
    </entry>
    <entry id="101" name="path:hsa04150" type="map"
        link="https://www.kegg.jp/dbget-bin/www_bget?hsa04150">
        <graphics name="mTOR signaling pathway" fgcolor="#000000" bgcolor="#FFFFFF"
             type="roundrectangle" x="769" y="306" width="112" height="34"/>
    </entry>
    <entry id="106" name="hsa:23396 hsa:8394 hsa:8395" type="gene"
        link="https://www.kegg.jp/dbget-bin/www_bget?hsa:23396+hsa:8394+hsa:8395">
        <graphics name="PIP5K1C, LCCS3, PIP5K-GAMMA, PIP5K1-gamma, PIP5Kgamma..." fgcolor="#000000" bgcolor="#BFFFBF"
             type="rectangle" x="719" y="357" width="46" height="17"/>
    </entry>
    <entry id="107" name="hsa:7454" type="gene"
        link="https://www.kegg.jp/dbget-bin/www_bget?hsa:7454">
        <graphics name="WAS, IMD2, SCNX, THC, THC1, WASP, WASPA" fgcolor="#000000" bgcolor="#BFFFBF"
             type="rectangle" x="874" y="357" width="46" height="17"/>
    </entry>
    <entry id="108" name="hsa:5879 hsa:5880 hsa:5881" type="gene"
        link="https://www.kegg.jp/dbget-bin/www_bget?hsa:5879+hsa:5880+hsa:5881">
        <graphics name="RAC1, MIG5, MRD48, Rac-1, TC-25, p21-Rac1..." fgcolor="#000000" bgcolor="#BFFFBF"
             type="rectangle" x="719" y="396" width="46" height="17"/>
    </entry>
    <entry id="109" name="hsa:10163 hsa:10810 hsa:8936" type="gene"
        link="https://www.kegg.jp/dbget-bin/www_bget?hsa:10163+hsa:10810+hsa:8936">
        <graphics name="WASF2, IMD2, SCAR2, WASF4, WAVE2, dJ393P12.2..." fgcolor="#000000" bgcolor="#BFFFBF"
             type="rectangle" x="874" y="398" width="46" height="17"/>
    </entry>
    <entry id="114" name="path:hsa04810" type="map"
        link="https://www.kegg.jp/dbget-bin/www_bget?hsa04810">
        <graphics name="Regulation of actin cytoskeleton" fgcolor="#000000" bgcolor="#FFFFFF"
             type="roundrectangle" x="997" y="406" width="112" height="34"/>
    </entry>
    <entry id="120" name="hsa:8611 hsa:8612 hsa:8613" type="gene"
        link="https://www.kegg.jp/dbget-bin/www_bget?hsa:8611+hsa:8612+hsa:8613">
        <graphics name="PLPP1, LLP1a, LPP1, PAP-2a, PAP2, PPAP2A..." fgcolor="#000000" bgcolor="#BFFFBF"
             type="rectangle" x="466" y="529" width="46" height="17"/>
    </entry>
    <entry id="121" name="cpd:C00307" type="compound"
        link="https://www.kegg.jp/dbget-bin/www_bget?C00307">
        <graphics name="C00307" fgcolor="#000000" bgcolor="#FFFFFF"
             type="circle" x="177" y="802" width="8" height="8"/>
    </entry>
    <entry id="123" name="hsa:6667" type="gene"
        link="https://www.kegg.jp/dbget-bin/www_bget?hsa:6667">
        <graphics name="SP1" fgcolor="#000000" bgcolor="#BFFFBF"
             type="rectangle" x="507" y="470" width="46" height="17"/>
    </entry>
    <entry id="125" name="hsa:6667" type="gene"
        link="https://www.kegg.jp/dbget-bin/www_bget?hsa:6667">
        <graphics name="SP1" fgcolor="#000000" bgcolor="#BFFFBF"
             type="rectangle" x="217" y="587" width="46" height="17"/>
    </entry>
    <entry id="127" name="hsa:2353 hsa:3725" type="gene"
        link="https://www.kegg.jp/dbget-bin/www_bget?hsa:2353+hsa:3725">
        <graphics name="FOS, AP-1, C-FOS, p55..." fgcolor="#000000" bgcolor="#BFFFBF"
             type="rectangle" x="407" y="597" width="46" height="17"/>
    </entry>
    <entry id="128" name="hsa:3091" type="gene"
        link="https://www.kegg.jp/dbget-bin/www_bget?hsa:3091">
        <graphics name="HIF1A, HIF-1-alpha, HIF-1A, HIF-1alpha, HIF1, HIF1-ALPHA, MOP1, PASD8, bHLHe78" fgcolor="#000000" bgcolor="#BFFFBF"
             type="rectangle" x="283" y="581" width="46" height="17"/>
    </entry>
    <entry id="131" name="hsa:6667" type="gene"
        link="https://www.kegg.jp/dbget-bin/www_bget?hsa:6667">
        <graphics name="SP1" fgcolor="#000000" bgcolor="#BFFFBF"
             type="rectangle" x="593" y="597" width="46" height="17"/>
    </entry>
    <entry id="136" name="hsa:100137049 hsa:123745 hsa:255189 hsa:283748 hsa:5321 hsa:8605 hsa:8681" type="gene"
        link="https://www.kegg.jp/dbget-bin/www_bget?hsa:100137049+hsa:123745+hsa:255189+hsa:283748+hsa:5321+hsa:8605+hsa:8681">
        <graphics name="PLA2G4B, HsT16992, cPLA2-beta..." fgcolor="#000000" bgcolor="#BFFFBF"
             type="rectangle" x="1029" y="219" width="46" height="17"/>
    </entry>
    <entry id="139" name="hsa:5578 hsa:5579 hsa:5582" type="gene"
        link="https://www.kegg.jp/dbget-bin/www_bget?hsa:5578+hsa:5579+hsa:5582">
        <graphics name="PRKCA, AAG6, PKC-alpha, PKCA, PKCI+/-, PKCalpha, PRKACA..." fgcolor="#000000" bgcolor="#BFFFBF"
             type="rectangle" x="719" y="467" width="46" height="17"/>
    </entry>
    <relation entry1="32" entry2="29" type="PPrel">
        <subtype name="activation" value="--&gt;"/>
    </relation>
    <relation entry1="29" entry2="30" type="PPrel">
        <subtype name="activation" value="--&gt;"/>
    </relation>
    <relation entry1="30" entry2="7" type="PPrel">
        <subtype name="activation" value="--&gt;"/>
    </relation>
    <relation entry1="7" entry2="8" type="PPrel">
        <subtype name="activation" value="--&gt;"/>
    </relation>
    <relation entry1="8" entry2="10" type="PPrel">
        <subtype name="activation" value="--&gt;"/>
    </relation>
    <relation entry1="8" entry2="58" type="PPrel">
        <subtype name="activation" value="--&gt;"/>
    </relation>
    <relation entry1="58" entry2="5" type="PPrel">
        <subtype name="activation" value="--&gt;"/>
    </relation>
    <relation entry1="29" entry2="12" type="PPrel">
        <subtype name="activation" value="--&gt;"/>
    </relation>
    <relation entry1="12" entry2="14" type="PCrel">
        <subtype name="activation" value="--&gt;"/>
    </relation>
    <relation entry1="14" entry2="13" type="PCrel">
        <subtype name="activation" value="--&gt;"/>
    </relation>
    <relation entry1="13" entry2="11" type="PPrel">
        <subtype name="activation" value="--&gt;"/>
    </relation>
    <relation entry1="65" entry2="66" type="PPrel">
        <subtype name="activation" value="--&gt;"/>
    </relation>
    <relation entry1="78" entry2="10" type="PCrel">
        <subtype name="activation" value="--&gt;"/>
    </relation>
    <relation entry1="78" entry2="66" type="PCrel">
        <subtype name="activation" value="--&gt;"/>
    </relation>
    <relation entry1="78" entry2="106" type="PCrel">
        <subtype name="activation" value="--&gt;"/>
    </relation>
    <relation entry1="78" entry2="108" type="PCrel">
        <subtype name="activation" value="--&gt;"/>
    </relation>
    <relation entry1="106" entry2="107" type="PPrel">
        <subtype name="activation" value="--&gt;"/>
        <subtype name="indirect effect" value="..&gt;"/>
    </relation>
    <relation entry1="108" entry2="109" type="PPrel">
        <subtype name="activation" value="--&gt;"/>
        <subtype name="indirect effect" value="..&gt;"/>
    </relation>
    <relation entry1="12" entry2="36" type="PPrel">
        <subtype name="activation" value="--&gt;"/>
        <subtype name="indirect effect" value="..&gt;"/>
    </relation>
    <relation entry1="12" entry2="63" type="PPrel">
        <subtype name="activation" value="--&gt;"/>
        <subtype name="indirect effect" value="..&gt;"/>
    </relation>
    <relation entry1="8" entry2="63" type="PPrel">
        <subtype name="activation" value="--&gt;"/>
        <subtype name="indirect effect" value="..&gt;"/>
    </relation>
    <relation entry1="8" entry2="37" type="PPrel">
        <subtype name="activation" value="--&gt;"/>
        <subtype name="indirect effect" value="..&gt;"/>
    </relation>
    <relation entry1="10" entry2="63" type="PPrel">
        <subtype name="activation" value="--&gt;"/>
        <subtype name="indirect effect" value="..&gt;"/>
    </relation>
    <relation entry1="10" entry2="36" type="PPrel">
        <subtype name="activation" value="--&gt;"/>
        <subtype name="indirect effect" value="..&gt;"/>
    </relation>
    <relation entry1="58" entry2="63" type="PPrel">
        <subtype name="activation" value="--&gt;"/>
        <subtype name="indirect effect" value="..&gt;"/>
    </relation>
    <relation entry1="58" entry2="36" type="PPrel">
        <subtype name="activation" value="--&gt;"/>
        <subtype name="indirect effect" value="..&gt;"/>
    </relation>
    <relation entry1="10" entry2="9" type="PPrel">
        <subtype name="activation" value="--&gt;"/>
        <subtype name="phosphorylation" value="+p"/>
    </relation>
    <relation entry1="9" entry2="6" type="PPrel">
        <subtype name="activation" value="--&gt;"/>
        <subtype name="phosphorylation" value="+p"/>
    </relation>
    <relation entry1="66" entry2="67" type="PPrel">
        <subtype name="activation" value="--&gt;"/>
        <subtype name="phosphorylation" value="+p"/>
    </relation>
    <relation entry1="11" entry2="64" type="PPrel">
        <subtype name="inhibition" value="--|"/>
        <subtype name="phosphorylation" value="+p"/>
    </relation>
    <relation entry1="66" entry2="68" type="PPrel">
        <subtype name="inhibition" value="--|"/>
        <subtype name="phosphorylation" value="+p"/>
    </relation>
    <relation entry1="6" entry2="39" type="PPrel">
        <subtype name="inhibition" value="--|"/>
        <subtype name="phosphorylation" value="+p"/>
    </relation>
    <relation entry1="5" entry2="39" type="PPrel">
        <subtype name="inhibition" value="--|"/>
        <subtype name="phosphorylation" value="+p"/>
    </relation>
    <relation entry1="125" entry2="35" type="PPrel">
        <subtype name="activation" value="--&gt;"/>
        <subtype name="indirect effect" value="..&gt;"/>
    </relation>
    <relation entry1="128" entry2="36" type="PPrel">
        <subtype name="activation" value="--&gt;"/>
        <subtype name="indirect effect" value="..&gt;"/>
    </relation>
    <relation entry1="127" entry2="36" type="PPrel">
        <subtype name="activation" value="--&gt;"/>
        <subtype name="indirect effect" value="..&gt;"/>
    </relation>
    <relation entry1="123" entry2="63" type="PPrel">
        <subtype name="activation" value="--&gt;"/>
        <subtype name="indirect effect" value="..&gt;"/>
    </relation>
    <relation entry1="131" entry2="39" type="PPrel">
        <subtype name="activation" value="--&gt;"/>
        <subtype name="indirect effect" value="..&gt;"/>
    </relation>
    <relation entry1="92" entry2="139" type="PCrel">
        <subtype name="activation" value="--&gt;"/>
    </relation>
    <relation entry1="6" entry2="136" type="GErel">
        <subtype name="expression" value="--&gt;"/>
    </relation>
    <relation entry1="5" entry2="136" type="GErel">
        <subtype name="expression" value="--&gt;"/>
    </relation>
</pathway>
