<?xml version="1.0"?>
<!DOCTYPE pathway SYSTEM "https://www.kegg.jp/kegg/xml/KGML_v0.7.2_.dtd">
<!-- Creation date: Jun 12, 2019 13:39:08 +0900 (GMT+9) -->
<pathway name="path:hsa04721" org="hsa" number="04721"
         title="Synaptic vesicle cycle"
         image="https://www.kegg.jp/kegg/pathway/hsa/hsa04721.png"
         link="https://www.kegg.jp/kegg-bin/show_pathway?hsa04721">
    <entry id="7" name="path:hsa04721" type="map"
        link="https://www.kegg.jp/dbget-bin/www_bget?hsa04721">
        <graphics name="TITLE:Synaptic vesicle cycle" fgcolor="#000000" bgcolor="#FFFFFF"
             type="roundrectangle" x="151" y="58" width="222" height="25"/>
    </entry>
    <entry id="10" name="hsa:773 hsa:774" type="gene"
        link="https://www.kegg.jp/dbget-bin/www_bget?hsa:773+hsa:774">
        <graphics name="CACNA1A, APCA, BI, CACNL1A4, CAV2.1, DEE42, EA2, EIEE42, FHM, HPCA, MHP, MHP1, SCA6..." fgcolor="#000000" bgcolor="#BFFFBF"
             type="rectangle" x="656" y="698" width="46" height="17"/>
    </entry>
    <entry id="11" name="cpd:C00076" type="compound"
        link="https://www.kegg.jp/dbget-bin/www_bget?C00076">
        <graphics name="C00076" fgcolor="#000000" bgcolor="#FFFFFF"
             type="circle" x="657" y="748" width="8" height="8"/>
    </entry>
    <entry id="12" name="path:hsa04724" type="map"
        link="https://www.kegg.jp/dbget-bin/www_bget?hsa04724">
        <graphics name="Glutamatergic synapse" fgcolor="#000000" bgcolor="#FFFFFF"
             type="roundrectangle" x="411" y="907" width="92" height="34"/>
    </entry>
    <entry id="13" name="path:hsa04725" type="map"
        link="https://www.kegg.jp/dbget-bin/www_bget?hsa04725">
        <graphics name="Cholinergic synapse" fgcolor="#000000" bgcolor="#FFFFFF"
             type="roundrectangle" x="521" y="907" width="92" height="34"/>
    </entry>
    <entry id="87" name="hsa:112755 hsa:2054 hsa:6804 hsa:6809" type="gene"
        link="https://www.kegg.jp/dbget-bin/www_bget?hsa:112755+hsa:2054+hsa:6804+hsa:6809">
        <graphics name="STX1B, GEFSP9, STX1B1, STX1B2..." fgcolor="#000000" bgcolor="#BFFFBF"
             type="rectangle" x="411" y="644" width="46" height="17"/>
    </entry>
    <entry id="88" name="hsa:22999" type="gene"
        link="https://www.kegg.jp/dbget-bin/www_bget?hsa:22999">
        <graphics name="RIMS1, CORD7, RAB3IP2, RIM, RIM1" fgcolor="#000000" bgcolor="#BFFFBF"
             type="rectangle" x="203" y="657" width="46" height="17"/>
    </entry>
    <entry id="89" name="hsa:10814 hsa:10815 hsa:339302 hsa:594855" type="gene"
        link="https://www.kegg.jp/dbget-bin/www_bget?hsa:10814+hsa:10815+hsa:339302+hsa:594855">
        <graphics name="CPLX2, 921-L, CPX-2, CPX2, Hfb1..." fgcolor="#000000" bgcolor="#BFFFBF"
             type="rectangle" x="629" y="615" width="46" height="17"/>
    </entry>
    <entry id="90" name="hsa:5864" type="gene"
        link="https://www.kegg.jp/dbget-bin/www_bget?hsa:5864">
        <graphics name="RAB3A" fgcolor="#000000" bgcolor="#BFFFBF"
             type="rectangle" x="203" y="634" width="46" height="17"/>
    </entry>
    <entry id="91" name="hsa:6844" type="gene"
        link="https://www.kegg.jp/dbget-bin/www_bget?hsa:6844">
        <graphics name="VAMP2, NEDHAHM, SYB2, VAMP-2" fgcolor="#000000" bgcolor="#BFFFBF"
             type="rectangle" x="411" y="621" width="46" height="17"/>
    </entry>
    <entry id="93" name="hsa:6616" type="gene"
        link="https://www.kegg.jp/dbget-bin/www_bget?hsa:6616">
        <graphics name="SNAP25, CMS18, RIC-4, RIC4, SEC9, SNAP, SNAP-25, SUP, bA416N4.2, dJ1068F16.2" fgcolor="#000000" bgcolor="#BFFFBF"
             type="rectangle" x="411" y="671" width="46" height="17"/>
    </entry>
    <entry id="100" name="cpd:C00080" type="compound"
        link="https://www.kegg.jp/dbget-bin/www_bget?C00080">
        <graphics name="C00080" fgcolor="#000000" bgcolor="#FFFFFF"
             type="circle" x="1220" y="233" width="8" height="8"/>
    </entry>
    <entry id="113" name="path:hsa04726" type="map"
        link="https://www.kegg.jp/dbget-bin/www_bget?hsa04726">
        <graphics name="Serotonergic synapse" fgcolor="#000000" bgcolor="#FFFFFF"
             type="roundrectangle" x="631" y="908" width="92" height="34"/>
    </entry>
    <entry id="114" name="path:hsa04727" type="map"
        link="https://www.kegg.jp/dbget-bin/www_bget?hsa04727">
        <graphics name="GABAergic synapse" fgcolor="#000000" bgcolor="#FFFFFF"
             type="roundrectangle" x="926" y="909" width="92" height="34"/>
    </entry>
    <entry id="115" name="path:hsa04728" type="map"
        link="https://www.kegg.jp/dbget-bin/www_bget?hsa04728">
        <graphics name="Dopaminergic synapse" fgcolor="#000000" bgcolor="#FFFFFF"
             type="roundrectangle" x="1036" y="909" width="92" height="34"/>
    </entry>
    <entry id="116" name="path:hsa04144" type="map"
        link="https://www.kegg.jp/dbget-bin/www_bget?hsa04144">
        <graphics name="Endocytosis" fgcolor="#000000" bgcolor="#FFFFFF"
             type="roundrectangle" x="1238" y="539" width="92" height="25"/>
    </entry>
    <entry id="117" name="hsa:8775" type="gene"
        link="https://www.kegg.jp/dbget-bin/www_bget?hsa:8775">
        <graphics name="NAPA, SNAPA" fgcolor="#000000" bgcolor="#BFFFBF"
             type="rectangle" x="1154" y="645" width="46" height="17"/>
    </entry>
    <entry id="118" name="hsa:4905" type="gene"
        link="https://www.kegg.jp/dbget-bin/www_bget?hsa:4905">
        <graphics name="NSF, DEE96, SEC18, SKD2" fgcolor="#000000" bgcolor="#BFFFBF"
             type="rectangle" x="1154" y="623" width="46" height="17"/>
    </entry>
    <entry id="158" name="hsa:6857" type="gene"
        link="https://www.kegg.jp/dbget-bin/www_bget?hsa:6857">
        <graphics name="SYT1, BAGOS, P65, SVP65, SYT" fgcolor="#000000" bgcolor="#BFFFBF"
             type="rectangle" x="682" y="619" width="46" height="17"/>
    </entry>
    <entry id="159" name="hsa:6857" type="gene"
        link="https://www.kegg.jp/dbget-bin/www_bget?hsa:6857">
        <graphics name="SYT1, BAGOS, P65, SVP65, SYT" fgcolor="#000000" bgcolor="#BFFFBF"
             type="rectangle" x="285" y="345" width="46" height="17"/>
    </entry>
    <entry id="160" name="hsa:6844" type="gene"
        link="https://www.kegg.jp/dbget-bin/www_bget?hsa:6844">
        <graphics name="VAMP2, NEDHAHM, SYB2, VAMP-2" fgcolor="#000000" bgcolor="#BFFFBF"
             type="rectangle" x="283" y="392" width="46" height="17"/>
    </entry>
    <entry id="164" name="hsa:1211 hsa:1212 hsa:1213 hsa:8218" type="gene"
        link="https://www.kegg.jp/dbget-bin/www_bget?hsa:1211+hsa:1212+hsa:1213+hsa:8218">
        <graphics name="CLTA, LCA..." fgcolor="#000000" bgcolor="#BFFFBF"
             type="rectangle" x="1326" y="518" width="46" height="17"/>
    </entry>
    <entry id="165" name="hsa:1173 hsa:1175 hsa:160 hsa:161 hsa:163" type="gene"
        link="https://www.kegg.jp/dbget-bin/www_bget?hsa:1173+hsa:1175+hsa:160+hsa:161+hsa:163">
        <graphics name="AP2M1, AP50, CLAPM1, MRD60, mu2..." fgcolor="#000000" bgcolor="#BFFFBF"
             type="rectangle" x="1376" y="538" width="46" height="17"/>
    </entry>
    <entry id="168" name="hsa:1759 hsa:1785 hsa:26052" type="gene"
        link="https://www.kegg.jp/dbget-bin/www_bget?hsa:1759+hsa:1785+hsa:26052">
        <graphics name="DNM1, DEE31, DNM, EIEE31..." fgcolor="#000000" bgcolor="#BFFFBF"
             type="rectangle" x="1288" y="680" width="46" height="17"/>
    </entry>
    <entry id="169" name="hsa:1759 hsa:1785 hsa:26052" type="gene"
        link="https://www.kegg.jp/dbget-bin/www_bget?hsa:1759+hsa:1785+hsa:26052">
        <graphics name="DNM1, DEE31, DNM, EIEE31..." fgcolor="#000000" bgcolor="#BFFFBF"
             type="rectangle" x="1369" y="681" width="46" height="17"/>
    </entry>
    <entry id="171" name="hsa:6857" type="gene"
        link="https://www.kegg.jp/dbget-bin/www_bget?hsa:6857">
        <graphics name="SYT1, BAGOS, P65, SVP65, SYT" fgcolor="#000000" bgcolor="#BFFFBF"
             type="rectangle" x="410" y="598" width="46" height="17"/>
    </entry>
    <entry id="186" name="hsa:6812" type="gene"
        link="https://www.kegg.jp/dbget-bin/www_bget?hsa:6812">
        <graphics name="STXBP1, DEE4, MUNC18-1, N-Sec1, NSEC1, P67, RBSEC1, UNC18, unc-18A, unc18-1" fgcolor="#000000" bgcolor="#BFFFBF"
             type="rectangle" x="300" y="637" width="46" height="17"/>
    </entry>
    <entry id="188" name="hsa:6857" type="gene"
        link="https://www.kegg.jp/dbget-bin/www_bget?hsa:6857">
        <graphics name="SYT1, BAGOS, P65, SVP65, SYT" fgcolor="#000000" bgcolor="#BFFFBF"
             type="rectangle" x="1100" y="587" width="46" height="17"/>
    </entry>
    <entry id="190" name="hsa:6616" type="gene"
        link="https://www.kegg.jp/dbget-bin/www_bget?hsa:6616">
        <graphics name="SNAP25, CMS18, RIC-4, RIC4, SEC9, SNAP, SNAP-25, SUP, bA416N4.2, dJ1068F16.2" fgcolor="#000000" bgcolor="#BFFFBF"
             type="rectangle" x="907" y="636" width="46" height="17"/>
    </entry>
    <entry id="191" name="hsa:6844" type="gene"
        link="https://www.kegg.jp/dbget-bin/www_bget?hsa:6844">
        <graphics name="VAMP2, NEDHAHM, SYB2, VAMP-2" fgcolor="#000000" bgcolor="#BFFFBF"
             type="rectangle" x="953" y="589" width="46" height="17"/>
    </entry>
    <entry id="192" name="hsa:112755 hsa:2054 hsa:6804 hsa:6809" type="gene"
        link="https://www.kegg.jp/dbget-bin/www_bget?hsa:112755+hsa:2054+hsa:6804+hsa:6809">
        <graphics name="STX1B, GEFSP9, STX1B1, STX1B2..." fgcolor="#000000" bgcolor="#BFFFBF"
             type="rectangle" x="901" y="612" width="46" height="17"/>
    </entry>
    <entry id="202" name="hsa:10497 hsa:23025 hsa:440279" type="gene"
        link="https://www.kegg.jp/dbget-bin/www_bget?hsa:10497+hsa:23025+hsa:440279">
        <graphics name="UNC13B, MUNC13, UNC13, Unc13h2, munc13-2..." fgcolor="#000000" bgcolor="#BFFFBF"
             type="rectangle" x="410" y="557" width="46" height="17"/>
    </entry>
    <entry id="219" name="cpd:C00080" type="compound"
        link="https://www.kegg.jp/dbget-bin/www_bget?C00080">
        <graphics name="C00080" fgcolor="#000000" bgcolor="#FFFFFF"
             type="circle" x="1081" y="365" width="8" height="8"/>
    </entry>
    <entry id="224" name="cpd:C03758 cpd:C01996 cpd:C00334 cpd:C00025 cpd:C16041 cpd:C00037 cpd:C00547 cpd:C00780 cpd:C00002 cpd:C00388" type="compound"
        link="https://www.kegg.jp/dbget-bin/www_bget?C03758+C01996+C00334+C00025+C16041+C00037+C00547+C00780+C00002+C00388">
        <graphics name="C03758..." fgcolor="#000000" bgcolor="#FFFFFF"
             type="circle" x="676" y="290" width="8" height="8"/>
    </entry>
    <entry id="225" name="cpd:C03758 cpd:C01996 cpd:C00334 cpd:C00025 cpd:C16041 cpd:C00037 cpd:C00547 cpd:C00780 cpd:C00002 cpd:C00388" type="compound"
        link="https://www.kegg.jp/dbget-bin/www_bget?C03758+C01996+C00334+C00025+C16041+C00037+C00547+C00780+C00002+C00388">
        <graphics name="C03758..." fgcolor="#000000" bgcolor="#FFFFFF"
             type="circle" x="554" y="161" width="8" height="8"/>
    </entry>
    <entry id="262" name="hsa:6857" type="gene"
        link="https://www.kegg.jp/dbget-bin/www_bget?hsa:6857">
        <graphics name="SYT1, BAGOS, P65, SVP65, SYT" fgcolor="#000000" bgcolor="#BFFFBF"
             type="rectangle" x="358" y="526" width="46" height="17"/>
    </entry>
    <entry id="264" name="hsa:140679 hsa:246213 hsa:57030 hsa:57084 hsa:6570 hsa:6571 hsa:6572" type="gene"
        link="https://www.kegg.jp/dbget-bin/www_bget?hsa:140679+hsa:246213+hsa:57030+hsa:57084+hsa:6570+hsa:6571+hsa:6572">
        <graphics name="SLC32A1, VGAT, VIAAT..." fgcolor="#000000" bgcolor="#BFFFBF"
             type="rectangle" x="553" y="188" width="46" height="17"/>
    </entry>
    <entry id="265" name="hsa:140679 hsa:246213 hsa:57030 hsa:57084 hsa:6570 hsa:6571 hsa:6572" type="gene"
        link="https://www.kegg.jp/dbget-bin/www_bget?hsa:140679+hsa:246213+hsa:57030+hsa:57084+hsa:6570+hsa:6571+hsa:6572">
        <graphics name="SLC32A1, VGAT, VIAAT..." fgcolor="#000000" bgcolor="#BFFFBF"
             type="rectangle" x="675" y="318" width="46" height="17"/>
    </entry>
    <entry id="266" name="hsa:10312 hsa:127124 hsa:155066 hsa:23545 hsa:245972 hsa:245973 hsa:50617 hsa:51382 hsa:51606 hsa:523 hsa:525 hsa:526 hsa:527 hsa:528 hsa:529 hsa:533 hsa:534 hsa:535 hsa:8992 hsa:90423 hsa:9114 hsa:9296 hsa:9550" type="gene"
        link="https://www.kegg.jp/dbget-bin/www_bget?hsa:10312+hsa:127124+hsa:155066+hsa:23545+hsa:245972+hsa:245973+hsa:50617+hsa:51382+hsa:51606+hsa:523+hsa:525+hsa:526+hsa:527+hsa:528+hsa:529+hsa:533+hsa:534+hsa:535+hsa:8992+hsa:90423+hsa:9114+hsa:9296+hsa:9550">
        <graphics name="TCIRG1, ATP6N1C, ATP6V0A3, Atp6i, OC-116kDa, OC116, OPTB1, Stv1, TIRC7, Vph1, a3..." fgcolor="#000000" bgcolor="#BFFFBF"
             type="rectangle" x="1037" y="365" width="46" height="17"/>
    </entry>
    <entry id="267" name="hsa:10312 hsa:127124 hsa:155066 hsa:23545 hsa:245972 hsa:245973 hsa:50617 hsa:51382 hsa:51606 hsa:523 hsa:525 hsa:526 hsa:527 hsa:528 hsa:529 hsa:533 hsa:534 hsa:535 hsa:8992 hsa:90423 hsa:9114 hsa:9296 hsa:9550" type="gene"
        link="https://www.kegg.jp/dbget-bin/www_bget?hsa:10312+hsa:127124+hsa:155066+hsa:23545+hsa:245972+hsa:245973+hsa:50617+hsa:51382+hsa:51606+hsa:523+hsa:525+hsa:526+hsa:527+hsa:528+hsa:529+hsa:533+hsa:534+hsa:535+hsa:8992+hsa:90423+hsa:9114+hsa:9296+hsa:9550">
        <graphics name="TCIRG1, ATP6N1C, ATP6V0A3, Atp6i, OC-116kDa, OC116, OPTB1, Stv1, TIRC7, Vph1, a3..." fgcolor="#000000" bgcolor="#BFFFBF"
             type="rectangle" x="1177" y="235" width="46" height="17"/>
    </entry>
    <entry id="268" name="hsa:6505 hsa:6506 hsa:6507 hsa:6511 hsa:6512 hsa:6529 hsa:6530 hsa:6531 hsa:6532 hsa:6534 hsa:6536 hsa:6538 hsa:6539 hsa:6540 hsa:9152" type="gene"
        link="https://www.kegg.jp/dbget-bin/www_bget?hsa:6505+hsa:6506+hsa:6507+hsa:6511+hsa:6512+hsa:6529+hsa:6530+hsa:6531+hsa:6532+hsa:6534+hsa:6536+hsa:6538+hsa:6539+hsa:6540+hsa:9152">
        <graphics name="SLC1A1, DCBXA, EAAC1, EAAT3, SCZD18, hEAAC1..." fgcolor="#000000" bgcolor="#BFFFBF"
             type="rectangle" x="122" y="438" width="46" height="17"/>
    </entry>
    <entry id="269" name="cpd:C03758 cpd:C01996 cpd:C00334 cpd:C00025 cpd:C16041 cpd:C00037 cpd:C00547 cpd:C00780 cpd:C00002 cpd:C00388" type="compound"
        link="https://www.kegg.jp/dbget-bin/www_bget?C03758+C01996+C00334+C00025+C16041+C00037+C00547+C00780+C00002+C00388">
        <graphics name="C03758..." fgcolor="#000000" bgcolor="#FFFFFF"
             type="circle" x="68" y="437" width="8" height="8"/>
    </entry>
    <relation entry1="11" entry2="158" type="PCrel">
        <subtype name="binding/association" value="---"/>
    </relation>
    <relation entry1="91" entry2="87" type="PPrel">
        <subtype name="binding/association" value="---"/>
    </relation>
    <relation entry1="192" entry2="190" type="PPrel">
        <subtype name="binding/association" value="---"/>
    </relation>
    <relation entry1="192" entry2="191" type="PPrel">
        <subtype name="binding/association" value="---"/>
    </relation>
    <relation entry1="90" entry2="88" type="PPrel">
        <subtype name="binding/association" value="---"/>
    </relation>
    <relation entry1="186" entry2="87" type="PPrel">
        <subtype name="binding/association" value="---"/>
    </relation>
    <relation entry1="87" entry2="93" type="PPrel">
        <subtype name="binding/association" value="---"/>
    </relation>
    <relation entry1="164" entry2="165" type="PPrel">
        <subtype name="binding/association" value="---"/>
    </relation>
</pathway>
