<?xml version="1.0"?>
<!DOCTYPE pathway SYSTEM "https://www.kegg.jp/kegg/xml/KGML_v0.7.2_.dtd">
<!-- Creation date: Nov 9, 2015 11:00:27 +0900 (GMT+9) -->
<pathway name="path:hsa04744" org="hsa" number="04744"
         title="Phototransduction"
         image="https://www.kegg.jp/kegg/pathway/hsa/hsa04744.png"
         link="https://www.kegg.jp/kegg-bin/show_pathway?hsa04744">
    <entry id="18" name="path:hsa04744" type="map"
        link="https://www.kegg.jp/dbget-bin/www_bget?hsa04744">
        <graphics name="TITLE:Phototransduction" fgcolor="#000000" bgcolor="#FFFFFF"
             type="roundrectangle" x="133" y="58" width="186" height="25"/>
    </entry>
    <entry id="19" name="hsa:1258 hsa:1259" type="gene"
        link="https://www.kegg.jp/dbget-bin/www_bget?hsa:1258+hsa:1259">
        <graphics name="CNGB1, CNCG2, CNCG3L, CNCG4, CNG4, CNGB1B, GAR1, GARP, GARP2, RCNC2, RCNCb, RCNCbeta, RP45..." fgcolor="#000000" bgcolor="#BFFFBF"
             type="rectangle" x="740" y="412" width="46" height="17"/>
    </entry>
    <entry id="20" name="hsa:1258 hsa:1259" type="gene"
        link="https://www.kegg.jp/dbget-bin/www_bget?hsa:1258+hsa:1259">
        <graphics name="CNGB1, CNCG2, CNCG3L, CNCG4, CNG4, CNGB1B, GAR1, GARP, GARP2, RCNC2, RCNCb, RCNCbeta, RP45..." fgcolor="#000000" bgcolor="#BFFFBF"
             type="rectangle" x="740" y="896" width="46" height="17"/>
    </entry>
    <entry id="23" name="hsa:6010" type="gene"
        link="https://www.kegg.jp/dbget-bin/www_bget?hsa:6010">
        <graphics name="RHO, CSNBAD1, OPN2, RP4" fgcolor="#000000" bgcolor="#BFFFBF"
             type="rectangle" x="318" y="252" width="46" height="17"/>
    </entry>
    <entry id="24" name="hsa:6010" type="gene"
        link="https://www.kegg.jp/dbget-bin/www_bget?hsa:6010">
        <graphics name="RHO, CSNBAD1, OPN2, RP4" fgcolor="#000000" bgcolor="#BFFFBF"
             type="rectangle" x="289" y="656" width="46" height="17"/>
    </entry>
    <entry id="25" name="hsa:5145 hsa:5148 hsa:5158" type="gene"
        link="https://www.kegg.jp/dbget-bin/www_bget?hsa:5145+hsa:5148+hsa:5158">
        <graphics name="PDE6A, CGPR-A, PDEA, RP43..." fgcolor="#000000" bgcolor="#BFFFBF"
             type="rectangle" x="490" y="266" width="46" height="17"/>
    </entry>
    <entry id="26" name="hsa:2779 hsa:2780 hsa:2782 hsa:2792" type="gene"
        link="https://www.kegg.jp/dbget-bin/www_bget?hsa:2779+hsa:2780+hsa:2782+hsa:2792">
        <graphics name="GNAT1, CSNB1G, CSNBAD3, GBT1, GNATR, HG1F..." fgcolor="#000000" bgcolor="#BFFFBF"
             type="rectangle" x="403" y="669" width="46" height="17"/>
    </entry>
    <entry id="27" name="hsa:2986 hsa:3000" type="gene"
        link="https://www.kegg.jp/dbget-bin/www_bget?hsa:2986+hsa:3000">
        <graphics name="GUCY2F, CYGF, GC-F, GUC2DL, GUC2F, RETGC-2, ROS-GC2..." fgcolor="#000000" bgcolor="#BFFFBF"
             type="rectangle" x="594" y="655" width="46" height="17"/>
    </entry>
    <entry id="28" name="hsa:2986 hsa:3000" type="gene"
        link="https://www.kegg.jp/dbget-bin/www_bget?hsa:2986+hsa:3000">
        <graphics name="GUCY2F, CYGF, GC-F, GUC2DL, GUC2F, RETGC-2, ROS-GC2..." fgcolor="#000000" bgcolor="#BFFFBF"
             type="rectangle" x="581" y="251" width="46" height="17"/>
    </entry>
    <entry id="30" name="hsa:2779 hsa:2780 hsa:2782 hsa:2792" type="gene"
        link="https://www.kegg.jp/dbget-bin/www_bget?hsa:2779+hsa:2780+hsa:2782+hsa:2792">
        <graphics name="GNAT1, CSNB1G, CSNBAD3, GBT1, GNATR, HG1F..." fgcolor="#000000" bgcolor="#BFFFBF"
             type="rectangle" x="402" y="265" width="46" height="17"/>
    </entry>
    <entry id="31" name="hsa:5145 hsa:5148 hsa:5158" type="gene"
        link="https://www.kegg.jp/dbget-bin/www_bget?hsa:5145+hsa:5148+hsa:5158">
        <graphics name="PDE6A, CGPR-A, PDEA, RP43..." fgcolor="#000000" bgcolor="#BFFFBF"
             type="rectangle" x="507" y="669" width="46" height="17"/>
    </entry>
    <entry id="32" name="cpd:C00076" type="compound"
        link="https://www.kegg.jp/dbget-bin/www_bget?C00076">
        <graphics name="C00076" fgcolor="#000000" bgcolor="#FFFFFF"
             type="circle" x="800" y="406" width="8" height="8"/>
    </entry>
    <entry id="33" name="cpd:C01330" type="compound"
        link="https://www.kegg.jp/dbget-bin/www_bget?C01330">
        <graphics name="C01330" fgcolor="#000000" bgcolor="#FFFFFF"
             type="circle" x="800" y="418" width="8" height="8"/>
    </entry>
    <entry id="34" name="cpd:C00942" type="compound"
        link="https://www.kegg.jp/dbget-bin/www_bget?C00942">
        <graphics name="C00942" fgcolor="#000000" bgcolor="#FFFFFF"
             type="circle" x="535" y="689" width="8" height="8"/>
    </entry>
    <entry id="35" name="cpd:C00144" type="compound"
        link="https://www.kegg.jp/dbget-bin/www_bget?C00144">
        <graphics name="C00144" fgcolor="#000000" bgcolor="#FFFFFF"
             type="circle" x="465" y="689" width="8" height="8"/>
    </entry>
    <entry id="37" name="cpd:C00942" type="compound"
        link="https://www.kegg.jp/dbget-bin/www_bget?C00942">
        <graphics name="C00942" fgcolor="#000000" bgcolor="#FFFFFF"
             type="circle" x="686" y="451" width="8" height="8"/>
    </entry>
    <entry id="40" name="cpd:C00942" type="compound"
        link="https://www.kegg.jp/dbget-bin/www_bget?C00942">
        <graphics name="C00942" fgcolor="#000000" bgcolor="#FFFFFF"
             type="circle" x="684" y="930" width="8" height="8"/>
    </entry>
    <entry id="42" name="hsa:9187" type="gene"
        link="https://www.kegg.jp/dbget-bin/www_bget?hsa:9187">
        <graphics name="SLC24A1, CSNB1D, HsT17412, NCKX, NCKX1, RODX" fgcolor="#000000" bgcolor="#BFFFBF"
             type="rectangle" x="740" y="314" width="46" height="17"/>
    </entry>
    <entry id="43" name="hsa:9187" type="gene"
        link="https://www.kegg.jp/dbget-bin/www_bget?hsa:9187">
        <graphics name="SLC24A1, CSNB1D, HsT17412, NCKX, NCKX1, RODX" fgcolor="#000000" bgcolor="#BFFFBF"
             type="rectangle" x="740" y="797" width="46" height="17"/>
    </entry>
    <entry id="44" name="cpd:C00238" type="compound"
        link="https://www.kegg.jp/dbget-bin/www_bget?C00238">
        <graphics name="C00238" fgcolor="#000000" bgcolor="#FFFFFF"
             type="circle" x="671" y="334" width="8" height="8"/>
    </entry>
    <entry id="45" name="cpd:C00076" type="compound"
        link="https://www.kegg.jp/dbget-bin/www_bget?C00076">
        <graphics name="C00076" fgcolor="#000000" bgcolor="#FFFFFF"
             type="circle" x="650" y="316" width="8" height="8"/>
    </entry>
    <entry id="46" name="cpd:C01330" type="compound"
        link="https://www.kegg.jp/dbget-bin/www_bget?C01330">
        <graphics name="C01330" fgcolor="#000000" bgcolor="#FFFFFF"
             type="circle" x="798" y="307" width="8" height="8"/>
    </entry>
    <entry id="47" name="cpd:C00238" type="compound"
        link="https://www.kegg.jp/dbget-bin/www_bget?C00238">
        <graphics name="C00238" fgcolor="#000000" bgcolor="#FFFFFF"
             type="circle" x="676" y="820" width="8" height="8"/>
    </entry>
    <entry id="48" name="cpd:C00076" type="compound"
        link="https://www.kegg.jp/dbget-bin/www_bget?C00076">
        <graphics name="C00076" fgcolor="#000000" bgcolor="#FFFFFF"
             type="circle" x="661" y="802" width="8" height="8"/>
    </entry>
    <entry id="49" name="cpd:C01330" type="compound"
        link="https://www.kegg.jp/dbget-bin/www_bget?C01330">
        <graphics name="C01330" fgcolor="#000000" bgcolor="#FFFFFF"
             type="circle" x="804" y="792" width="8" height="8"/>
    </entry>
    <entry id="60" name="cpd:C00942" type="compound"
        link="https://www.kegg.jp/dbget-bin/www_bget?C00942">
        <graphics name="C00942" fgcolor="#000000" bgcolor="#FFFFFF"
             type="circle" x="532" y="281" width="8" height="8"/>
    </entry>
    <entry id="64" name="hsa:118142757 hsa:2978 hsa:2979 hsa:9626" type="gene"
        link="https://www.kegg.jp/dbget-bin/www_bget?hsa:118142757+hsa:2978+hsa:2979+hsa:9626">
        <graphics name="GUCA1A, GUCA1ANB-GUCA1A..." fgcolor="#000000" bgcolor="#BFFFBF"
             type="rectangle" x="618" y="672" width="46" height="17"/>
    </entry>
    <entry id="65" name="hsa:118142757 hsa:2978 hsa:2979 hsa:9626" type="gene"
        link="https://www.kegg.jp/dbget-bin/www_bget?hsa:118142757+hsa:2978+hsa:2979+hsa:9626">
        <graphics name="GUCA1A, GUCA1ANB-GUCA1A..." fgcolor="#000000" bgcolor="#BFFFBF"
             type="rectangle" x="653" y="280" width="46" height="17"/>
    </entry>
    <entry id="66" name="path:hsa00830" type="map"
        link="https://www.kegg.jp/dbget-bin/www_bget?hsa00830">
        <graphics name="Retinol metabolism" fgcolor="#000000" bgcolor="#FFFFFF"
             type="roundrectangle" x="326" y="904" width="117" height="34"/>
    </entry>
    <entry id="67" name="cpd:C00076" type="compound"
        link="https://www.kegg.jp/dbget-bin/www_bget?C00076">
        <graphics name="C00076" fgcolor="#000000" bgcolor="#FFFFFF"
             type="circle" x="606" y="285" width="8" height="8"/>
    </entry>
    <entry id="71" name="cpd:C00376" type="compound"
        link="https://www.kegg.jp/dbget-bin/www_bget?C00376">
        <graphics name="C00376" fgcolor="#000000" bgcolor="#FFFFFF"
             type="circle" x="371" y="844" width="8" height="8"/>
    </entry>
    <entry id="72" name="cpd:C02110" type="compound"
        link="https://www.kegg.jp/dbget-bin/www_bget?C02110">
        <graphics name="C02110" fgcolor="#000000" bgcolor="#FFFFFF"
             type="circle" x="267" y="844" width="8" height="8"/>
    </entry>
    <entry id="73" name="hsa:6010" type="gene"
        link="https://www.kegg.jp/dbget-bin/www_bget?hsa:6010">
        <graphics name="RHO, CSNBAD1, OPN2, RP4" fgcolor="#000000" bgcolor="#BFFFBF"
             type="rectangle" x="436" y="851" width="46" height="17"/>
    </entry>
    <entry id="74" name="hsa:6010" type="gene"
        link="https://www.kegg.jp/dbget-bin/www_bget?hsa:6010">
        <graphics name="RHO, CSNBAD1, OPN2, RP4" fgcolor="#000000" bgcolor="#BFFFBF"
             type="rectangle" x="203" y="851" width="46" height="17"/>
    </entry>
    <entry id="82" name="hsa:5957" type="gene"
        link="https://www.kegg.jp/dbget-bin/www_bget?hsa:5957">
        <graphics name="RCVRN, RCV1" fgcolor="#000000" bgcolor="#BFFFBF"
             type="rectangle" x="267" y="314" width="46" height="17"/>
    </entry>
    <entry id="83" name="hsa:131890 hsa:6011" type="gene"
        link="https://www.kegg.jp/dbget-bin/www_bget?hsa:131890+hsa:6011">
        <graphics name="GRK7, GPRK7..." fgcolor="#000000" bgcolor="#BFFFBF"
             type="rectangle" x="256" y="267" width="46" height="17"/>
    </entry>
    <entry id="84" name="hsa:5957" type="gene"
        link="https://www.kegg.jp/dbget-bin/www_bget?hsa:5957">
        <graphics name="RCVRN, RCV1" fgcolor="#000000" bgcolor="#BFFFBF"
             type="rectangle" x="193" y="722" width="46" height="17"/>
    </entry>
    <entry id="85" name="hsa:131890 hsa:6011" type="gene"
        link="https://www.kegg.jp/dbget-bin/www_bget?hsa:131890+hsa:6011">
        <graphics name="GRK7, GPRK7..." fgcolor="#000000" bgcolor="#BFFFBF"
             type="rectangle" x="279" y="701" width="46" height="17"/>
    </entry>
    <entry id="86" name="hsa:6295" type="gene"
        link="https://www.kegg.jp/dbget-bin/www_bget?hsa:6295">
        <graphics name="SAG, RP47, S-AG" fgcolor="#000000" bgcolor="#BFFFBF"
             type="rectangle" x="347" y="295" width="46" height="17"/>
    </entry>
    <entry id="87" name="hsa:6295" type="gene"
        link="https://www.kegg.jp/dbget-bin/www_bget?hsa:6295">
        <graphics name="SAG, RP47, S-AG" fgcolor="#000000" bgcolor="#BFFFBF"
             type="rectangle" x="332" y="701" width="46" height="17"/>
    </entry>
    <entry id="93" name="cpd:C00076" type="compound"
        link="https://www.kegg.jp/dbget-bin/www_bget?C00076">
        <graphics name="C00076" fgcolor="#000000" bgcolor="#FFFFFF"
             type="circle" x="312" y="313" width="8" height="8"/>
    </entry>
    <entry id="95" name="cpd:C00076" type="compound"
        link="https://www.kegg.jp/dbget-bin/www_bget?C00076">
        <graphics name="C00076" fgcolor="#000000" bgcolor="#FFFFFF"
             type="circle" x="252" y="721" width="8" height="8"/>
    </entry>
    <entry id="99" name="hsa:131890 hsa:6011" type="gene"
        link="https://www.kegg.jp/dbget-bin/www_bget?hsa:131890+hsa:6011">
        <graphics name="GRK7, GPRK7..." fgcolor="#000000" bgcolor="#BFFFBF"
             type="rectangle" x="504" y="800" width="46" height="17"/>
    </entry>
    <entry id="100" name="hsa:6295" type="gene"
        link="https://www.kegg.jp/dbget-bin/www_bget?hsa:6295">
        <graphics name="SAG, RP47, S-AG" fgcolor="#000000" bgcolor="#BFFFBF"
             type="rectangle" x="504" y="822" width="46" height="17"/>
    </entry>
    <entry id="101" name="cpd:C00305" type="compound"
        link="https://www.kegg.jp/dbget-bin/www_bget?C00305">
        <graphics name="C00305" fgcolor="#000000" bgcolor="#FFFFFF"
             type="circle" x="600" y="699" width="8" height="8"/>
    </entry>
    <entry id="109" name="hsa:8787" type="gene"
        link="https://www.kegg.jp/dbget-bin/www_bget?hsa:8787">
        <graphics name="RGS9, PERRS, RGS9L" fgcolor="#000000" bgcolor="#BFFFBF"
             type="rectangle" x="435" y="302" width="46" height="17"/>
    </entry>
    <entry id="110" name="hsa:8787" type="gene"
        link="https://www.kegg.jp/dbget-bin/www_bget?hsa:8787">
        <graphics name="RGS9, PERRS, RGS9L" fgcolor="#000000" bgcolor="#BFFFBF"
             type="rectangle" x="410" y="712" width="46" height="17"/>
    </entry>
    <entry id="111" name="cpd:C00076" type="compound"
        link="https://www.kegg.jp/dbget-bin/www_bget?C00076">
        <graphics name="C00076" fgcolor="#000000" bgcolor="#FFFFFF"
             type="circle" x="646" y="363" width="8" height="8"/>
    </entry>
    <entry id="112" name="hsa:163688 hsa:51806 hsa:801 hsa:805 hsa:808 hsa:810 hsa:91860" type="gene"
        link="https://www.kegg.jp/dbget-bin/www_bget?hsa:163688+hsa:51806+hsa:801+hsa:805+hsa:808+hsa:810+hsa:91860">
        <graphics name="CALML6, CAGLP..." fgcolor="#000000" bgcolor="#BFFFBF"
             type="rectangle" x="688" y="365" width="46" height="17"/>
    </entry>
    <entry id="117" name="hsa:163688 hsa:51806 hsa:801 hsa:805 hsa:808 hsa:810 hsa:91860" type="gene"
        link="https://www.kegg.jp/dbget-bin/www_bget?hsa:163688+hsa:51806+hsa:801+hsa:805+hsa:808+hsa:810+hsa:91860">
        <graphics name="CALML6, CAGLP..." fgcolor="#000000" bgcolor="#BFFFBF"
             type="rectangle" x="674" y="856" width="46" height="17"/>
    </entry>
    <relation entry1="28" entry2="60" type="PCrel">
        <subtype name="activation" value="--&gt;"/>
    </relation>
    <relation entry1="24" entry2="26" type="PPrel">
        <subtype name="activation" value="--&gt;"/>
    </relation>
    <relation entry1="26" entry2="31" type="PPrel">
        <subtype name="activation" value="--&gt;"/>
    </relation>
    <relation entry1="27" entry2="34" type="PCrel">
        <subtype name="activation" value="--&gt;"/>
    </relation>
    <relation entry1="82" entry2="83" type="PPrel">
        <subtype name="inhibition" value="--|"/>
    </relation>
    <relation entry1="87" entry2="24" type="PPrel">
        <subtype name="inhibition" value="--|"/>
    </relation>
    <relation entry1="110" entry2="26" type="PPrel">
        <subtype name="inhibition" value="--|"/>
    </relation>
    <relation entry1="85" entry2="24" type="PPrel">
        <subtype name="inhibition" value="--|"/>
        <subtype name="phosphorylation" value="+p"/>
    </relation>
    <relation entry1="82" entry2="93" type="PCrel">
        <subtype name="binding/association" value="---"/>
    </relation>
    <relation entry1="67" entry2="65" type="PCrel">
        <subtype name="binding/association" value="---"/>
    </relation>
    <relation entry1="111" entry2="112" type="PCrel">
        <subtype name="binding/association" value="---"/>
    </relation>
    <relation entry1="101" entry2="64" type="PCrel">
        <subtype name="binding/association" value="---"/>
    </relation>
    <relation entry1="84" entry2="95" type="PCrel">
        <subtype name="dissociation" value="-+-"/>
    </relation>
    <relation entry1="40" entry2="20" type="PCrel">
        <subtype name="dissociation" value="-+-"/>
    </relation>
    <relation entry1="74" entry2="72" type="PCrel">
        <subtype name="binding/association" value="---"/>
    </relation>
    <relation entry1="71" entry2="73" type="PCrel">
        <subtype name="binding/association" value="---"/>
    </relation>
    <relation entry1="112" entry2="19" type="PPrel">
        <subtype name="inhibition" value="--|"/>
    </relation>
    <relation entry1="37" entry2="19" type="PCrel">
        <subtype name="binding/association" value="---"/>
    </relation>
    <relation entry1="64" entry2="27" type="PPrel">
        <subtype name="activation" value="--&gt;"/>
    </relation>
    <relation entry1="65" entry2="28" type="PPrel">
        <subtype name="inhibition" value="--|"/>
    </relation>
</pathway>
