<?xml version="1.0"?>
<!DOCTYPE pathway SYSTEM "https://www.kegg.jp/kegg/xml/KGML_v0.7.2_.dtd">
<!-- Creation date: Oct 23, 2015 10:00:59 +0900 (GMT+9) -->
<pathway name="path:hsa04720" org="hsa" number="04720"
         title="Long-term potentiation"
         image="https://www.kegg.jp/kegg/pathway/hsa/hsa04720.png"
         link="https://www.kegg.jp/kegg-bin/show_pathway?hsa04720">
    <entry id="12" name="hsa:5578 hsa:5579 hsa:5582" type="gene"
        link="https://www.kegg.jp/dbget-bin/www_bget?hsa:5578+hsa:5579+hsa:5582">
        <graphics name="PRKCA, AAG6, PKC-alpha, PKCA, PKCI+/-, PKCalpha, PRKACA..." fgcolor="#000000" bgcolor="#BFFFBF"
             type="rectangle" x="452" y="521" width="46" height="17"/>
    </entry>
    <entry id="13" name="cpd:C00305" type="compound"
        link="https://www.kegg.jp/dbget-bin/www_bget?C00305">
        <graphics name="C00305" fgcolor="#000000" bgcolor="#FFFFFF"
             type="circle" x="261" y="454" width="8" height="8"/>
    </entry>
    <entry id="14" name="hsa:814" type="gene"
        link="https://www.kegg.jp/dbget-bin/www_bget?hsa:814">
        <graphics name="CAMK4, CaMK_IV, CaMK-GR, CaMKIV, caMK" fgcolor="#000000" bgcolor="#BFFFBF"
             type="rectangle" x="816" y="547" width="46" height="17"/>
    </entry>
    <entry id="15" name="hsa:1387 hsa:2033" type="gene"
        link="https://www.kegg.jp/dbget-bin/www_bget?hsa:1387+hsa:2033">
        <graphics name="CREBBP, CBP, KAT3A, MKHK1, RSTS, RSTS1..." fgcolor="#000000" bgcolor="#BFFFBF"
             type="rectangle" x="889" y="500" width="46" height="17"/>
    </entry>
    <entry id="16" name="cpd:C00076" type="compound"
        link="https://www.kegg.jp/dbget-bin/www_bget?C00076">
        <graphics name="C00076" fgcolor="#000000" bgcolor="#FFFFFF"
             type="circle" x="382" y="439" width="8" height="8"/>
    </entry>
    <entry id="17" name="cpd:C01245" type="compound"
        link="https://www.kegg.jp/dbget-bin/www_bget?C01245">
        <graphics name="C01245" fgcolor="#000000" bgcolor="#FFFFFF"
             type="circle" x="538" y="591" width="8" height="8"/>
    </entry>
    <entry id="18" name="cpd:C01330" type="compound"
        link="https://www.kegg.jp/dbget-bin/www_bget?C01330">
        <graphics name="C01330" fgcolor="#000000" bgcolor="#FFFFFF"
             type="circle" x="406" y="174" width="8" height="8"/>
    </entry>
    <entry id="19" name="cpd:C00165" type="compound"
        link="https://www.kegg.jp/dbget-bin/www_bget?C00165">
        <graphics name="C00165" fgcolor="#000000" bgcolor="#FFFFFF"
             type="circle" x="504" y="541" width="8" height="8"/>
    </entry>
    <entry id="20" name="cpd:C00575" type="compound"
        link="https://www.kegg.jp/dbget-bin/www_bget?C00575">
        <graphics name="C00575" fgcolor="#000000" bgcolor="#FFFFFF"
             type="circle" x="454" y="250" width="8" height="8"/>
    </entry>
    <entry id="21" name="hsa:815 hsa:816 hsa:817 hsa:818" type="gene"
        link="https://www.kegg.jp/dbget-bin/www_bget?hsa:815+hsa:816+hsa:817+hsa:818">
        <graphics name="CAMK2A, CAMKA, CaMKIINalpha, CaMKIIalpha, MRD53, MRT63..." fgcolor="#000000" bgcolor="#BFFFBF"
             type="rectangle" x="530" y="371" width="46" height="17"/>
    </entry>
    <entry id="22" name="cpd:C00025" type="compound"
        link="https://www.kegg.jp/dbget-bin/www_bget?C00025">
        <graphics name="C00025" fgcolor="#000000" bgcolor="#FFFFFF"
             type="circle" x="202" y="378" width="8" height="8"/>
    </entry>
    <entry id="23" name="hsa:5530 hsa:5532 hsa:5533 hsa:5534 hsa:5535" type="gene"
        link="https://www.kegg.jp/dbget-bin/www_bget?hsa:5530+hsa:5532+hsa:5533+hsa:5534+hsa:5535">
        <graphics name="PPP3CA, ACCIID, CALN, CALNA, CALNA1, CCN1, CNA1, DEE91, IECEE, IECEE1, PPP2B..." fgcolor="#000000" bgcolor="#BFFFBF"
             type="rectangle" x="448" y="371" width="46" height="17"/>
    </entry>
    <entry id="24" name="hsa:163688 hsa:51806 hsa:801 hsa:805 hsa:808 hsa:810 hsa:91860" type="gene"
        link="https://www.kegg.jp/dbget-bin/www_bget?hsa:163688+hsa:51806+hsa:801+hsa:805+hsa:808+hsa:810+hsa:91860">
        <graphics name="CALML6, CAGLP..." fgcolor="#000000" bgcolor="#BFFFBF"
             type="rectangle" x="437" y="440" width="46" height="17"/>
    </entry>
    <entry id="25" name="hsa:27330 hsa:6195 hsa:6196 hsa:6197" type="gene"
        link="https://www.kegg.jp/dbget-bin/www_bget?hsa:27330+hsa:6195+hsa:6196+hsa:6197">
        <graphics name="RPS6KA6, PP90RSK4, RSK-4, RSK4, S6K-alpha-6, p90RSK6..." fgcolor="#000000" bgcolor="#BFFFBF"
             type="rectangle" x="816" y="440" width="46" height="17"/>
    </entry>
    <entry id="26" name="hsa:468" type="gene"
        link="https://www.kegg.jp/dbget-bin/www_bget?hsa:468">
        <graphics name="ATF4, CREB-2, CREB2, TAXREB67, TXREB" fgcolor="#000000" bgcolor="#BFFFBF"
             type="rectangle" x="884" y="440" width="46" height="17"/>
    </entry>
    <entry id="27" name="hsa:2902 hsa:2903 hsa:2904 hsa:2905 hsa:2906" type="gene"
        link="https://www.kegg.jp/dbget-bin/www_bget?hsa:2902+hsa:2903+hsa:2904+hsa:2905+hsa:2906">
        <graphics name="GRIN1, DEE101, GluN1, MRD8, NDHMSD, NDHMSR, NMD-R1, NMDA1, NMDAR1, NR1..." fgcolor="#000000" bgcolor="#BFFFBF"
             type="rectangle" x="317" y="439" width="46" height="17"/>
    </entry>
    <entry id="28" name="hsa:5566 hsa:5567 hsa:5568" type="gene"
        link="https://www.kegg.jp/dbget-bin/www_bget?hsa:5566+hsa:5567+hsa:5568">
        <graphics name="PRKACA, CAFD1, PKACA, PPNAD4..." fgcolor="#000000" bgcolor="#BFFFBF"
             type="rectangle" x="576" y="208" width="46" height="17"/>
    </entry>
    <entry id="29" name="hsa:775" type="gene"
        link="https://www.kegg.jp/dbget-bin/www_bget?hsa:775">
        <graphics name="CACNA1C, CACH2, CACN2, CACNL1A1, CCHL1A1, CaV1.2, LQT8, NEDHLSS, TS, TS._LQT8" fgcolor="#000000" bgcolor="#BFFFBF"
             type="rectangle" x="316" y="498" width="46" height="17"/>
    </entry>
    <entry id="30" name="hsa:5499 hsa:5500 hsa:5501" type="gene"
        link="https://www.kegg.jp/dbget-bin/www_bget?hsa:5499+hsa:5500+hsa:5501">
        <graphics name="PPP1CA, PP-1A, PP1A, PP1alpha, PPP1A..." fgcolor="#000000" bgcolor="#BFFFBF"
             type="rectangle" x="542" y="332" width="46" height="17"/>
    </entry>
    <entry id="31" name="hsa:107 hsa:114" type="gene"
        link="https://www.kegg.jp/dbget-bin/www_bget?hsa:107+hsa:114">
        <graphics name="ADCY1, AC1, DFNB44..." fgcolor="#000000" bgcolor="#BFFFBF"
             type="rectangle" x="317" y="306" width="46" height="17"/>
    </entry>
    <entry id="32" name="hsa:2890 hsa:2891" type="gene"
        link="https://www.kegg.jp/dbget-bin/www_bget?hsa:2890+hsa:2891">
        <graphics name="GRIA1, GLUH1, GLUR1, GLURA, GluA1, HBGR1, MRD67, MRT76..." fgcolor="#000000" bgcolor="#BFFFBF"
             type="rectangle" x="317" y="175" width="46" height="17"/>
    </entry>
    <entry id="33" name="hsa:10411" type="gene"
        link="https://www.kegg.jp/dbget-bin/www_bget?hsa:10411">
        <graphics name="RAPGEF3, CAMP-GEFI, EPAC, EPAC1, HSU79275, bcm910" fgcolor="#000000" bgcolor="#BFFFBF"
             type="rectangle" x="488" y="282" width="46" height="17"/>
    </entry>
    <entry id="34" name="hsa:5594 hsa:5595" type="gene"
        link="https://www.kegg.jp/dbget-bin/www_bget?hsa:5594+hsa:5595">
        <graphics name="MAPK1, ERK, ERK-2, ERK2, ERT1, MAPK2, NS13, P42MAPK, PRKM1, PRKM2, p38, p40, p41, p41mapk, p42-MAPK..." fgcolor="#000000" bgcolor="#BFFFBF"
             type="rectangle" x="743" y="440" width="46" height="17"/>
    </entry>
    <entry id="35" name="hsa:5604 hsa:5605" type="gene"
        link="https://www.kegg.jp/dbget-bin/www_bget?hsa:5604+hsa:5605">
        <graphics name="MAP2K1, CFC3, MAPKK1, MEK1, MEL, MKK1, PRKMK1..." fgcolor="#000000" bgcolor="#BFFFBF"
             type="rectangle" x="677" y="440" width="46" height="17"/>
    </entry>
    <entry id="36" name="hsa:369 hsa:5894 hsa:673" type="gene"
        link="https://www.kegg.jp/dbget-bin/www_bget?hsa:369+hsa:5894+hsa:673">
        <graphics name="ARAF, A-RAF, ARAF1, PKS2, RAFA1..." fgcolor="#000000" bgcolor="#BFFFBF"
             type="rectangle" x="610" y="440" width="46" height="17"/>
    </entry>
    <entry id="37" name="hsa:3265 hsa:3845 hsa:4893" type="gene"
        link="https://www.kegg.jp/dbget-bin/www_bget?hsa:3265+hsa:3845+hsa:4893">
        <graphics name="HRAS, C-BAS/HAS, C-H-RAS, C-HA-RAS1, CTLO, H-RASIDX, HAMSV, HRAS1, RASH1, p21ras..." fgcolor="#000000" bgcolor="#BFFFBF"
             type="rectangle" x="543" y="440" width="46" height="17"/>
    </entry>
    <entry id="38" name="hsa:5906 hsa:5908" type="gene"
        link="https://www.kegg.jp/dbget-bin/www_bget?hsa:5906+hsa:5908">
        <graphics name="RAP1A, C21KG, G-22K, KREV-1, KREV1, RAP1, SMGP21..." fgcolor="#000000" bgcolor="#BFFFBF"
             type="rectangle" x="598" y="332" width="46" height="17"/>
    </entry>
    <entry id="39" name="hsa:5502" type="gene"
        link="https://www.kegg.jp/dbget-bin/www_bget?hsa:5502">
        <graphics name="PPP1R1A, I1, IPP1" fgcolor="#000000" bgcolor="#BFFFBF"
             type="rectangle" x="558" y="266" width="46" height="17"/>
    </entry>
    <entry id="40" name="hsa:2776" type="gene"
        link="https://www.kegg.jp/dbget-bin/www_bget?hsa:2776">
        <graphics name="GNAQ, CMC1, G-ALPHA-q, GAQ, SWS" fgcolor="#000000" bgcolor="#BFFFBF"
             type="rectangle" x="393" y="590" width="46" height="17"/>
    </entry>
    <entry id="41" name="hsa:2911 hsa:2915" type="gene"
        link="https://www.kegg.jp/dbget-bin/www_bget?hsa:2911+hsa:2915">
        <graphics name="GRM1, GPRC1A, MGLU1, MGLUR1, PPP1R85, SCA44, SCAR13..." fgcolor="#000000" bgcolor="#BFFFBF"
             type="rectangle" x="316" y="590" width="46" height="17"/>
    </entry>
    <entry id="42" name="hsa:23236 hsa:5330 hsa:5331 hsa:5332" type="gene"
        link="https://www.kegg.jp/dbget-bin/www_bget?hsa:23236+hsa:5330+hsa:5331+hsa:5332">
        <graphics name="PLCB1, DEE12, EIEE12, PI-PLC, PLC-154, PLC-I, PLC-beta-1, PLC154, PLCB1A, PLCB1B..." fgcolor="#000000" bgcolor="#BFFFBF"
             type="rectangle" x="464" y="590" width="46" height="17"/>
    </entry>
    <entry id="43" name="hsa:3708 hsa:3709 hsa:3710" type="gene"
        link="https://www.kegg.jp/dbget-bin/www_bget?hsa:3708+hsa:3709+hsa:3710">
        <graphics name="ITPR1, ACV, CLA4, INSP3R1, IP3R, IP3R1, PPP1R94, SCA15, SCA16, SCA29..." fgcolor="#000000" bgcolor="#BFFFBF"
             type="rectangle" x="582" y="529" width="46" height="17"/>
    </entry>
    <entry id="57" name="path:hsa04720" type="map"
        link="https://www.kegg.jp/dbget-bin/www_bget?hsa04720">
        <graphics name="TITLE:Long-term potentiation" fgcolor="#000000" bgcolor="#FFFFFF"
             type="roundrectangle" x="149" y="58" width="217" height="25"/>
    </entry>
    <entry id="58" name="path:hsa04010" type="map"
        link="https://www.kegg.jp/dbget-bin/www_bget?hsa04010">
        <graphics name="MAPK signaling pathway" fgcolor="#000000" bgcolor="#FFFFFF"
             type="roundrectangle" x="707" y="476" width="111" height="34"/>
    </entry>
    <entry id="59" name="path:hsa04020" type="map"
        link="https://www.kegg.jp/dbget-bin/www_bget?hsa04020">
        <graphics name="Calcium signaling pathway" fgcolor="#000000" bgcolor="#FFFFFF"
             type="roundrectangle" x="665" y="584" width="112" height="34"/>
    </entry>
    <entry id="60" name="path:hsa04724" type="map"
        link="https://www.kegg.jp/dbget-bin/www_bget?hsa04724">
        <graphics name="Glutamatergic synapse" fgcolor="#000000" bgcolor="#FFFFFF"
             type="roundrectangle" x="244" y="132" width="92" height="34"/>
    </entry>
    <relation entry1="31" entry2="28" type="PPrel">
        <subtype name="compound" value="20"/>
    </relation>
    <relation entry1="31" entry2="33" type="PPrel">
        <subtype name="compound" value="20"/>
    </relation>
    <relation entry1="27" entry2="24" type="PPrel">
        <subtype name="compound" value="16"/>
    </relation>
    <relation entry1="24" entry2="29" type="PPrel">
        <subtype name="compound" value="16"/>
    </relation>
    <relation entry1="42" entry2="12" type="PPrel">
        <subtype name="compound" value="19"/>
    </relation>
    <relation entry1="42" entry2="43" type="PPrel">
        <subtype name="compound" value="17"/>
    </relation>
    <relation entry1="24" entry2="43" type="PPrel">
        <subtype name="compound" value="16"/>
    </relation>
    <relation entry1="28" entry2="38" type="PPrel">
        <subtype name="activation" value="--&gt;"/>
    </relation>
    <relation entry1="28" entry2="34" type="PPrel">
        <subtype name="activation" value="--&gt;"/>
    </relation>
    <relation entry1="33" entry2="38" type="PPrel">
        <subtype name="activation" value="--&gt;"/>
    </relation>
    <relation entry1="24" entry2="23" type="PPrel">
        <subtype name="activation" value="--&gt;"/>
    </relation>
    <relation entry1="24" entry2="31" type="PPrel">
        <subtype name="activation" value="--&gt;"/>
    </relation>
    <relation entry1="24" entry2="21" type="PPrel">
        <subtype name="activation" value="--&gt;"/>
    </relation>
    <relation entry1="38" entry2="36" type="PPrel">
        <subtype name="activation" value="--&gt;"/>
    </relation>
    <relation entry1="24" entry2="37" type="PPrel">
        <subtype name="activation" value="--&gt;"/>
    </relation>
    <relation entry1="37" entry2="36" type="PPrel">
        <subtype name="activation" value="--&gt;"/>
    </relation>
    <relation entry1="36" entry2="35" type="PPrel">
        <subtype name="activation" value="--&gt;"/>
    </relation>
    <relation entry1="35" entry2="34" type="PPrel">
        <subtype name="activation" value="--&gt;"/>
    </relation>
    <relation entry1="34" entry2="25" type="PPrel">
        <subtype name="activation" value="--&gt;"/>
    </relation>
    <relation entry1="24" entry2="14" type="PPrel">
        <subtype name="activation" value="--&gt;"/>
    </relation>
    <relation entry1="21" entry2="41" type="PPrel">
        <subtype name="activation" value="--&gt;"/>
    </relation>
    <relation entry1="41" entry2="40" type="PPrel">
        <subtype name="activation" value="--&gt;"/>
    </relation>
    <relation entry1="40" entry2="42" type="PPrel">
        <subtype name="activation" value="--&gt;"/>
    </relation>
    <relation entry1="28" entry2="32" type="PPrel">
        <subtype name="activation" value="--&gt;"/>
        <subtype name="phosphorylation" value="+p"/>
    </relation>
    <relation entry1="21" entry2="32" type="PPrel">
        <subtype name="activation" value="--&gt;"/>
        <subtype name="phosphorylation" value="+p"/>
    </relation>
    <relation entry1="28" entry2="39" type="PPrel">
        <subtype name="activation" value="--&gt;"/>
        <subtype name="phosphorylation" value="+p"/>
    </relation>
    <relation entry1="25" entry2="26" type="PPrel">
        <subtype name="activation" value="--&gt;"/>
        <subtype name="phosphorylation" value="+p"/>
    </relation>
    <relation entry1="14" entry2="15" type="PPrel">
        <subtype name="activation" value="--&gt;"/>
        <subtype name="phosphorylation" value="+p"/>
    </relation>
    <relation entry1="39" entry2="30" type="PPrel">
        <subtype name="inhibition" value="--|"/>
    </relation>
    <relation entry1="30" entry2="21" type="PPrel">
        <subtype name="inhibition" value="--|"/>
    </relation>
    <relation entry1="23" entry2="39" type="PPrel">
        <subtype name="inhibition" value="--|"/>
    </relation>
    <relation entry1="15" entry2="26" type="PPrel">
        <subtype name="binding/association" value="---"/>
    </relation>
    <relation entry1="32" entry2="27" type="PPrel">
        <subtype name="indirect effect" value="..&gt;"/>
    </relation>
    <relation entry1="12" entry2="27" type="PPrel">
        <subtype name="indirect effect" value="..&gt;"/>
    </relation>
    <relation entry1="21" entry2="34" type="PPrel">
        <subtype name="indirect effect" value="..&gt;"/>
    </relation>
    <relation entry1="22" entry2="32" type="PCrel">
        <subtype name="activation" value="--&gt;"/>
    </relation>
    <relation entry1="22" entry2="27" type="PCrel">
        <subtype name="activation" value="--&gt;"/>
    </relation>
    <relation entry1="22" entry2="41" type="PCrel">
        <subtype name="activation" value="--&gt;"/>
    </relation>
</pathway>
