<?xml version="1.0"?>
<!DOCTYPE pathway SYSTEM "https://www.kegg.jp/kegg/xml/KGML_v0.7.2_.dtd">
<!-- Creation date: Apr 23, 2020 10:53:31 +0900 (GMT+9) -->
<pathway name="path:hsa04930" org="hsa" number="04930"
         title="Type II diabetes mellitus"
         image="https://www.kegg.jp/kegg/pathway/hsa/hsa04930.png"
         link="https://www.kegg.jp/kegg-bin/show_pathway?hsa04930">
    <entry id="12" name="hsa:5313 hsa:5315" type="gene"
        link="https://www.kegg.jp/dbget-bin/www_bget?hsa:5313+hsa:5315">
        <graphics name="PKLR, PK1, PKL, PKRL, RPK..." fgcolor="#000000" bgcolor="#BFFFBF"
             type="rectangle" x="432" y="762" width="46" height="17"/>
    </entry>
    <entry id="13" name="hsa:5290 hsa:5291 hsa:5293 hsa:5295 hsa:5296 hsa:8503" type="gene"
        link="https://www.kegg.jp/dbget-bin/www_bget?hsa:5290+hsa:5291+hsa:5293+hsa:5295+hsa:5296+hsa:8503">
        <graphics name="PIK3CA, CCM4, CLAPO, CLOVE, CWS5, MCAP, MCM, MCMTC, PI3K, PI3K-alpha, p110-alpha..." fgcolor="#000000" bgcolor="#BFFFBF"
             type="rectangle" x="515" y="250" width="46" height="17"/>
    </entry>
    <entry id="14" name="hsa:6517" type="gene"
        link="https://www.kegg.jp/dbget-bin/www_bget?hsa:6517">
        <graphics name="SLC2A4, GLUT4" fgcolor="#000000" bgcolor="#BFFFBF"
             type="rectangle" x="515" y="144" width="46" height="17"/>
    </entry>
    <entry id="15" name="hsa:3667" type="gene"
        link="https://www.kegg.jp/dbget-bin/www_bget?hsa:3667">
        <graphics name="IRS1, HIRS-1" fgcolor="#000000" bgcolor="#BFFFBF"
             type="rectangle" x="432" y="250" width="46" height="17"/>
    </entry>
    <entry id="16" name="hsa:3643" type="gene"
        link="https://www.kegg.jp/dbget-bin/www_bget?hsa:3643">
        <graphics name="INSR, CD220, HHF5" fgcolor="#000000" bgcolor="#BFFFBF"
             type="rectangle" x="266" y="250" width="46" height="17"/>
    </entry>
    <entry id="17" name="hsa:3630" type="gene"
        link="https://www.kegg.jp/dbget-bin/www_bget?hsa:3630">
        <graphics name="INS, IDDM, IDDM1, IDDM2, ILPR, IRDN, MODY10, PNDM4" fgcolor="#000000" bgcolor="#BFFFBF"
             type="rectangle" x="183" y="250" width="46" height="17"/>
    </entry>
    <entry id="18" name="cpd:C00002" type="compound"
        link="https://www.kegg.jp/dbget-bin/www_bget?C00002">
        <graphics name="C00002" fgcolor="#000000" bgcolor="#FFFFFF"
             type="circle" x="513" y="709" width="8" height="8"/>
    </entry>
    <entry id="19" name="cpd:C00022" type="compound"
        link="https://www.kegg.jp/dbget-bin/www_bget?C00022">
        <graphics name="C00022" fgcolor="#000000" bgcolor="#FFFFFF"
             type="circle" x="513" y="761" width="8" height="8"/>
    </entry>
    <entry id="20" name="cpd:C00238" type="compound"
        link="https://www.kegg.jp/dbget-bin/www_bget?C00238">
        <graphics name="C00238" fgcolor="#000000" bgcolor="#FFFFFF"
             type="circle" x="318" y="728" width="8" height="8"/>
    </entry>
    <entry id="21" name="cpd:C00031" type="compound"
        link="https://www.kegg.jp/dbget-bin/www_bget?C00031">
        <graphics name="C00031" fgcolor="#000000" bgcolor="#FFFFFF"
             type="circle" x="182" y="761" width="8" height="8"/>
    </entry>
    <entry id="22" name="hsa:122809 hsa:8651 hsa:8835 hsa:9021" type="gene"
        link="https://www.kegg.jp/dbget-bin/www_bget?hsa:122809+hsa:8651+hsa:8835+hsa:9021">
        <graphics name="SOCS4, SOCS7..." fgcolor="#000000" bgcolor="#BFFFBF"
             type="rectangle" x="349" y="313" width="46" height="17"/>
    </entry>
    <entry id="23" name="hsa:5594 hsa:5595" type="gene"
        link="https://www.kegg.jp/dbget-bin/www_bget?hsa:5594+hsa:5595">
        <graphics name="MAPK1, ERK, ERK-2, ERK2, ERT1, MAPK2, NS13, P42MAPK, PRKM1, PRKM2, p38, p40, p41, p41mapk, p42-MAPK..." fgcolor="#000000" bgcolor="#BFFFBF"
             type="rectangle" x="349" y="340" width="46" height="17"/>
    </entry>
    <entry id="24" name="cpd:C00162" type="compound"
        link="https://www.kegg.jp/dbget-bin/www_bget?C00162">
        <graphics name="C00162" fgcolor="#000000" bgcolor="#FFFFFF"
             type="circle" x="182" y="378" width="8" height="8"/>
    </entry>
    <entry id="25" name="cpd:C00076" type="compound"
        link="https://www.kegg.jp/dbget-bin/www_bget?C00076">
        <graphics name="C00076" fgcolor="#000000" bgcolor="#FFFFFF"
             type="circle" x="347" y="657" width="8" height="8"/>
    </entry>
    <entry id="26" name="cpd:C00031" type="compound"
        link="https://www.kegg.jp/dbget-bin/www_bget?C00031">
        <graphics name="C00031" fgcolor="#000000" bgcolor="#FFFFFF"
             type="circle" x="101" y="539" width="8" height="8"/>
    </entry>
    <entry id="27" name="hsa:9370" type="gene"
        link="https://www.kegg.jp/dbget-bin/www_bget?hsa:9370">
        <graphics name="ADIPOQ, ACDC, ACRP30, ADIPQTL1, ADPN, APM-1, APM1, GBP28" fgcolor="#000000" bgcolor="#BFFFBF"
             type="rectangle" x="183" y="144" width="46" height="17"/>
    </entry>
    <entry id="28" name="hsa:3551" type="gene"
        link="https://www.kegg.jp/dbget-bin/www_bget?hsa:3551">
        <graphics name="IKBKB, IKK-beta, IKK2, IKKB, IMD15, IMD15A, IMD15B, NFKBIKB" fgcolor="#000000" bgcolor="#BFFFBF"
             type="rectangle" x="349" y="368" width="46" height="17"/>
    </entry>
    <entry id="29" name="hsa:5580 hsa:5581" type="gene"
        link="https://www.kegg.jp/dbget-bin/www_bget?hsa:5580+hsa:5581">
        <graphics name="PRKCD, ALPS3, CVID9, MAY1, PKCD, nPKC-delta..." fgcolor="#000000" bgcolor="#BFFFBF"
             type="rectangle" x="349" y="466" width="46" height="17"/>
    </entry>
    <entry id="30" name="hsa:3651" type="gene"
        link="https://www.kegg.jp/dbget-bin/www_bget?hsa:3651">
        <graphics name="PDX1, GSF, IDX-1, IPF1, IUF1, MODY4, PAGEN1, PDX-1, STF-1" fgcolor="#000000" bgcolor="#BFFFBF"
             type="rectangle" x="432" y="597" width="46" height="17"/>
    </entry>
    <entry id="31" name="hsa:3667 hsa:8471 hsa:8660" type="gene"
        link="https://www.kegg.jp/dbget-bin/www_bget?hsa:3667+hsa:8471+hsa:8660">
        <graphics name="IRS1, HIRS-1..." fgcolor="#000000" bgcolor="#BFFFBF"
             type="rectangle" x="432" y="272" width="46" height="17"/>
    </entry>
    <entry id="32" name="hsa:5599 hsa:5601 hsa:5602" type="gene"
        link="https://www.kegg.jp/dbget-bin/www_bget?hsa:5599+hsa:5601+hsa:5602">
        <graphics name="MAPK8, JNK, JNK-46, JNK1, JNK1A2, JNK21B1/2, PRKM8, SAPK1, SAPK1c..." fgcolor="#000000" bgcolor="#BFFFBF"
             type="rectangle" x="349" y="388" width="46" height="17"/>
    </entry>
    <entry id="33" name="hsa:5590" type="gene"
        link="https://www.kegg.jp/dbget-bin/www_bget?hsa:5590">
        <graphics name="PRKCZ, PKC-ZETA, PKC2" fgcolor="#000000" bgcolor="#BFFFBF"
             type="rectangle" x="349" y="437" width="46" height="17"/>
    </entry>
    <entry id="34" name="hsa:7124" type="gene"
        link="https://www.kegg.jp/dbget-bin/www_bget?hsa:7124">
        <graphics name="TNF, DIF, TNF-alpha, TNFA, TNFSF2, TNLG1F" fgcolor="#000000" bgcolor="#BFFFBF"
             type="rectangle" x="183" y="417" width="46" height="17"/>
    </entry>
    <entry id="35" name="hsa:5599 hsa:5601 hsa:5602" type="gene"
        link="https://www.kegg.jp/dbget-bin/www_bget?hsa:5599+hsa:5601+hsa:5602">
        <graphics name="MAPK8, JNK, JNK-46, JNK1, JNK1A2, JNK21B1/2, PRKM8, SAPK1, SAPK1c..." fgcolor="#000000" bgcolor="#BFFFBF"
             type="rectangle" x="369" y="589" width="46" height="17"/>
    </entry>
    <entry id="36" name="hsa:773 hsa:774 hsa:775 hsa:776 hsa:777 hsa:8913" type="gene"
        link="https://www.kegg.jp/dbget-bin/www_bget?hsa:773+hsa:774+hsa:775+hsa:776+hsa:777+hsa:8913">
        <graphics name="CACNA1A, APCA, BI, CACNL1A4, CAV2.1, DEE42, EA2, EIEE42, FHM, HPCA, MHP, MHP1, SCA6..." fgcolor="#000000" bgcolor="#BFFFBF"
             type="rectangle" x="266" y="658" width="46" height="17"/>
    </entry>
    <entry id="37" name="hsa:3630" type="gene"
        link="https://www.kegg.jp/dbget-bin/www_bget?hsa:3630">
        <graphics name="INS, IDDM, IDDM1, IDDM2, ILPR, IRDN, MODY10, PNDM4" fgcolor="#000000" bgcolor="#BFFFBF"
             type="rectangle" x="598" y="614" width="46" height="17"/>
    </entry>
    <entry id="38" name="hsa:2645 hsa:3098 hsa:3099 hsa:3101 hsa:80201" type="gene"
        link="https://www.kegg.jp/dbget-bin/www_bget?hsa:2645+hsa:3098+hsa:3099+hsa:3101+hsa:80201">
        <graphics name="GCK, FGQTL3, GK, GLK, HHF3, HK4, HKIV, HXKP, LGLK, MODY2, PNDM1..." fgcolor="#000000" bgcolor="#BFFFBF"
             type="rectangle" x="349" y="762" width="46" height="17"/>
    </entry>
    <entry id="39" name="hsa:2475" type="gene"
        link="https://www.kegg.jp/dbget-bin/www_bget?hsa:2475">
        <graphics name="MTOR, FRAP, FRAP1, FRAP2, RAFT1, RAPT1, SKS" fgcolor="#000000" bgcolor="#BFFFBF"
             type="rectangle" x="349" y="417" width="46" height="17"/>
    </entry>
    <entry id="40" name="hsa:389692" type="gene"
        link="https://www.kegg.jp/dbget-bin/www_bget?hsa:389692">
        <graphics name="MAFA, INSDM, RIPE3b1, hMafA" fgcolor="#000000" bgcolor="#BFFFBF"
             type="rectangle" x="432" y="631" width="46" height="17"/>
    </entry>
    <entry id="41" name="hsa:6514" type="gene"
        link="https://www.kegg.jp/dbget-bin/www_bget?hsa:6514">
        <graphics name="SLC2A2, GLUT2" fgcolor="#000000" bgcolor="#BFFFBF"
             type="rectangle" x="266" y="762" width="46" height="17"/>
    </entry>
    <entry id="42" name="hsa:3767" type="gene"
        link="https://www.kegg.jp/dbget-bin/www_bget?hsa:3767">
        <graphics name="KCNJ11, BIR, HHF2, IKATP, KIR6.2, MODY13, PHHI, PNDM2, TNDM3" fgcolor="#000000" bgcolor="#BFFFBF"
             type="rectangle" x="266" y="728" width="46" height="17"/>
    </entry>
    <entry id="43" name="hsa:6833" type="gene"
        link="https://www.kegg.jp/dbget-bin/www_bget?hsa:6833">
        <graphics name="ABCC8, ABC36, HHF1, HI, HRINS, MRP8, PHHI, PNDM3, SUR, SUR1, SUR1delta2, TNDM2" fgcolor="#000000" bgcolor="#BFFFBF"
             type="rectangle" x="266" y="711" width="46" height="17"/>
    </entry>
    <entry id="44" name="path:hsa04930" type="map"
        link="https://www.kegg.jp/dbget-bin/www_bget?hsa04930">
        <graphics name="TITLE:Type II diabetes mellitus" fgcolor="#000000" bgcolor="#FFFFFF"
             type="roundrectangle" x="156" y="58" width="232" height="25"/>
    </entry>
    <entry id="45" name="path:hsa04920" type="map"
        link="https://www.kegg.jp/dbget-bin/www_bget?hsa04920">
        <graphics name="Adipocytokine signaling pathway" fgcolor="#000000" bgcolor="#FFFFFF"
             type="roundrectangle" x="348" y="169" width="106" height="34"/>
    </entry>
    <entry id="46" name="path:hsa04910" type="map"
        link="https://www.kegg.jp/dbget-bin/www_bget?hsa04910">
        <graphics name="Insulin signaling pathway" fgcolor="#000000" bgcolor="#FFFFFF"
             type="roundrectangle" x="348" y="219" width="106" height="32"/>
    </entry>
    <entry id="47" name="path:hsa04920" type="map"
        link="https://www.kegg.jp/dbget-bin/www_bget?hsa04920">
        <graphics name="Adipocytokine signaling pathway" fgcolor="#000000" bgcolor="#FFFFFF"
             type="roundrectangle" x="190" y="349" width="106" height="34"/>
    </entry>
    <entry id="48" name="path:hsa04210" type="map"
        link="https://www.kegg.jp/dbget-bin/www_bget?hsa04210">
        <graphics name="Apoptosis" fgcolor="#000000" bgcolor="#FFFFFF"
             type="roundrectangle" x="512" y="559" width="70" height="25"/>
    </entry>
    <entry id="49" name="path:hsa04950" type="map"
        link="https://www.kegg.jp/dbget-bin/www_bget?hsa04950">
        <graphics name="Maturity onset diabetes of the young" fgcolor="#000000" bgcolor="#FFFFFF"
             type="roundrectangle" x="723" y="574" width="126" height="34"/>
    </entry>
    <relation entry1="17" entry2="16" type="PPrel">
        <subtype name="activation" value="--&gt;"/>
    </relation>
    <relation entry1="16" entry2="15" type="PPrel">
        <subtype name="activation" value="--&gt;"/>
    </relation>
    <relation entry1="15" entry2="13" type="PPrel">
        <subtype name="activation" value="--&gt;"/>
    </relation>
    <relation entry1="16" entry2="31" type="PPrel">
        <subtype name="activation" value="--&gt;"/>
    </relation>
    <relation entry1="31" entry2="13" type="PPrel">
        <subtype name="activation" value="--&gt;"/>
    </relation>
    <relation entry1="27" entry2="14" type="PPrel">
        <subtype name="indirect effect" value="..&gt;"/>
    </relation>
    <relation entry1="16" entry2="23" type="PPrel">
        <subtype name="indirect effect" value="..&gt;"/>
    </relation>
    <relation entry1="34" entry2="28" type="PPrel">
        <subtype name="indirect effect" value="..&gt;"/>
    </relation>
    <relation entry1="34" entry2="32" type="PPrel">
        <subtype name="indirect effect" value="..&gt;"/>
    </relation>
    <relation entry1="34" entry2="39" type="PPrel">
        <subtype name="indirect effect" value="..&gt;"/>
    </relation>
    <relation entry1="13" entry2="14" type="PPrel">
        <subtype name="indirect effect" value="..&gt;"/>
    </relation>
    <relation entry1="13" entry2="39" type="PPrel">
        <subtype name="indirect effect" value="..&gt;"/>
    </relation>
    <relation entry1="13" entry2="33" type="PPrel">
        <subtype name="indirect effect" value="..&gt;"/>
    </relation>
    <relation entry1="22" entry2="31" type="PPrel">
        <subtype name="inhibition" value="--|"/>
    </relation>
    <relation entry1="22" entry2="16" type="PPrel">
        <subtype name="inhibition" value="--|"/>
    </relation>
    <relation entry1="28" entry2="31" type="PPrel">
        <subtype name="inhibition" value="--|"/>
        <subtype name="phosphorylation" value="+p"/>
    </relation>
    <relation entry1="32" entry2="31" type="PPrel">
        <subtype name="inhibition" value="--|"/>
        <subtype name="phosphorylation" value="+p"/>
    </relation>
    <relation entry1="39" entry2="31" type="PPrel">
        <subtype name="inhibition" value="--|"/>
        <subtype name="phosphorylation" value="+p"/>
    </relation>
    <relation entry1="33" entry2="31" type="PPrel">
        <subtype name="inhibition" value="--|"/>
        <subtype name="phosphorylation" value="+p"/>
    </relation>
    <relation entry1="29" entry2="31" type="PPrel">
        <subtype name="inhibition" value="--|"/>
        <subtype name="phosphorylation" value="+p"/>
    </relation>
    <relation entry1="23" entry2="31" type="PPrel">
        <subtype name="indirect effect" value="..&gt;"/>
    </relation>
    <relation entry1="30" entry2="37" type="GErel">
        <subtype name="expression" value="--&gt;"/>
    </relation>
    <relation entry1="40" entry2="37" type="GErel">
        <subtype name="expression" value="--&gt;"/>
    </relation>
    <relation entry1="28" entry2="24" type="PCrel">
    </relation>
    <relation entry1="32" entry2="24" type="PCrel">
    </relation>
    <relation entry1="29" entry2="26" type="PCrel">
    </relation>
    <relation entry1="38" entry2="21" type="PCrel">
    </relation>
    <relation entry1="12" entry2="19" type="PCrel">
    </relation>
    <relation entry1="43" entry2="18" type="PCrel">
    </relation>
    <relation entry1="42" entry2="18" type="PCrel">
    </relation>
    <relation entry1="43" entry2="36" type="PPrel">
        <subtype name="indirect effect" value="..&gt;"/>
    </relation>
    <relation entry1="42" entry2="36" type="PPrel">
        <subtype name="indirect effect" value="..&gt;"/>
    </relation>
    <relation entry1="41" entry2="21" type="PCrel">
    </relation>
    <relation entry1="42" entry2="20" type="PCrel">
    </relation>
    <relation entry1="36" entry2="37" type="PPrel">
        <subtype name="compound" value="25"/>
    </relation>
    <relation entry1="38" entry2="12" type="PPrel">
        <subtype name="indirect effect" value="..&gt;"/>
    </relation>
</pathway>
