<?xml version="1.0"?>
<!DOCTYPE pathway SYSTEM "https://www.kegg.jp/kegg/xml/KGML_v0.7.2_.dtd">
<!-- Creation date: Oct 23, 2015 10:10:28 +0900 (GMT+9) -->
<pathway name="path:hsa04730" org="hsa" number="04730"
         title="Long-term depression"
         image="https://www.kegg.jp/kegg/pathway/hsa/hsa04730.png"
         link="https://www.kegg.jp/kegg-bin/show_pathway?hsa04730">
    <entry id="21" name="hsa:23236 hsa:5330 hsa:5331 hsa:5332" type="gene"
        link="https://www.kegg.jp/dbget-bin/www_bget?hsa:23236+hsa:5330+hsa:5331+hsa:5332">
        <graphics name="PLCB1, DEE12, EIEE12, PI-PLC, PLC-154, PLC-I, PLC-beta-1, PLC154, PLCB1A, PLCB1B..." fgcolor="#000000" bgcolor="#BFFFBF"
             type="rectangle" x="469" y="533" width="46" height="17"/>
    </entry>
    <entry id="22" name="hsa:2767 hsa:2776" type="gene"
        link="https://www.kegg.jp/dbget-bin/www_bget?hsa:2767+hsa:2776">
        <graphics name="GNA11, FBH, FBH2, FHH2, GNA-11, HG1K, HHC2, HYPOC2..." fgcolor="#000000" bgcolor="#BFFFBF"
             type="rectangle" x="386" y="533" width="46" height="17"/>
    </entry>
    <entry id="23" name="hsa:2890 hsa:2891 hsa:2892" type="gene"
        link="https://www.kegg.jp/dbget-bin/www_bget?hsa:2890+hsa:2891+hsa:2892">
        <graphics name="GRIA1, GLUH1, GLUR1, GLURA, GluA1, HBGR1, MRD67, MRT76..." fgcolor="#000000" bgcolor="#BFFFBF"
             type="rectangle" x="313" y="486" width="46" height="17"/>
    </entry>
    <entry id="24" name="hsa:6261" type="gene"
        link="https://www.kegg.jp/dbget-bin/www_bget?hsa:6261">
        <graphics name="RYR1, CCO, KDS, MHS, MHS1, PPP1R137, RYDR, RYR, RYR-1, SKRR" fgcolor="#000000" bgcolor="#BFFFBF"
             type="rectangle" x="567" y="443" width="46" height="17"/>
    </entry>
    <entry id="25" name="hsa:100137049 hsa:123745 hsa:255189 hsa:283748 hsa:5321 hsa:8605 hsa:8681" type="gene"
        link="https://www.kegg.jp/dbget-bin/www_bget?hsa:100137049+hsa:123745+hsa:255189+hsa:283748+hsa:5321+hsa:8605+hsa:8681">
        <graphics name="PLA2G4B, HsT16992, cPLA2-beta..." fgcolor="#000000" bgcolor="#BFFFBF"
             type="rectangle" x="469" y="568" width="46" height="17"/>
    </entry>
    <entry id="26" name="hsa:100137049 hsa:123745 hsa:255189 hsa:283748 hsa:5321 hsa:8605 hsa:8681" type="gene"
        link="https://www.kegg.jp/dbget-bin/www_bget?hsa:100137049+hsa:123745+hsa:255189+hsa:283748+hsa:5321+hsa:8605+hsa:8681">
        <graphics name="PLA2G4B, HsT16992, cPLA2-beta..." fgcolor="#000000" bgcolor="#BFFFBF"
             type="rectangle" x="469" y="257" width="46" height="17"/>
    </entry>
    <entry id="27" name="hsa:10672 hsa:2768 hsa:2770 hsa:2771 hsa:2773 hsa:2775 hsa:2778 hsa:2781" type="gene"
        link="https://www.kegg.jp/dbget-bin/www_bget?hsa:10672+hsa:2768+hsa:2770+hsa:2771+hsa:2773+hsa:2775+hsa:2778+hsa:2781">
        <graphics name="GNA13, G13, HG1N..." fgcolor="#000000" bgcolor="#BFFFBF"
             type="rectangle" x="386" y="641" width="46" height="17"/>
    </entry>
    <entry id="28" name="hsa:10672 hsa:2768 hsa:2770 hsa:2771 hsa:2773 hsa:2775 hsa:2778 hsa:2781" type="gene"
        link="https://www.kegg.jp/dbget-bin/www_bget?hsa:10672+hsa:2768+hsa:2770+hsa:2771+hsa:2773+hsa:2775+hsa:2778+hsa:2781">
        <graphics name="GNA13, G13, HG1N..." fgcolor="#000000" bgcolor="#BFFFBF"
             type="rectangle" x="386" y="601" width="46" height="17"/>
    </entry>
    <entry id="29" name="hsa:10672 hsa:2768 hsa:2770 hsa:2771 hsa:2773 hsa:2775 hsa:2778 hsa:2781" type="gene"
        link="https://www.kegg.jp/dbget-bin/www_bget?hsa:10672+hsa:2768+hsa:2770+hsa:2771+hsa:2773+hsa:2775+hsa:2778+hsa:2781">
        <graphics name="GNA13, G13, HG1N..." fgcolor="#000000" bgcolor="#BFFFBF"
             type="rectangle" x="386" y="568" width="46" height="17"/>
    </entry>
    <entry id="30" name="hsa:4842" type="gene"
        link="https://www.kegg.jp/dbget-bin/www_bget?hsa:4842">
        <graphics name="NOS1, IHPS1, N-NOS, NC-NOS, NOS, bNOS, nNOS" fgcolor="#000000" bgcolor="#BFFFBF"
             type="rectangle" x="76" y="204" width="46" height="17"/>
    </entry>
    <entry id="31" name="cpd:C00219" type="compound"
        link="https://www.kegg.jp/dbget-bin/www_bget?C00219">
        <graphics name="C00219" fgcolor="#000000" bgcolor="#FFFFFF"
             type="circle" x="624" y="257" width="8" height="8"/>
    </entry>
    <entry id="32" name="cpd:C00533" type="compound"
        link="https://www.kegg.jp/dbget-bin/www_bget?C00533">
        <graphics name="C00533" fgcolor="#000000" bgcolor="#FFFFFF"
             type="circle" x="128" y="203" width="8" height="8"/>
    </entry>
    <entry id="33" name="cpd:C00641" type="compound"
        link="https://www.kegg.jp/dbget-bin/www_bget?C00641">
        <graphics name="C00641" fgcolor="#000000" bgcolor="#FFFFFF"
             type="circle" x="605" y="532" width="8" height="8"/>
    </entry>
    <entry id="34" name="cpd:C01245" type="compound"
        link="https://www.kegg.jp/dbget-bin/www_bget?C01245">
        <graphics name="C01245" fgcolor="#000000" bgcolor="#FFFFFF"
             type="circle" x="514" y="349" width="8" height="8"/>
    </entry>
    <entry id="35" name="hsa:23236 hsa:5330 hsa:5331 hsa:5332" type="gene"
        link="https://www.kegg.jp/dbget-bin/www_bget?hsa:23236+hsa:5330+hsa:5331+hsa:5332">
        <graphics name="PLCB1, DEE12, EIEE12, PI-PLC, PLC-154, PLC-I, PLC-beta-1, PLC154, PLCB1A, PLCB1B..." fgcolor="#000000" bgcolor="#BFFFBF"
             type="rectangle" x="469" y="295" width="46" height="17"/>
    </entry>
    <entry id="36" name="hsa:2767 hsa:2776" type="gene"
        link="https://www.kegg.jp/dbget-bin/www_bget?hsa:2767+hsa:2776">
        <graphics name="GNA11, FBH, FBH2, FHH2, GNA-11, HG1K, HHC2, HYPOC2..." fgcolor="#000000" bgcolor="#BFFFBF"
             type="rectangle" x="386" y="295" width="46" height="17"/>
    </entry>
    <entry id="37" name="hsa:2911" type="gene"
        link="https://www.kegg.jp/dbget-bin/www_bget?hsa:2911">
        <graphics name="GRM1, GPRC1A, MGLU1, MGLUR1, PPP1R85, SCA44, SCAR13" fgcolor="#000000" bgcolor="#BFFFBF"
             type="rectangle" x="313" y="533" width="46" height="17"/>
    </entry>
    <entry id="38" name="cpd:C01330" type="compound"
        link="https://www.kegg.jp/dbget-bin/www_bget?C01330">
        <graphics name="C01330" fgcolor="#000000" bgcolor="#FFFFFF"
             type="circle" x="384" y="485" width="8" height="8"/>
    </entry>
    <entry id="39" name="cpd:C01330" type="compound"
        link="https://www.kegg.jp/dbget-bin/www_bget?C01330">
        <graphics name="C01330" fgcolor="#000000" bgcolor="#FFFFFF"
             type="circle" x="382" y="361" width="8" height="8"/>
    </entry>
    <entry id="40" name="cpd:C00025" type="compound"
        link="https://www.kegg.jp/dbget-bin/www_bget?C00025">
        <graphics name="C00025" fgcolor="#000000" bgcolor="#FFFFFF"
             type="circle" x="197" y="511" width="8" height="8"/>
    </entry>
    <entry id="41" name="hsa:5578 hsa:5579 hsa:5582" type="gene"
        link="https://www.kegg.jp/dbget-bin/www_bget?hsa:5578+hsa:5579+hsa:5582">
        <graphics name="PRKCA, AAG6, PKC-alpha, PKCA, PKCI+/-, PKCalpha, PRKACA..." fgcolor="#000000" bgcolor="#BFFFBF"
             type="rectangle" x="691" y="294" width="46" height="17"/>
    </entry>
    <entry id="42" name="cpd:C00942" type="compound"
        link="https://www.kegg.jp/dbget-bin/www_bget?C00942">
        <graphics name="C00942" fgcolor="#000000" bgcolor="#FFFFFF"
             type="circle" x="440" y="153" width="8" height="8"/>
    </entry>
    <entry id="43" name="hsa:3480" type="gene"
        link="https://www.kegg.jp/dbget-bin/www_bget?hsa:3480">
        <graphics name="IGF1R, CD221, IGFIR, IGFR, JTK13" fgcolor="#000000" bgcolor="#BFFFBF"
             type="rectangle" x="313" y="640" width="46" height="17"/>
    </entry>
    <entry id="44" name="hsa:1394" type="gene"
        link="https://www.kegg.jp/dbget-bin/www_bget?hsa:1394">
        <graphics name="CRHR1, CRF-R, CRF-R-1, CRF-R1, CRF1, CRFR-1, CRFR1, CRH-R-1, CRH-R1, CRHR, CRHR1L" fgcolor="#000000" bgcolor="#BFFFBF"
             type="rectangle" x="313" y="600" width="46" height="17"/>
    </entry>
    <entry id="45" name="cpd:C00076" type="compound"
        link="https://www.kegg.jp/dbget-bin/www_bget?C00076">
        <graphics name="C00076" fgcolor="#000000" bgcolor="#FFFFFF"
             type="circle" x="384" y="426" width="8" height="8"/>
    </entry>
    <entry id="46" name="cpd:C01245" type="compound"
        link="https://www.kegg.jp/dbget-bin/www_bget?C01245">
        <graphics name="C01245" fgcolor="#000000" bgcolor="#FFFFFF"
             type="circle" x="514" y="474" width="8" height="8"/>
    </entry>
    <entry id="47" name="cpd:C01330" type="compound"
        link="https://www.kegg.jp/dbget-bin/www_bget?C01330">
        <graphics name="C01330" fgcolor="#000000" bgcolor="#FFFFFF"
             type="circle" x="381" y="320" width="8" height="8"/>
    </entry>
    <entry id="48" name="cpd:C00165" type="compound"
        link="https://www.kegg.jp/dbget-bin/www_bget?C00165">
        <graphics name="C00165" fgcolor="#000000" bgcolor="#FFFFFF"
             type="circle" x="575" y="294" width="8" height="8"/>
    </entry>
    <entry id="49" name="cpd:C00219" type="compound"
        link="https://www.kegg.jp/dbget-bin/www_bget?C00219">
        <graphics name="C00219" fgcolor="#000000" bgcolor="#FFFFFF"
             type="circle" x="625" y="567" width="8" height="8"/>
    </entry>
    <entry id="50" name="cpd:C00025" type="compound"
        link="https://www.kegg.jp/dbget-bin/www_bget?C00025">
        <graphics name="C00025" fgcolor="#000000" bgcolor="#FFFFFF"
             type="circle" x="195" y="318" width="8" height="8"/>
    </entry>
    <entry id="51" name="hsa:1392" type="gene"
        link="https://www.kegg.jp/dbget-bin/www_bget?hsa:1392">
        <graphics name="CRH, CRF, CRH1" fgcolor="#000000" bgcolor="#BFFFBF"
             type="rectangle" x="108" y="600" width="46" height="17"/>
    </entry>
    <entry id="52" name="hsa:3479" type="gene"
        link="https://www.kegg.jp/dbget-bin/www_bget?hsa:3479">
        <graphics name="IGF1, IGF, IGF-I, IGFI, MGF" fgcolor="#000000" bgcolor="#BFFFBF"
             type="rectangle" x="108" y="640" width="46" height="17"/>
    </entry>
    <entry id="53" name="hsa:2977 hsa:2982 hsa:2983" type="gene"
        link="https://www.kegg.jp/dbget-bin/www_bget?hsa:2977+hsa:2982+hsa:2983">
        <graphics name="GUCY1A2, GC-SA2, GUC1A2..." fgcolor="#000000" bgcolor="#BFFFBF"
             type="rectangle" x="386" y="155" width="46" height="17"/>
    </entry>
    <entry id="54" name="hsa:10672 hsa:2768 hsa:2770 hsa:2771 hsa:2773 hsa:2775 hsa:2778 hsa:2781" type="gene"
        link="https://www.kegg.jp/dbget-bin/www_bget?hsa:10672+hsa:2768+hsa:2770+hsa:2771+hsa:2773+hsa:2775+hsa:2778+hsa:2781">
        <graphics name="GNA13, G13, HG1N..." fgcolor="#000000" bgcolor="#BFFFBF"
             type="rectangle" x="386" y="257" width="46" height="17"/>
    </entry>
    <entry id="55" name="hsa:2895" type="gene"
        link="https://www.kegg.jp/dbget-bin/www_bget?hsa:2895">
        <graphics name="GRID2, GluD2, SCAR18" fgcolor="#000000" bgcolor="#BFFFBF"
             type="rectangle" x="313" y="256" width="46" height="17"/>
    </entry>
    <entry id="56" name="hsa:5592 hsa:5593" type="gene"
        link="https://www.kegg.jp/dbget-bin/www_bget?hsa:5592+hsa:5593">
        <graphics name="PRKG1, AAT8, PKG, PKG1, PRKG1B, PRKGR1B, cGK, cGK_1, cGK1, cGKI, cGKI-BETA, cGKI-alpha..." fgcolor="#000000" bgcolor="#BFFFBF"
             type="rectangle" x="495" y="155" width="46" height="17"/>
    </entry>
    <entry id="57" name="hsa:773" type="gene"
        link="https://www.kegg.jp/dbget-bin/www_bget?hsa:773">
        <graphics name="CACNA1A, APCA, BI, CACNL1A4, CAV2.1, DEE42, EA2, EIEE42, FHM, HPCA, MHP, MHP1, SCA6" fgcolor="#000000" bgcolor="#BFFFBF"
             type="rectangle" x="313" y="424" width="46" height="17"/>
    </entry>
    <entry id="58" name="hsa:10842" type="gene"
        link="https://www.kegg.jp/dbget-bin/www_bget?hsa:10842">
        <graphics name="PPP1R17, C7orf16, GSBS" fgcolor="#000000" bgcolor="#BFFFBF"
             type="rectangle" x="578" y="132" width="46" height="17"/>
    </entry>
    <entry id="59" name="hsa:2890 hsa:2891 hsa:2892" type="gene"
        link="https://www.kegg.jp/dbget-bin/www_bget?hsa:2890+hsa:2891+hsa:2892">
        <graphics name="GRIA1, GLUH1, GLUR1, GLURA, GluA1, HBGR1, MRD67, MRT76..." fgcolor="#000000" bgcolor="#BFFFBF"
             type="rectangle" x="313" y="362" width="46" height="17"/>
    </entry>
    <entry id="60" name="hsa:5594 hsa:5595" type="gene"
        link="https://www.kegg.jp/dbget-bin/www_bget?hsa:5594+hsa:5595">
        <graphics name="MAPK1, ERK, ERK-2, ERK2, ERT1, MAPK2, NS13, P42MAPK, PRKM1, PRKM2, p38, p40, p41, p41mapk, p42-MAPK..." fgcolor="#000000" bgcolor="#BFFFBF"
             type="rectangle" x="615" y="207" width="46" height="17"/>
    </entry>
    <entry id="61" name="hsa:5604 hsa:5605" type="gene"
        link="https://www.kegg.jp/dbget-bin/www_bget?hsa:5604+hsa:5605">
        <graphics name="MAP2K1, CFC3, MAPKK1, MEK1, MEL, MKK1, PRKMK1..." fgcolor="#000000" bgcolor="#BFFFBF"
             type="rectangle" x="539" y="207" width="46" height="17"/>
    </entry>
    <entry id="62" name="hsa:369 hsa:5894 hsa:673" type="gene"
        link="https://www.kegg.jp/dbget-bin/www_bget?hsa:369+hsa:5894+hsa:673">
        <graphics name="ARAF, A-RAF, ARAF1, PKS2, RAFA1..." fgcolor="#000000" bgcolor="#BFFFBF"
             type="rectangle" x="469" y="207" width="46" height="17"/>
    </entry>
    <entry id="63" name="hsa:3265 hsa:3845 hsa:4893" type="gene"
        link="https://www.kegg.jp/dbget-bin/www_bget?hsa:3265+hsa:3845+hsa:4893">
        <graphics name="HRAS, C-BAS/HAS, C-H-RAS, C-HA-RAS1, CTLO, H-RASIDX, HAMSV, HRAS1, RASH1, p21ras..." fgcolor="#000000" bgcolor="#BFFFBF"
             type="rectangle" x="386" y="207" width="46" height="17"/>
    </entry>
    <entry id="64" name="hsa:5515 hsa:5516 hsa:5518 hsa:5519" type="gene"
        link="https://www.kegg.jp/dbget-bin/www_bget?hsa:5515+hsa:5516+hsa:5518+hsa:5519">
        <graphics name="PPP2CA, NEDLBA, PP2Ac, PP2CA, PP2Calpha, RP-C..." fgcolor="#000000" bgcolor="#BFFFBF"
             type="rectangle" x="657" y="132" width="46" height="17"/>
    </entry>
    <entry id="65" name="hsa:4067" type="gene"
        link="https://www.kegg.jp/dbget-bin/www_bget?hsa:4067">
        <graphics name="LYN, JTK8, p53Lyn, p56Lyn" fgcolor="#000000" bgcolor="#BFFFBF"
             type="rectangle" x="469" y="329" width="46" height="17"/>
    </entry>
    <entry id="66" name="hsa:2911" type="gene"
        link="https://www.kegg.jp/dbget-bin/www_bget?hsa:2911">
        <graphics name="GRM1, GPRC1A, MGLU1, MGLUR1, PPP1R85, SCA44, SCAR13" fgcolor="#000000" bgcolor="#BFFFBF"
             type="rectangle" x="313" y="295" width="46" height="17"/>
    </entry>
    <entry id="67" name="hsa:3708 hsa:3709 hsa:3710" type="gene"
        link="https://www.kegg.jp/dbget-bin/www_bget?hsa:3708+hsa:3709+hsa:3710">
        <graphics name="ITPR1, ACV, CLA4, INSP3R1, IP3R, IP3R1, PPP1R94, SCA15, SCA16, SCA29..." fgcolor="#000000" bgcolor="#BFFFBF"
             type="rectangle" x="558" y="402" width="46" height="17"/>
    </entry>
    <entry id="86" name="path:hsa04730" type="map"
        link="https://www.kegg.jp/dbget-bin/www_bget?hsa04730">
        <graphics name="TITLE:Long-term depression" fgcolor="#000000" bgcolor="#FFFFFF"
             type="roundrectangle" x="137" y="58" width="194" height="25"/>
    </entry>
    <entry id="87" name="path:hsa04020" type="map"
        link="https://www.kegg.jp/dbget-bin/www_bget?hsa04020">
        <graphics name="Calcium signaling pathway" fgcolor="#000000" bgcolor="#FFFFFF"
             type="roundrectangle" x="448" y="492" width="101" height="34"/>
    </entry>
    <entry id="88" name="path:hsa04724" type="map"
        link="https://www.kegg.jp/dbget-bin/www_bget?hsa04724">
        <graphics name="Glutamatergic synapse" fgcolor="#000000" bgcolor="#FFFFFF"
             type="roundrectangle" x="238" y="131" width="92" height="34"/>
    </entry>
    <relation entry1="55" entry2="50" type="PCrel">
    </relation>
    <relation entry1="66" entry2="50" type="PCrel">
    </relation>
    <relation entry1="59" entry2="50" type="PCrel">
    </relation>
    <relation entry1="23" entry2="40" type="PCrel">
    </relation>
    <relation entry1="37" entry2="40" type="PCrel">
    </relation>
    <relation entry1="30" entry2="53" type="PPrel">
        <subtype name="compound" value="32"/>
    </relation>
    <relation entry1="53" entry2="56" type="PPrel">
        <subtype name="compound" value="42"/>
    </relation>
    <relation entry1="26" entry2="41" type="PPrel">
        <subtype name="compound" value="31"/>
    </relation>
    <relation entry1="35" entry2="41" type="PPrel">
        <subtype name="compound" value="48"/>
    </relation>
    <relation entry1="35" entry2="67" type="PPrel">
        <subtype name="compound" value="34"/>
    </relation>
    <relation entry1="41" entry2="57" type="PPrel">
        <subtype name="compound" value="45"/>
    </relation>
    <relation entry1="57" entry2="45" type="PPrel">
        <subtype name="compound" value="41"/>
    </relation>
    <relation entry1="24" entry2="45" type="PPrel">
        <subtype name="compound" value="41"/>
    </relation>
    <relation entry1="24" entry2="57" type="PPrel">
        <subtype name="compound" value="41"/>
    </relation>
    <relation entry1="21" entry2="67" type="PPrel">
        <subtype name="compound" value="46"/>
    </relation>
    <relation entry1="21" entry2="41" type="PPrel">
        <subtype name="compound" value="33"/>
    </relation>
    <relation entry1="25" entry2="41" type="PPrel">
        <subtype name="compound" value="49"/>
    </relation>
    <relation entry1="30" entry2="63" type="PPrel">
        <subtype name="compound" value="32"/>
    </relation>
    <relation entry1="56" entry2="58" type="PPrel">
        <subtype name="activation" value="--&gt;"/>
    </relation>
    <relation entry1="63" entry2="62" type="PPrel">
        <subtype name="activation" value="--&gt;"/>
    </relation>
    <relation entry1="62" entry2="61" type="PPrel">
        <subtype name="activation" value="--&gt;"/>
    </relation>
    <relation entry1="61" entry2="60" type="PPrel">
        <subtype name="activation" value="--&gt;"/>
    </relation>
    <relation entry1="66" entry2="54" type="PPrel">
        <subtype name="activation" value="--&gt;"/>
    </relation>
    <relation entry1="54" entry2="26" type="PPrel">
        <subtype name="activation" value="--&gt;"/>
    </relation>
    <relation entry1="60" entry2="26" type="PPrel">
        <subtype name="activation" value="--&gt;"/>
    </relation>
    <relation entry1="66" entry2="36" type="PPrel">
        <subtype name="activation" value="--&gt;"/>
    </relation>
    <relation entry1="36" entry2="35" type="PPrel">
        <subtype name="activation" value="--&gt;"/>
    </relation>
    <relation entry1="59" entry2="65" type="PPrel">
        <subtype name="activation" value="--&gt;"/>
    </relation>
    <relation entry1="65" entry2="41" type="PPrel">
        <subtype name="activation" value="--&gt;"/>
    </relation>
    <relation entry1="37" entry2="22" type="PPrel">
        <subtype name="activation" value="--&gt;"/>
    </relation>
    <relation entry1="22" entry2="21" type="PPrel">
        <subtype name="activation" value="--&gt;"/>
    </relation>
    <relation entry1="37" entry2="29" type="PPrel">
        <subtype name="activation" value="--&gt;"/>
    </relation>
    <relation entry1="29" entry2="25" type="PPrel">
        <subtype name="activation" value="--&gt;"/>
    </relation>
    <relation entry1="51" entry2="44" type="PPrel">
        <subtype name="activation" value="--&gt;"/>
    </relation>
    <relation entry1="44" entry2="28" type="PPrel">
        <subtype name="activation" value="--&gt;"/>
    </relation>
    <relation entry1="52" entry2="43" type="PPrel">
        <subtype name="activation" value="--&gt;"/>
    </relation>
    <relation entry1="43" entry2="27" type="PPrel">
        <subtype name="activation" value="--&gt;"/>
    </relation>
    <relation entry1="58" entry2="64" type="PPrel">
        <subtype name="inhibition" value="--|"/>
    </relation>
    <relation entry1="64" entry2="61" type="PPrel">
        <subtype name="inhibition" value="--|"/>
    </relation>
    <relation entry1="64" entry2="60" type="PPrel">
        <subtype name="inhibition" value="--|"/>
    </relation>
    <relation entry1="64" entry2="41" type="PPrel">
        <subtype name="inhibition" value="--|"/>
    </relation>
</pathway>
