<?xml version="1.0"?>
<!DOCTYPE pathway SYSTEM "https://www.kegg.jp/kegg/xml/KGML_v0.7.2_.dtd">
<!-- Creation date: Dec 27, 2022 12:47:49 +0900 (GMT+9) -->
<pathway name="path:hsa00380" org="hsa" number="00380"
         title="Tryptophan metabolism"
         image="https://www.kegg.jp/kegg/pathway/hsa/hsa00380.png"
         link="https://www.kegg.jp/kegg-bin/show_pathway?hsa00380">
    <entry id="19" name="hsa:847" type="gene" reaction="rn:R02670"
        link="https://www.kegg.jp/dbget-bin/www_bget?hsa:847">
        <graphics name="CAT" fgcolor="#000000" bgcolor="#BFFFBF"
             type="rectangle" x="771" y="760" width="46" height="17"/>
    </entry>
    <entry id="35" name="hsa:1962 hsa:3033" type="gene" reaction="rn:R01975"
        link="https://www.kegg.jp/dbget-bin/www_bget?hsa:1962+hsa:3033">
        <graphics name="EHHADH, ECHD, FRTS3, L-PBE, LBFP, LBP, MFE1, PBFE..." fgcolor="#000000" bgcolor="#BFFFBF"
             type="rectangle" x="211" y="999" width="46" height="17"/>
    </entry>
    <entry id="77" name="hsa:169355 hsa:3620" type="gene" reaction="rn:R00678"
        link="https://www.kegg.jp/dbget-bin/www_bget?hsa:169355+hsa:3620">
        <graphics name="IDO2, INDOL1..." fgcolor="#000000" bgcolor="#BFFFBF"
             type="rectangle" x="543" y="608" width="46" height="17"/>
    </entry>
    <entry id="78" name="ko:K04103" type="ortholog" reaction="rn:R01974"
        link="https://www.kegg.jp/dbget-bin/www_bget?K04103">
        <graphics name="K04103" fgcolor="#000000" bgcolor="#FFFFFF"
             type="rectangle" x="886" y="285" width="46" height="17"/>
    </entry>
    <entry id="79" name="path:hsa00760" type="map"
        link="https://www.kegg.jp/dbget-bin/www_bget?hsa00760">
        <graphics name="Nicotinate and nicotinamide metabolism" fgcolor="#000000" bgcolor="#FFFFFF"
             type="roundrectangle" x="949" y="888" width="146" height="25"/>
    </entry>
    <entry id="80" name="ko:K14265 ko:K00838" type="ortholog" reaction="rn:R02700"
        link="https://www.kegg.jp/dbget-bin/www_bget?K14265+K00838">
        <graphics name="K14265..." fgcolor="#000000" bgcolor="#FFFFFF"
             type="rectangle" x="518" y="153" width="46" height="17"/>
    </entry>
    <entry id="81" name="hsa:259307" type="gene" reaction="rn:R00677"
        link="https://www.kegg.jp/dbget-bin/www_bget?hsa:259307">
        <graphics name="IL4I1, FIG1, LAAO, LAO, hIL4I1" fgcolor="#000000" bgcolor="#BFFFBF"
             type="rectangle" x="575" y="276" width="46" height="17"/>
    </entry>
    <entry id="82" name="hsa:169355 hsa:3620" type="gene" reaction="rn:R03628"
        link="https://www.kegg.jp/dbget-bin/www_bget?hsa:169355+hsa:3620">
        <graphics name="IDO2, INDOL1..." fgcolor="#000000" bgcolor="#BFFFBF"
             type="rectangle" x="924" y="178" width="46" height="17"/>
    </entry>
    <entry id="83" name="hsa:1543 hsa:1544 hsa:1545" type="gene" reaction="rn:R03629"
        link="https://www.kegg.jp/dbget-bin/www_bget?hsa:1543+hsa:1544+hsa:1545">
        <graphics name="CYP1A1, AHH, AHRR, CP11, CYP1, CYPIA1, P1-450, P450-C, P450DX..." fgcolor="#000000" bgcolor="#BFFFBF"
             type="rectangle" x="924" y="210" width="46" height="17"/>
    </entry>
    <entry id="84" name="hsa:438" type="gene" reaction="rn:R03130"
        link="https://www.kegg.jp/dbget-bin/www_bget?hsa:438">
        <graphics name="ASMT, ASMTY, HIOMT, HIOMTY" fgcolor="#000000" bgcolor="#BFFFBF"
             type="rectangle" x="812" y="210" width="46" height="17"/>
    </entry>
    <entry id="86" name="hsa:15" type="gene" reaction="rn:R02911"
        link="https://www.kegg.jp/dbget-bin/www_bget?hsa:15">
        <graphics name="AANAT, DSPS, SNAT" fgcolor="#000000" bgcolor="#BFFFBF"
             type="rectangle" x="682" y="210" width="46" height="17"/>
    </entry>
    <entry id="87" name="hsa:169355 hsa:3620" type="gene" reaction="rn:R02909"
        link="https://www.kegg.jp/dbget-bin/www_bget?hsa:169355+hsa:3620">
        <graphics name="IDO2, INDOL1..." fgcolor="#000000" bgcolor="#BFFFBF"
             type="rectangle" x="682" y="153" width="46" height="17"/>
    </entry>
    <entry id="88" name="hsa:438" type="gene" reaction="rn:R04905"
        link="https://www.kegg.jp/dbget-bin/www_bget?hsa:438">
        <graphics name="ASMT, ASMTY, HIOMT, HIOMTY" fgcolor="#000000" bgcolor="#BFFFBF"
             type="rectangle" x="812" y="64" width="46" height="17"/>
    </entry>
    <entry id="89" name="hsa:4128 hsa:4129" type="gene" reaction="rn:R04908"
        link="https://www.kegg.jp/dbget-bin/www_bget?hsa:4128+hsa:4129">
        <graphics name="MAOA, BRNRS, MAO-A..." fgcolor="#000000" bgcolor="#BFFFBF"
             type="rectangle" x="276" y="133" width="46" height="17"/>
    </entry>
    <entry id="90" name="hsa:1644" type="gene" reaction="rn:R04909"
        link="https://www.kegg.jp/dbget-bin/www_bget?hsa:1644">
        <graphics name="DDC, AADC" fgcolor="#000000" bgcolor="#BFFFBF"
             type="rectangle" x="324" y="169" width="46" height="17"/>
    </entry>
    <entry id="92" name="hsa:1644" type="gene" reaction="rn:R02701"
        link="https://www.kegg.jp/dbget-bin/www_bget?hsa:1644">
        <graphics name="DDC, AADC" fgcolor="#000000" bgcolor="#BFFFBF"
             type="rectangle" x="576" y="210" width="46" height="17"/>
    </entry>
    <entry id="93" name="hsa:169355 hsa:3620" type="gene" reaction="rn:R02702"
        link="https://www.kegg.jp/dbget-bin/www_bget?hsa:169355+hsa:3620">
        <graphics name="IDO2, INDOL1..." fgcolor="#000000" bgcolor="#BFFFBF"
             type="rectangle" x="469" y="210" width="46" height="17"/>
    </entry>
    <entry id="94" name="ko:K14265 ko:K00838" type="ortholog" reaction="rn:R00684"
        link="https://www.kegg.jp/dbget-bin/www_bget?K14265+K00838">
        <graphics name="K14265..." fgcolor="#000000" bgcolor="#FFFFFF"
             type="rectangle" x="575" y="295" width="46" height="17"/>
    </entry>
    <entry id="98" name="hsa:125061" type="gene" reaction="rn:R01959"
        link="https://www.kegg.jp/dbget-bin/www_bget?hsa:125061">
        <graphics name="AFMID, FKF, KF, KFA" fgcolor="#000000" bgcolor="#BFFFBF"
             type="rectangle" x="518" y="668" width="46" height="17"/>
    </entry>
    <entry id="101" name="hsa:38 hsa:39" type="gene" reaction="rn:R00238"
        link="https://www.kegg.jp/dbget-bin/www_bget?hsa:38+hsa:39">
        <graphics name="ACAT1, ACAT, MAT, T2, THIL..." fgcolor="#000000" bgcolor="#BFFFBF"
             type="rectangle" x="113" y="1000" width="46" height="17"/>
    </entry>
    <entry id="102" name="hsa:1892 hsa:1962 hsa:3030" type="gene" reaction="rn:R03026"
        link="https://www.kegg.jp/dbget-bin/www_bget?hsa:1892+hsa:1962+hsa:3030">
        <graphics name="ECHS1, ECHS1D, SCEH, mECH, mECH1..." fgcolor="#000000" bgcolor="#BFFFBF"
             type="rectangle" x="306" y="999" width="46" height="17"/>
    </entry>
    <entry id="103" name="hsa:2639" type="gene" reaction="rn:R02488"
        link="https://www.kegg.jp/dbget-bin/www_bget?hsa:2639">
        <graphics name="GCDH, ACAD5, GCD" fgcolor="#000000" bgcolor="#BFFFBF"
             type="rectangle" x="396" y="1000" width="46" height="17"/>
    </entry>
    <entry id="104" name="hsa:1738 hsa:1743 hsa:55526" type="gene" reaction="rn:R01933"
        link="https://www.kegg.jp/dbget-bin/www_bget?hsa:1738+hsa:1743+hsa:55526">
        <graphics name="DLD, DLDD, DLDH, E3, GCSL, LAD, OGDC-E3, PHE3..." fgcolor="#000000" bgcolor="#BFFFBF"
             type="rectangle" x="494" y="1000" width="46" height="17"/>
    </entry>
    <entry id="105" name="hsa:64577" type="gene" reaction="rn:R03889"
        link="https://www.kegg.jp/dbget-bin/www_bget?hsa:64577">
        <graphics name="ALDH8A1, ALDH12, DJ352A20.2" fgcolor="#000000" bgcolor="#BFFFBF"
             type="rectangle" x="674" y="967" width="46" height="17"/>
    </entry>
    <entry id="106" name="hsa:130013" type="gene" reaction="rn:R04323"
        link="https://www.kegg.jp/dbget-bin/www_bget?hsa:130013">
        <graphics name="ACMSD" fgcolor="#000000" bgcolor="#BFFFBF"
             type="rectangle" x="674" y="911" width="46" height="17"/>
    </entry>
    <entry id="107" name="hsa:23498" type="gene" reaction="rn:R02665"
        link="https://www.kegg.jp/dbget-bin/www_bget?hsa:23498">
        <graphics name="HAAO, 3-HAO, HAO, VCRL1, h3HAO" fgcolor="#000000" bgcolor="#BFFFBF"
             type="rectangle" x="674" y="858" width="46" height="17"/>
    </entry>
    <entry id="108" name="hsa:8942" type="gene" reaction="rn:R03936"
        link="https://www.kegg.jp/dbget-bin/www_bget?hsa:8942">
        <graphics name="KYNU, KYNUU, VCRL2" fgcolor="#000000" bgcolor="#BFFFBF"
             type="rectangle" x="582" y="640" width="46" height="17"/>
    </entry>
    <entry id="109" name="hsa:8564" type="gene" reaction="rn:R01960"
        link="https://www.kegg.jp/dbget-bin/www_bget?hsa:8564">
        <graphics name="KMO, dJ317G22.1" fgcolor="#000000" bgcolor="#BFFFBF"
             type="rectangle" x="517" y="755" width="46" height="17"/>
    </entry>
    <entry id="110" name="hsa:8942" type="gene" reaction="rn:R00987"
        link="https://www.kegg.jp/dbget-bin/www_bget?hsa:8942">
        <graphics name="KYNU, KYNUU, VCRL2" fgcolor="#000000" bgcolor="#BFFFBF"
             type="rectangle" x="582" y="705" width="46" height="17"/>
    </entry>
    <entry id="111" name="hsa:125061" type="gene" reaction="rn:R00988"
        link="https://www.kegg.jp/dbget-bin/www_bget?hsa:125061">
        <graphics name="AFMID, FKF, KF, KFA" fgcolor="#000000" bgcolor="#BFFFBF"
             type="rectangle" x="674" y="668" width="46" height="17"/>
    </entry>
    <entry id="112" name="hsa:8942" type="gene" reaction="rn:R02668"
        link="https://www.kegg.jp/dbget-bin/www_bget?hsa:8942">
        <graphics name="KYNU, KYNUU, VCRL2" fgcolor="#000000" bgcolor="#BFFFBF"
             type="rectangle" x="582" y="804" width="46" height="17"/>
    </entry>
    <entry id="113" name="hsa:6999" type="gene" reaction="rn:R00678"
        link="https://www.kegg.jp/dbget-bin/www_bget?hsa:6999">
        <graphics name="TDO2, HYPTRP, TDO, TO, TPH2, TRPO" fgcolor="#000000" bgcolor="#BFFFBF"
             type="rectangle" x="493" y="608" width="46" height="17"/>
    </entry>
    <entry id="114" name="ko:K01667" type="ortholog" reaction="rn:R00673"
        link="https://www.kegg.jp/dbget-bin/www_bget?K01667">
        <graphics name="K01667" fgcolor="#000000" bgcolor="#FFFFFF"
             type="rectangle" x="469" y="411" width="46" height="17"/>
    </entry>
    <entry id="115" name="hsa:121278 hsa:7166" type="gene" reaction="rn:R01814"
        link="https://www.kegg.jp/dbget-bin/www_bget?hsa:121278+hsa:7166">
        <graphics name="TPH2, ADHD7, NTPH..." fgcolor="#000000" bgcolor="#BFFFBF"
             type="rectangle" x="518" y="255" width="46" height="17"/>
    </entry>
    <entry id="117" name="hsa:51166 hsa:56267 hsa:883" type="gene" reaction="rn:R04171"
        link="https://www.kegg.jp/dbget-bin/www_bget?hsa:51166+hsa:56267+hsa:883">
        <graphics name="AADAT, KAT2, KATII, KYAT2..." fgcolor="#000000" bgcolor="#BFFFBF"
             type="rectangle" x="469" y="805" width="46" height="17"/>
    </entry>
    <entry id="118" name="hsa:51166 hsa:56267 hsa:883" type="gene" reaction="rn:R01956"
        link="https://www.kegg.jp/dbget-bin/www_bget?hsa:51166+hsa:56267+hsa:883">
        <graphics name="AADAT, KAT2, KATII, KYAT2..." fgcolor="#000000" bgcolor="#BFFFBF"
             type="rectangle" x="469" y="706" width="46" height="17"/>
    </entry>
    <entry id="119" name="ko:K20219 ko:K20204" type="ortholog" reaction="rn:R00074"
        link="https://www.kegg.jp/dbget-bin/www_bget?K20219+K20204">
        <graphics name="K20219..." fgcolor="#000000" bgcolor="#FFFFFF"
             type="rectangle" x="831" y="805" width="46" height="17"/>
    </entry>
    <entry id="120" name="hsa:4128 hsa:4129" type="gene" reaction="rn:R04907"
        link="https://www.kegg.jp/dbget-bin/www_bget?hsa:4128+hsa:4129">
        <graphics name="MAOA, BRNRS, MAO-A..." fgcolor="#000000" bgcolor="#BFFFBF"
             type="rectangle" x="469" y="876" width="46" height="17"/>
    </entry>
    <entry id="126" name="ko:K00466" type="ortholog" reaction="rn:R00679"
        link="https://www.kegg.jp/dbget-bin/www_bget?K00466">
        <graphics name="K00466" fgcolor="#000000" bgcolor="#FFFFFF"
             type="rectangle" x="682" y="591" width="46" height="17"/>
    </entry>
    <entry id="127" name="hsa:1644" type="gene" reaction="rn:R00685"
        link="https://www.kegg.jp/dbget-bin/www_bget?hsa:1644">
        <graphics name="DDC, AADC" fgcolor="#000000" bgcolor="#BFFFBF"
             type="rectangle" x="576" y="400" width="46" height="17"/>
    </entry>
    <entry id="128" name="hsa:4128 hsa:4129" type="gene" reaction="rn:R02908"
        link="https://www.kegg.jp/dbget-bin/www_bget?hsa:4128+hsa:4129">
        <graphics name="MAOA, BRNRS, MAO-A..." fgcolor="#000000" bgcolor="#BFFFBF"
             type="rectangle" x="631" y="100" width="46" height="17"/>
    </entry>
    <entry id="130" name="ko:K11817 ko:K22417" type="ortholog" reaction="rn:R02681"
        link="https://www.kegg.jp/dbget-bin/www_bget?K11817+K22417">
        <graphics name="K11817..." fgcolor="#000000" bgcolor="#FFFFFF"
             type="rectangle" x="991" y="458" width="46" height="17"/>
    </entry>
    <entry id="131" name="hsa:217 hsa:219 hsa:223 hsa:224 hsa:501" type="gene" reaction="rn:R02678"
        link="https://www.kegg.jp/dbget-bin/www_bget?hsa:217+hsa:219+hsa:223+hsa:224+hsa:501">
        <graphics name="ALDH2, ALDH-E2, ALDHI, ALDM..." fgcolor="#000000" bgcolor="#BFFFBF"
             type="rectangle" x="941" y="458" width="46" height="17"/>
    </entry>
    <entry id="133" name="ko:K23109" type="ortholog" reaction="rn:R12256"
        link="https://www.kegg.jp/dbget-bin/www_bget?K23109">
        <graphics name="K23109" fgcolor="#000000" bgcolor="#FFFFFF"
             type="rectangle" x="895" y="258" width="46" height="17"/>
    </entry>
    <entry id="134" name="path:hsa00400" type="map"
        link="https://www.kegg.jp/dbget-bin/www_bget?hsa00400">
        <graphics name="Phenylalanine, tyrosine and tryptophan biosynthesis" fgcolor="#000000" bgcolor="#FFFFFF"
             type="roundrectangle" x="407" y="546" width="79" height="34"/>
    </entry>
    <entry id="135" name="path:hsa00380" type="map"
        link="https://www.kegg.jp/dbget-bin/www_bget?hsa00380">
        <graphics name="TITLE:Tryptophan metabolism" fgcolor="#000000" bgcolor="#FFFFFF"
             type="roundrectangle" x="143" y="61" width="205" height="25"/>
    </entry>
    <entry id="136" name="path:hsa00010" type="map"
        link="https://www.kegg.jp/dbget-bin/www_bget?hsa00010">
        <graphics name="Glycolysis / Gluconeogenesis" fgcolor="#000000" bgcolor="#FFFFFF"
             type="roundrectangle" x="63" y="929" width="70" height="25"/>
    </entry>
    <entry id="137" name="hsa:125061" type="gene" reaction="rn:R04911"
        link="https://www.kegg.jp/dbget-bin/www_bget?hsa:125061">
        <graphics name="AFMID, FKF, KF, KFA" fgcolor="#000000" bgcolor="#BFFFBF"
             type="rectangle" x="375" y="210" width="46" height="17"/>
    </entry>
    <entry id="138" name="hsa:217 hsa:219 hsa:223 hsa:224 hsa:501" type="gene" reaction="rn:R04903"
        link="https://www.kegg.jp/dbget-bin/www_bget?hsa:217+hsa:219+hsa:223+hsa:224+hsa:501">
        <graphics name="ALDH2, ALDH-E2, ALDHI, ALDM..." fgcolor="#000000" bgcolor="#BFFFBF"
             type="rectangle" x="682" y="54" width="46" height="17"/>
    </entry>
    <entry id="139" name="hsa:316" type="gene" reaction="rn:R04904"
        link="https://www.kegg.jp/dbget-bin/www_bget?hsa:316">
        <graphics name="AOX1, AO, AOH1" fgcolor="#000000" bgcolor="#BFFFBF"
             type="rectangle" x="682" y="75" width="46" height="17"/>
    </entry>
    <entry id="145" name="hsa:4128 hsa:4129" type="gene" reaction="rn:R02173"
        link="https://www.kegg.jp/dbget-bin/www_bget?hsa:4128+hsa:4129">
        <graphics name="MAOA, BRNRS, MAO-A..." fgcolor="#000000" bgcolor="#BFFFBF"
             type="rectangle" x="806" y="369" width="46" height="17"/>
    </entry>
    <entry id="146" name="ko:K01721 ko:K20807" type="ortholog" reaction="rn:R04020"
        link="https://www.kegg.jp/dbget-bin/www_bget?K01721+K20807">
        <graphics name="K01721..." fgcolor="#000000" bgcolor="#FFFFFF"
             type="rectangle" x="875" y="557" width="46" height="17"/>
    </entry>
    <entry id="147" name="ko:K01426" type="ortholog" reaction="rn:R03096"
        link="https://www.kegg.jp/dbget-bin/www_bget?K01426">
        <graphics name="K01426" fgcolor="#000000" bgcolor="#FFFFFF"
             type="rectangle" x="920" y="580" width="46" height="17"/>
    </entry>
    <entry id="148" name="ko:K01501" type="ortholog" reaction="rn:R03093"
        link="https://www.kegg.jp/dbget-bin/www_bget?K01501">
        <graphics name="K01501" fgcolor="#000000" bgcolor="#FFFFFF"
             type="rectangle" x="920" y="535" width="46" height="17"/>
    </entry>
    <entry id="149" name="ko:K01237" type="ortholog" reaction="rn:R04094"
        link="https://www.kegg.jp/dbget-bin/www_bget?K01237">
        <graphics name="K01237" fgcolor="#000000" bgcolor="#FFFFFF"
             type="rectangle" x="812" y="536" width="46" height="17"/>
    </entry>
    <entry id="152" name="hsa:26" type="gene" reaction="rn:R02173"
        link="https://www.kegg.jp/dbget-bin/www_bget?hsa:26">
        <graphics name="AOC1, ABP, ABP1, DAO, DAO1, KAO" fgcolor="#000000" bgcolor="#BFFFBF"
             type="rectangle" x="806" y="348" width="46" height="17"/>
    </entry>
    <entry id="153" name="path:map00627" type="map"
        link="https://www.kegg.jp/dbget-bin/www_bget?map00627">
        <graphics name="Aminobenzoate degradation" fgcolor="#000000" bgcolor="#FFFFFF"
             type="roundrectangle" x="913" y="684" width="150" height="25"/>
    </entry>
    <entry id="154" name="hsa:11185" type="gene" reaction="rn:R02910"
        link="https://www.kegg.jp/dbget-bin/www_bget?hsa:11185">
        <graphics name="INMT, TEMT" fgcolor="#000000" bgcolor="#BFFFBF"
             type="rectangle" x="682" y="181" width="46" height="17"/>
    </entry>
    <entry id="155" name="hsa:11185" type="gene" reaction="rn:R02174"
        link="https://www.kegg.jp/dbget-bin/www_bget?hsa:11185">
        <graphics name="INMT, TEMT" fgcolor="#000000" bgcolor="#BFFFBF"
             type="rectangle" x="591" y="368" width="46" height="17"/>
    </entry>
    <entry id="156" name="ko:K15067" type="ortholog" reaction="rn:R03887"
        link="https://www.kegg.jp/dbget-bin/www_bget?K15067">
        <graphics name="K15067" fgcolor="#000000" bgcolor="#FFFFFF"
             type="rectangle" x="726" y="1000" width="46" height="17"/>
    </entry>
    <entry id="157" name="cpd:C05663" type="compound"
        link="https://www.kegg.jp/dbget-bin/www_bget?C05663">
        <graphics name="C05663" fgcolor="#000000" bgcolor="#FFFFFF"
             type="circle" x="133" y="210" width="8" height="8"/>
    </entry>
    <entry id="158" name="cpd:C05639" type="compound"
        link="https://www.kegg.jp/dbget-bin/www_bget?C05639">
        <graphics name="C05639" fgcolor="#000000" bgcolor="#FFFFFF"
             type="circle" x="228" y="132" width="8" height="8"/>
    </entry>
    <entry id="159" name="cpd:C05652" type="compound"
        link="https://www.kegg.jp/dbget-bin/www_bget?C05652">
        <graphics name="C05652" fgcolor="#000000" bgcolor="#FFFFFF"
             type="circle" x="228" y="210" width="8" height="8"/>
    </entry>
    <entry id="160" name="cpd:C05638" type="compound"
        link="https://www.kegg.jp/dbget-bin/www_bget?C05638">
        <graphics name="C05638" fgcolor="#000000" bgcolor="#FFFFFF"
             type="circle" x="323" y="132" width="8" height="8"/>
    </entry>
    <entry id="161" name="cpd:C05651" type="compound"
        link="https://www.kegg.jp/dbget-bin/www_bget?C05651">
        <graphics name="C05651" fgcolor="#000000" bgcolor="#FFFFFF"
             type="circle" x="323" y="210" width="8" height="8"/>
    </entry>
    <entry id="162" name="cpd:C05648" type="compound"
        link="https://www.kegg.jp/dbget-bin/www_bget?C05648">
        <graphics name="C05648" fgcolor="#000000" bgcolor="#FFFFFF"
             type="circle" x="419" y="210" width="8" height="8"/>
    </entry>
    <entry id="163" name="cpd:C02172" type="compound"
        link="https://www.kegg.jp/dbget-bin/www_bget?C02172">
        <graphics name="C02172" fgcolor="#000000" bgcolor="#FFFFFF"
             type="circle" x="133" y="410" width="8" height="8"/>
    </entry>
    <entry id="164" name="cpd:C02298" type="compound"
        link="https://www.kegg.jp/dbget-bin/www_bget?C02298">
        <graphics name="C02298" fgcolor="#000000" bgcolor="#FFFFFF"
             type="circle" x="228" y="410" width="8" height="8"/>
    </entry>
    <entry id="165" name="cpd:C05658" type="compound"
        link="https://www.kegg.jp/dbget-bin/www_bget?C05658">
        <graphics name="C05658" fgcolor="#000000" bgcolor="#FFFFFF"
             type="circle" x="323" y="410" width="8" height="8"/>
    </entry>
    <entry id="166" name="cpd:C02775" type="compound"
        link="https://www.kegg.jp/dbget-bin/www_bget?C02775">
        <graphics name="C02775" fgcolor="#000000" bgcolor="#FFFFFF"
             type="circle" x="846" y="737" width="8" height="8"/>
    </entry>
    <entry id="167" name="cpd:C05655" type="compound"
        link="https://www.kegg.jp/dbget-bin/www_bget?C05655">
        <graphics name="C05655" fgcolor="#000000" bgcolor="#FFFFFF"
             type="circle" x="133" y="535" width="8" height="8"/>
    </entry>
    <entry id="168" name="cpd:C05654" type="compound"
        link="https://www.kegg.jp/dbget-bin/www_bget?C05654">
        <graphics name="C05654" fgcolor="#000000" bgcolor="#FFFFFF"
             type="circle" x="228" y="535" width="8" height="8"/>
    </entry>
    <entry id="169" name="cpd:C05656" type="compound"
        link="https://www.kegg.jp/dbget-bin/www_bget?C05656">
        <graphics name="C05656" fgcolor="#000000" bgcolor="#FFFFFF"
             type="circle" x="228" y="590" width="8" height="8"/>
    </entry>
    <entry id="170" name="cpd:C05641" type="compound"
        link="https://www.kegg.jp/dbget-bin/www_bget?C05641">
        <graphics name="C05641" fgcolor="#000000" bgcolor="#FFFFFF"
             type="circle" x="133" y="590" width="8" height="8"/>
    </entry>
    <entry id="171" name="cpd:C01111" type="compound"
        link="https://www.kegg.jp/dbget-bin/www_bget?C01111">
        <graphics name="C01111" fgcolor="#000000" bgcolor="#FFFFFF"
             type="circle" x="133" y="706" width="8" height="8"/>
    </entry>
    <entry id="172" name="cpd:C01249" type="compound"
        link="https://www.kegg.jp/dbget-bin/www_bget?C01249">
        <graphics name="C01249" fgcolor="#000000" bgcolor="#FFFFFF"
             type="circle" x="228" y="706" width="8" height="8"/>
    </entry>
    <entry id="173" name="cpd:C00024" type="compound"
        link="https://www.kegg.jp/dbget-bin/www_bget?C00024">
        <graphics name="C00024" fgcolor="#000000" bgcolor="#FFFFFF"
             type="circle" x="62" y="999" width="8" height="8"/>
    </entry>
    <entry id="174" name="cpd:C01717" type="compound"
        link="https://www.kegg.jp/dbget-bin/www_bget?C01717">
        <graphics name="C01717" fgcolor="#000000" bgcolor="#FFFFFF"
             type="circle" x="323" y="706" width="8" height="8"/>
    </entry>
    <entry id="175" name="cpd:C01252" type="compound"
        link="https://www.kegg.jp/dbget-bin/www_bget?C01252">
        <graphics name="C01252" fgcolor="#000000" bgcolor="#FFFFFF"
             type="circle" x="419" y="706" width="8" height="8"/>
    </entry>
    <entry id="176" name="cpd:C00328" type="compound"
        link="https://www.kegg.jp/dbget-bin/www_bget?C00328">
        <graphics name="C00328" fgcolor="#000000" bgcolor="#FFFFFF"
             type="circle" x="518" y="706" width="8" height="8"/>
    </entry>
    <entry id="177" name="cpd:C02700" type="compound"
        link="https://www.kegg.jp/dbget-bin/www_bget?C02700">
        <graphics name="C02700" fgcolor="#000000" bgcolor="#FFFFFF"
             type="circle" x="518" y="640" width="8" height="8"/>
    </entry>
    <entry id="178" name="cpd:C00463" type="compound"
        link="https://www.kegg.jp/dbget-bin/www_bget?C00463">
        <graphics name="C00463" fgcolor="#000000" bgcolor="#FFFFFF"
             type="circle" x="419" y="410" width="8" height="8"/>
    </entry>
    <entry id="179" name="cpd:C03574" type="compound"
        link="https://www.kegg.jp/dbget-bin/www_bget?C03574">
        <graphics name="C03574" fgcolor="#000000" bgcolor="#FFFFFF"
             type="circle" x="419" y="473" width="8" height="8"/>
    </entry>
    <entry id="180" name="cpd:C03230" type="compound"
        link="https://www.kegg.jp/dbget-bin/www_bget?C03230">
        <graphics name="C03230" fgcolor="#000000" bgcolor="#FFFFFF"
             type="circle" x="419" y="321" width="8" height="8"/>
    </entry>
    <entry id="181" name="cpd:C02693" type="compound"
        link="https://www.kegg.jp/dbget-bin/www_bget?C02693">
        <graphics name="C02693" fgcolor="#000000" bgcolor="#FFFFFF"
             type="circle" x="875" y="590" width="8" height="8"/>
    </entry>
    <entry id="182" name="cpd:C05646" type="compound"
        link="https://www.kegg.jp/dbget-bin/www_bget?C05646">
        <graphics name="C05646" fgcolor="#000000" bgcolor="#FFFFFF"
             type="circle" x="518" y="111" width="8" height="8"/>
    </entry>
    <entry id="183" name="cpd:C00643" type="compound"
        link="https://www.kegg.jp/dbget-bin/www_bget?C00643">
        <graphics name="C00643" fgcolor="#000000" bgcolor="#FFFFFF"
             type="circle" x="518" y="210" width="8" height="8"/>
    </entry>
    <entry id="184" name="cpd:C00078" type="compound"
        link="https://www.kegg.jp/dbget-bin/www_bget?C00078">
        <graphics name="C00078" fgcolor="#000000" bgcolor="#FFFFFF"
             type="circle" x="518" y="410" width="8" height="8"/>
    </entry>
    <entry id="185" name="cpd:C00332" type="compound"
        link="https://www.kegg.jp/dbget-bin/www_bget?C00332">
        <graphics name="C00332" fgcolor="#000000" bgcolor="#FFFFFF"
             type="circle" x="156" y="999" width="8" height="8"/>
    </entry>
    <entry id="186" name="cpd:C01144" type="compound"
        link="https://www.kegg.jp/dbget-bin/www_bget?C01144">
        <graphics name="C01144" fgcolor="#000000" bgcolor="#FFFFFF"
             type="circle" x="250" y="999" width="8" height="8"/>
    </entry>
    <entry id="187" name="cpd:C00877" type="compound"
        link="https://www.kegg.jp/dbget-bin/www_bget?C00877">
        <graphics name="C00877" fgcolor="#000000" bgcolor="#FFFFFF"
             type="circle" x="344" y="999" width="8" height="8"/>
    </entry>
    <entry id="188" name="cpd:C00527" type="compound"
        link="https://www.kegg.jp/dbget-bin/www_bget?C00527">
        <graphics name="C00527" fgcolor="#000000" bgcolor="#FFFFFF"
             type="circle" x="438" y="999" width="8" height="8"/>
    </entry>
    <entry id="189" name="cpd:C00322" type="compound"
        link="https://www.kegg.jp/dbget-bin/www_bget?C00322">
        <graphics name="C00322" fgcolor="#000000" bgcolor="#FFFFFF"
             type="circle" x="537" y="999" width="8" height="8"/>
    </entry>
    <entry id="190" name="cpd:C02220" type="compound"
        link="https://www.kegg.jp/dbget-bin/www_bget?C02220">
        <graphics name="C02220" fgcolor="#000000" bgcolor="#FFFFFF"
             type="circle" x="674" y="999" width="8" height="8"/>
    </entry>
    <entry id="191" name="cpd:C03824" type="compound"
        link="https://www.kegg.jp/dbget-bin/www_bget?C03824">
        <graphics name="C03824" fgcolor="#000000" bgcolor="#FFFFFF"
             type="circle" x="674" y="943" width="8" height="8"/>
    </entry>
    <entry id="192" name="cpd:C03722" type="compound"
        link="https://www.kegg.jp/dbget-bin/www_bget?C03722">
        <graphics name="C03722" fgcolor="#000000" bgcolor="#FFFFFF"
             type="circle" x="775" y="887" width="8" height="8"/>
    </entry>
    <entry id="193" name="cpd:C04409" type="compound"
        link="https://www.kegg.jp/dbget-bin/www_bget?C04409">
        <graphics name="C04409" fgcolor="#000000" bgcolor="#FFFFFF"
             type="circle" x="674" y="887" width="8" height="8"/>
    </entry>
    <entry id="194" name="cpd:C00632" type="compound"
        link="https://www.kegg.jp/dbget-bin/www_bget?C00632">
        <graphics name="C00632" fgcolor="#000000" bgcolor="#FFFFFF"
             type="circle" x="674" y="804" width="8" height="8"/>
    </entry>
    <entry id="195" name="cpd:C02470" type="compound"
        link="https://www.kegg.jp/dbget-bin/www_bget?C02470">
        <graphics name="C02470" fgcolor="#000000" bgcolor="#FFFFFF"
             type="circle" x="323" y="804" width="8" height="8"/>
    </entry>
    <entry id="196" name="cpd:C05645" type="compound"
        link="https://www.kegg.jp/dbget-bin/www_bget?C05645">
        <graphics name="C05645" fgcolor="#000000" bgcolor="#FFFFFF"
             type="circle" x="419" y="804" width="8" height="8"/>
    </entry>
    <entry id="197" name="cpd:C05637" type="compound"
        link="https://www.kegg.jp/dbget-bin/www_bget?C05637">
        <graphics name="C05637" fgcolor="#000000" bgcolor="#FFFFFF"
             type="circle" x="419" y="875" width="8" height="8"/>
    </entry>
    <entry id="198" name="cpd:C05636" type="compound"
        link="https://www.kegg.jp/dbget-bin/www_bget?C05636">
        <graphics name="C05636" fgcolor="#000000" bgcolor="#FFFFFF"
             type="circle" x="518" y="875" width="8" height="8"/>
    </entry>
    <entry id="199" name="cpd:C03227" type="compound"
        link="https://www.kegg.jp/dbget-bin/www_bget?C03227">
        <graphics name="C03227" fgcolor="#000000" bgcolor="#FFFFFF"
             type="circle" x="518" y="804" width="8" height="8"/>
    </entry>
    <entry id="200" name="cpd:C02161" type="compound"
        link="https://www.kegg.jp/dbget-bin/www_bget?C02161">
        <graphics name="C02161" fgcolor="#000000" bgcolor="#FFFFFF"
             type="circle" x="892" y="804" width="8" height="8"/>
    </entry>
    <entry id="201" name="cpd:C01987" type="compound"
        link="https://www.kegg.jp/dbget-bin/www_bget?C01987">
        <graphics name="C01987" fgcolor="#000000" bgcolor="#FFFFFF"
             type="circle" x="776" y="804" width="8" height="8"/>
    </entry>
    <entry id="202" name="cpd:C05640" type="compound"
        link="https://www.kegg.jp/dbget-bin/www_bget?C05640">
        <graphics name="C05640" fgcolor="#000000" bgcolor="#FFFFFF"
             type="circle" x="846" y="770" width="8" height="8"/>
    </entry>
    <entry id="203" name="cpd:C00780" type="compound"
        link="https://www.kegg.jp/dbget-bin/www_bget?C00780">
        <graphics name="C00780" fgcolor="#000000" bgcolor="#FFFFFF"
             type="circle" x="631" y="210" width="8" height="8"/>
    </entry>
    <entry id="205" name="cpd:C05635" type="compound"
        link="https://www.kegg.jp/dbget-bin/www_bget?C05635">
        <graphics name="C05635" fgcolor="#000000" bgcolor="#FFFFFF"
             type="circle" x="757" y="64" width="8" height="8"/>
    </entry>
    <entry id="206" name="cpd:C05659" type="compound"
        link="https://www.kegg.jp/dbget-bin/www_bget?C05659">
        <graphics name="C05659" fgcolor="#000000" bgcolor="#FFFFFF"
             type="circle" x="757" y="125" width="8" height="8"/>
    </entry>
    <entry id="207" name="cpd:C05647" type="compound"
        link="https://www.kegg.jp/dbget-bin/www_bget?C05647">
        <graphics name="C05647" fgcolor="#000000" bgcolor="#FFFFFF"
             type="circle" x="757" y="152" width="8" height="8"/>
    </entry>
    <entry id="208" name="cpd:C00978" type="compound"
        link="https://www.kegg.jp/dbget-bin/www_bget?C00978">
        <graphics name="C00978" fgcolor="#000000" bgcolor="#FFFFFF"
             type="circle" x="757" y="210" width="8" height="8"/>
    </entry>
    <entry id="209" name="cpd:C01598" type="compound"
        link="https://www.kegg.jp/dbget-bin/www_bget?C01598">
        <graphics name="C01598" fgcolor="#000000" bgcolor="#FFFFFF"
             type="circle" x="874" y="210" width="8" height="8"/>
    </entry>
    <entry id="210" name="cpd:C05643" type="compound"
        link="https://www.kegg.jp/dbget-bin/www_bget?C05643">
        <graphics name="C05643" fgcolor="#000000" bgcolor="#FFFFFF"
             type="circle" x="990" y="210" width="8" height="8"/>
    </entry>
    <entry id="211" name="cpd:C05642" type="compound"
        link="https://www.kegg.jp/dbget-bin/www_bget?C05642">
        <graphics name="C05642" fgcolor="#000000" bgcolor="#FFFFFF"
             type="circle" x="990" y="177" width="8" height="8"/>
    </entry>
    <entry id="212" name="cpd:C05644" type="compound"
        link="https://www.kegg.jp/dbget-bin/www_bget?C05644">
        <graphics name="C05644" fgcolor="#000000" bgcolor="#FFFFFF"
             type="circle" x="698" y="260" width="8" height="8"/>
    </entry>
    <entry id="213" name="cpd:C22006" type="compound"
        link="https://www.kegg.jp/dbget-bin/www_bget?C22006">
        <graphics name="C22006" fgcolor="#000000" bgcolor="#FFFFFF"
             type="circle" x="997" y="257" width="8" height="8"/>
    </entry>
    <entry id="214" name="cpd:C00954" type="compound"
        link="https://www.kegg.jp/dbget-bin/www_bget?C00954">
        <graphics name="C00954" fgcolor="#000000" bgcolor="#FFFFFF"
             type="circle" x="966" y="535" width="8" height="8"/>
    </entry>
    <entry id="215" name="cpd:C00637" type="compound"
        link="https://www.kegg.jp/dbget-bin/www_bget?C00637">
        <graphics name="C00637" fgcolor="#000000" bgcolor="#FFFFFF"
             type="circle" x="961" y="295" width="8" height="8"/>
    </entry>
    <entry id="216" name="cpd:C00398" type="compound"
        link="https://www.kegg.jp/dbget-bin/www_bget?C00398">
        <graphics name="C00398" fgcolor="#000000" bgcolor="#FFFFFF"
             type="circle" x="631" y="411" width="8" height="8"/>
    </entry>
    <entry id="217" name="cpd:C05660" type="compound"
        link="https://www.kegg.jp/dbget-bin/www_bget?C05660">
        <graphics name="C05660" fgcolor="#000000" bgcolor="#FFFFFF"
             type="circle" x="874" y="64" width="8" height="8"/>
    </entry>
    <entry id="218" name="cpd:C05832" type="compound"
        link="https://www.kegg.jp/dbget-bin/www_bget?C05832">
        <graphics name="C05832" fgcolor="#000000" bgcolor="#FFFFFF"
             type="circle" x="874" y="94" width="8" height="8"/>
    </entry>
    <entry id="219" name="cpd:C00955" type="compound"
        link="https://www.kegg.jp/dbget-bin/www_bget?C00955">
        <graphics name="C00955" fgcolor="#000000" bgcolor="#FFFFFF"
             type="circle" x="1093" y="295" width="8" height="8"/>
    </entry>
    <entry id="220" name="cpd:C05834" type="compound"
        link="https://www.kegg.jp/dbget-bin/www_bget?C05834">
        <graphics name="C05834" fgcolor="#000000" bgcolor="#FFFFFF"
             type="circle" x="1080" y="567" width="8" height="8"/>
    </entry>
    <entry id="221" name="cpd:C05831" type="compound"
        link="https://www.kegg.jp/dbget-bin/www_bget?C05831">
        <graphics name="C05831" fgcolor="#000000" bgcolor="#FFFFFF"
             type="circle" x="776" y="844" width="8" height="8"/>
    </entry>
    <entry id="222" name="cpd:C05830" type="compound"
        link="https://www.kegg.jp/dbget-bin/www_bget?C05830">
        <graphics name="C05830" fgcolor="#000000" bgcolor="#FFFFFF"
             type="circle" x="228" y="804" width="8" height="8"/>
    </entry>
    <entry id="223" name="cpd:C00108" type="compound"
        link="https://www.kegg.jp/dbget-bin/www_bget?C00108">
        <graphics name="C00108" fgcolor="#000000" bgcolor="#FFFFFF"
             type="circle" x="674" y="706" width="8" height="8"/>
    </entry>
    <entry id="224" name="cpd:C02938" type="compound"
        link="https://www.kegg.jp/dbget-bin/www_bget?C02938">
        <graphics name="C02938" fgcolor="#000000" bgcolor="#FFFFFF"
             type="circle" x="875" y="534" width="8" height="8"/>
    </entry>
    <entry id="225" name="cpd:C05653" type="compound"
        link="https://www.kegg.jp/dbget-bin/www_bget?C05653">
        <graphics name="C05653" fgcolor="#000000" bgcolor="#FFFFFF"
             type="circle" x="674" y="640" width="8" height="8"/>
    </entry>
    <entry id="226" name="cpd:C06212" type="compound"
        link="https://www.kegg.jp/dbget-bin/www_bget?C06212">
        <graphics name="C06212" fgcolor="#000000" bgcolor="#FFFFFF"
             type="circle" x="757" y="180" width="8" height="8"/>
    </entry>
    <entry id="227" name="cpd:C06213" type="compound"
        link="https://www.kegg.jp/dbget-bin/www_bget?C06213">
        <graphics name="C06213" fgcolor="#000000" bgcolor="#FFFFFF"
             type="circle" x="541" y="367" width="8" height="8"/>
    </entry>
    <entry id="228" name="cpd:C03453" type="compound"
        link="https://www.kegg.jp/dbget-bin/www_bget?C03453">
        <graphics name="C03453" fgcolor="#000000" bgcolor="#FFFFFF"
             type="circle" x="775" y="999" width="8" height="8"/>
    </entry>
    <entry id="247" name="cpd:C17203" type="compound"
        link="https://www.kegg.jp/dbget-bin/www_bget?C17203">
        <graphics name="C17203" fgcolor="#000000" bgcolor="#FFFFFF"
             type="circle" x="756" y="411" width="8" height="8"/>
    </entry>
    <entry id="248" name="cpd:C02937" type="compound"
        link="https://www.kegg.jp/dbget-bin/www_bget?C02937">
        <graphics name="C02937" fgcolor="#000000" bgcolor="#FFFFFF"
             type="circle" x="875" y="412" width="8" height="8"/>
    </entry>
    <entry id="249" name="cpd:C16518" type="compound"
        link="https://www.kegg.jp/dbget-bin/www_bget?C16518">
        <graphics name="C16518" fgcolor="#000000" bgcolor="#FFFFFF"
             type="circle" x="756" y="472" width="8" height="8"/>
    </entry>
    <entry id="250" name="cpd:C16516" type="compound"
        link="https://www.kegg.jp/dbget-bin/www_bget?C16516">
        <graphics name="C16516" fgcolor="#000000" bgcolor="#FFFFFF"
             type="circle" x="587" y="472" width="8" height="8"/>
    </entry>
    <entry id="251" name="cpd:C05837" type="compound"
        link="https://www.kegg.jp/dbget-bin/www_bget?C05837">
        <graphics name="C05837" fgcolor="#000000" bgcolor="#FFFFFF"
             type="circle" x="756" y="535" width="8" height="8"/>
    </entry>
    <entry id="256" name="ko:K11818" type="ortholog" reaction="rn:R08168"
        link="https://www.kegg.jp/dbget-bin/www_bget?K11818">
        <graphics name="K11818" fgcolor="#000000" bgcolor="#FFFFFF"
             type="rectangle" x="812" y="473" width="46" height="17"/>
    </entry>
    <entry id="257" name="ko:K11819" type="ortholog" reaction="rn:R08170"
        link="https://www.kegg.jp/dbget-bin/www_bget?K11819">
        <graphics name="K11819" fgcolor="#000000" bgcolor="#FFFFFF"
             type="rectangle" x="682" y="473" width="46" height="17"/>
    </entry>
    <entry id="258" name="ko:K11868" type="ortholog" reaction="rn:R04093"
        link="https://www.kegg.jp/dbget-bin/www_bget?K11868">
        <graphics name="K11868" fgcolor="#000000" bgcolor="#FFFFFF"
             type="rectangle" x="875" y="491" width="46" height="17"/>
    </entry>
    <entry id="260" name="cpd:C00463" type="compound"
        link="https://www.kegg.jp/dbget-bin/www_bget?C00463">
        <graphics name="C00463" fgcolor="#000000" bgcolor="#FFFFFF"
             type="circle" x="894" y="634" width="8" height="8"/>
    </entry>
    <entry id="262" name="path:hsa00400" type="map"
        link="https://www.kegg.jp/dbget-bin/www_bget?hsa00400">
        <graphics name="Phenylalanine, tyrosine and tryptophan biosynthesis" fgcolor="#000000" bgcolor="#FFFFFF"
             type="roundrectangle" x="796" y="635" width="79" height="34"/>
    </entry>
    <entry id="263" name="ko:K11812 ko:K11813" type="ortholog" reaction="rn:R08160"
        link="https://www.kegg.jp/dbget-bin/www_bget?K11812+K11813">
        <graphics name="K11812..." fgcolor="#000000" bgcolor="#FFFFFF"
             type="rectangle" x="702" y="442" width="46" height="17"/>
    </entry>
    <entry id="264" name="cpd:C16517" type="compound"
        link="https://www.kegg.jp/dbget-bin/www_bget?C16517">
        <graphics name="C16517" fgcolor="#000000" bgcolor="#FFFFFF"
             type="circle" x="587" y="535" width="8" height="8"/>
    </entry>
    <entry id="266" name="ko:K11821" type="ortholog" reaction="rn:R08167"
        link="https://www.kegg.jp/dbget-bin/www_bget?K11821">
        <graphics name="K11821" fgcolor="#000000" bgcolor="#FFFFFF"
             type="rectangle" x="682" y="536" width="46" height="17"/>
    </entry>
    <entry id="267" name="ko:K11820" type="ortholog" reaction="rn:R08164"
        link="https://www.kegg.jp/dbget-bin/www_bget?K11820">
        <graphics name="K11820" fgcolor="#000000" bgcolor="#FFFFFF"
             type="rectangle" x="587" y="502" width="46" height="17"/>
    </entry>
    <entry id="272" name="ko:K03782" type="ortholog" reaction="rn:R02670"
        link="https://www.kegg.jp/dbget-bin/www_bget?K03782">
        <graphics name="K03782" fgcolor="#000000" bgcolor="#FFFFFF"
             type="rectangle" x="771" y="781" width="46" height="17"/>
    </entry>
    <entry id="273" name="ko:K11816" type="ortholog" reaction="rn:R10181"
        link="https://www.kegg.jp/dbget-bin/www_bget?K11816">
        <graphics name="K11816" fgcolor="#000000" bgcolor="#FFFFFF"
             type="rectangle" x="1124" y="423" width="46" height="17"/>
    </entry>
    <entry id="274" name="ko:K16903" type="ortholog" reaction="rn:R10180"
        link="https://www.kegg.jp/dbget-bin/www_bget?K16903">
        <graphics name="K16903" fgcolor="#000000" bgcolor="#FFFFFF"
             type="rectangle" x="575" y="314" width="46" height="17"/>
    </entry>
    <entry id="275" name="ko:K16901 ko:K16902" type="ortholog" reaction="rn:R09517"
        link="https://www.kegg.jp/dbget-bin/www_bget?K16901+K16902">
        <graphics name="K16901..." fgcolor="#000000" bgcolor="#FFFFFF"
             type="rectangle" x="674" y="755" width="46" height="17"/>
    </entry>
    <entry id="276" name="cpd:C00331" type="compound"
        link="https://www.kegg.jp/dbget-bin/www_bget?C00331">
        <graphics name="C00331" fgcolor="#000000" bgcolor="#FFFFFF"
             type="circle" x="820" y="294" width="8" height="8"/>
    </entry>
    <entry id="278" name="path:map00362" type="map"
        link="https://www.kegg.jp/dbget-bin/www_bget?map00362">
        <graphics name="Benzoate degradation" fgcolor="#000000" bgcolor="#FFFFFF"
             type="roundrectangle" x="907" y="1000" width="122" height="25"/>
    </entry>
    <entry id="280" name="cpd:C10164" type="compound"
        link="https://www.kegg.jp/dbget-bin/www_bget?C10164">
        <graphics name="C10164" fgcolor="#000000" bgcolor="#FFFFFF"
             type="circle" x="775" y="943" width="8" height="8"/>
    </entry>
    <entry id="281" name="ko:K21801" type="ortholog" reaction="rn:R03096"
        link="https://www.kegg.jp/dbget-bin/www_bget?K21801">
        <graphics name="K21801" fgcolor="#000000" bgcolor="#FFFFFF"
             type="rectangle" x="920" y="601" width="46" height="17"/>
    </entry>
    <entry id="282" name="hsa:1644" type="gene" reaction="rn:R00685"
        link="https://www.kegg.jp/dbget-bin/www_bget?hsa:1644">
        <graphics name="DDC, AADC" fgcolor="#000000" bgcolor="#BFFFBF"
             type="rectangle" x="576" y="421" width="46" height="17"/>
    </entry>
    <entry id="284" name="ko:K00837" type="ortholog" reaction="rn:R12055"
        link="https://www.kegg.jp/dbget-bin/www_bget?K00837">
        <graphics name="K00837" fgcolor="#000000" bgcolor="#FFFFFF"
             type="rectangle" x="684" y="328" width="46" height="17"/>
    </entry>
    <entry id="286" name="cpd:C08313" type="compound"
        link="https://www.kegg.jp/dbget-bin/www_bget?C08313">
        <graphics name="C08313" fgcolor="#000000" bgcolor="#FFFFFF"
             type="circle" x="1124" y="611" width="8" height="8"/>
    </entry>
    <entry id="287" name="ko:K23384" type="ortholog" reaction="rn:R12303"
        link="https://www.kegg.jp/dbget-bin/www_bget?K23384">
        <graphics name="K23384" fgcolor="#000000" bgcolor="#FFFFFF"
             type="rectangle" x="1124" y="565" width="46" height="17"/>
    </entry>
    <entry id="290" name="ko:K23947" type="ortholog" reaction="rn:R12501"
        link="https://www.kegg.jp/dbget-bin/www_bget?K23947">
        <graphics name="K23947" fgcolor="#000000" bgcolor="#FFFFFF"
             type="rectangle" x="1045" y="609" width="46" height="17"/>
    </entry>
    <entry id="291" name="cpd:C22202" type="compound"
        link="https://www.kegg.jp/dbget-bin/www_bget?C22202">
        <graphics name="C22202" fgcolor="#000000" bgcolor="#FFFFFF"
             type="circle" x="1044" y="653" width="8" height="8"/>
    </entry>
    <entry id="293" name="ko:K24541" type="ortholog" reaction="rn:R12659"
        link="https://www.kegg.jp/dbget-bin/www_bget?K24541">
        <graphics name="K24541" fgcolor="#000000" bgcolor="#FFFFFF"
             type="rectangle" x="631" y="255" width="46" height="17"/>
    </entry>
    <entry id="288" name="cpd:C05835" type="compound"
        link="https://www.kegg.jp/dbget-bin/www_bget?C05835">
        <graphics name="C05835" fgcolor="#000000" bgcolor="#FFFFFF"
             type="circle" x="1004" y="706" width="8" height="8"/>
    </entry>
    <entry id="204" name="cpd:C05634" type="compound"
        link="https://www.kegg.jp/dbget-bin/www_bget?C05634">
        <graphics name="C05634" fgcolor="#000000" bgcolor="#FFFFFF"
             type="circle" x="631" y="64" width="8" height="8"/>
    </entry>
    <relation entry1="89" entry2="90" type="ECrel">
        <subtype name="compound" value="160"/>
    </relation>
    <relation entry1="90" entry2="137" type="ECrel">
        <subtype name="compound" value="161"/>
    </relation>
    <relation entry1="93" entry2="137" type="ECrel">
        <subtype name="compound" value="162"/>
    </relation>
    <relation entry1="93" entry2="115" type="ECrel">
        <subtype name="compound" value="183"/>
    </relation>
    <relation entry1="92" entry2="93" type="ECrel">
        <subtype name="compound" value="183"/>
    </relation>
    <relation entry1="92" entry2="115" type="ECrel">
        <subtype name="compound" value="183"/>
    </relation>
    <relation entry1="110" entry2="111" type="ECrel">
        <subtype name="compound" value="223"/>
    </relation>
    <relation entry1="110" entry2="118" type="ECrel">
        <subtype name="compound" value="176"/>
    </relation>
    <relation entry1="109" entry2="110" type="ECrel">
        <subtype name="compound" value="176"/>
    </relation>
    <relation entry1="98" entry2="110" type="ECrel">
        <subtype name="compound" value="176"/>
    </relation>
    <relation entry1="109" entry2="118" type="ECrel">
        <subtype name="compound" value="176"/>
    </relation>
    <relation entry1="98" entry2="118" type="ECrel">
        <subtype name="compound" value="176"/>
    </relation>
    <relation entry1="98" entry2="109" type="ECrel">
        <subtype name="compound" value="176"/>
    </relation>
    <relation entry1="109" entry2="112" type="ECrel">
        <subtype name="compound" value="199"/>
    </relation>
    <relation entry1="109" entry2="117" type="ECrel">
        <subtype name="compound" value="199"/>
    </relation>
    <relation entry1="112" entry2="117" type="ECrel">
        <subtype name="compound" value="199"/>
    </relation>
    <relation entry1="107" entry2="112" type="ECrel">
        <subtype name="compound" value="194"/>
    </relation>
    <relation entry1="112" entry2="19" type="ECrel">
        <subtype name="compound" value="194"/>
    </relation>
    <relation entry1="107" entry2="19" type="ECrel">
        <subtype name="compound" value="194"/>
    </relation>
    <relation entry1="106" entry2="107" type="ECrel">
        <subtype name="compound" value="193"/>
    </relation>
    <relation entry1="105" entry2="106" type="ECrel">
        <subtype name="compound" value="191"/>
    </relation>
    <relation entry1="103" entry2="104" type="ECrel">
        <subtype name="compound" value="188"/>
    </relation>
    <relation entry1="102" entry2="103" type="ECrel">
        <subtype name="compound" value="187"/>
    </relation>
    <relation entry1="35" entry2="102" type="ECrel">
        <subtype name="compound" value="186"/>
    </relation>
    <relation entry1="101" entry2="35" type="ECrel">
        <subtype name="compound" value="185"/>
    </relation>
    <relation entry1="113" entry2="115" type="ECrel">
        <subtype name="compound" value="184"/>
    </relation>
    <relation entry1="81" entry2="115" type="ECrel">
        <subtype name="compound" value="184"/>
    </relation>
    <relation entry1="81" entry2="113" type="ECrel">
        <subtype name="compound" value="184"/>
    </relation>
    <relation entry1="131" entry2="145" type="ECrel">
        <subtype name="compound" value="215"/>
    </relation>
    <relation entry1="131" entry2="152" type="ECrel">
        <subtype name="compound" value="215"/>
    </relation>
    <relation entry1="127" entry2="145" type="ECrel">
        <subtype name="compound" value="216"/>
    </relation>
    <relation entry1="127" entry2="152" type="ECrel">
        <subtype name="compound" value="216"/>
    </relation>
    <relation entry1="127" entry2="155" type="ECrel">
        <subtype name="compound" value="216"/>
    </relation>
    <relation entry1="145" entry2="155" type="ECrel">
        <subtype name="compound" value="216"/>
    </relation>
    <relation entry1="152" entry2="155" type="ECrel">
        <subtype name="compound" value="216"/>
    </relation>
    <relation entry1="128" entry2="139" type="ECrel">
        <subtype name="compound" value="204"/>
    </relation>
    <relation entry1="128" entry2="138" type="ECrel">
        <subtype name="compound" value="204"/>
    </relation>
    <relation entry1="88" entry2="138" type="ECrel">
        <subtype name="compound" value="205"/>
    </relation>
    <relation entry1="88" entry2="139" type="ECrel">
        <subtype name="compound" value="205"/>
    </relation>
    <relation entry1="86" entry2="92" type="ECrel">
        <subtype name="compound" value="203"/>
    </relation>
    <relation entry1="92" entry2="154" type="ECrel">
        <subtype name="compound" value="203"/>
    </relation>
    <relation entry1="87" entry2="92" type="ECrel">
        <subtype name="compound" value="203"/>
    </relation>
    <relation entry1="92" entry2="128" type="ECrel">
        <subtype name="compound" value="203"/>
    </relation>
    <relation entry1="86" entry2="154" type="ECrel">
        <subtype name="compound" value="203"/>
    </relation>
    <relation entry1="86" entry2="87" type="ECrel">
        <subtype name="compound" value="203"/>
    </relation>
    <relation entry1="86" entry2="128" type="ECrel">
        <subtype name="compound" value="203"/>
    </relation>
    <relation entry1="87" entry2="154" type="ECrel">
        <subtype name="compound" value="203"/>
    </relation>
    <relation entry1="128" entry2="154" type="ECrel">
        <subtype name="compound" value="203"/>
    </relation>
    <relation entry1="87" entry2="128" type="ECrel">
        <subtype name="compound" value="203"/>
    </relation>
    <relation entry1="84" entry2="86" type="ECrel">
        <subtype name="compound" value="208"/>
    </relation>
    <relation entry1="83" entry2="84" type="ECrel">
        <subtype name="compound" value="209"/>
    </relation>
    <relation entry1="82" entry2="84" type="ECrel">
        <subtype name="compound" value="209"/>
    </relation>
    <relation entry1="82" entry2="83" type="ECrel">
        <subtype name="compound" value="209"/>
    </relation>
    <relation entry1="98" entry2="108" type="ECrel">
        <subtype name="compound" value="177"/>
    </relation>
    <relation entry1="108" entry2="113" type="ECrel">
        <subtype name="compound" value="177"/>
    </relation>
    <relation entry1="98" entry2="113" type="ECrel">
        <subtype name="compound" value="177"/>
    </relation>
    <relation entry1="108" entry2="111" type="ECrel">
        <subtype name="compound" value="225"/>
    </relation>
    <relation entry1="115" entry2="127" type="ECrel">
        <subtype name="compound" value="184"/>
    </relation>
    <relation entry1="81" entry2="127" type="ECrel">
        <subtype name="compound" value="184"/>
    </relation>
    <relation entry1="113" entry2="127" type="ECrel">
        <subtype name="compound" value="184"/>
    </relation>
    <relation entry1="98" entry2="77" type="ECrel">
        <subtype name="compound" value="177"/>
    </relation>
    <relation entry1="108" entry2="77" type="ECrel">
        <subtype name="compound" value="177"/>
    </relation>
    <relation entry1="115" entry2="77" type="ECrel">
        <subtype name="compound" value="184"/>
    </relation>
    <relation entry1="81" entry2="77" type="ECrel">
        <subtype name="compound" value="184"/>
    </relation>
    <relation entry1="127" entry2="77" type="ECrel">
        <subtype name="compound" value="184"/>
    </relation>
    <relation entry1="101" entry2="136" type="maplink">
        <subtype name="compound" value="173"/>
    </relation>
    <relation entry1="115" entry2="134" type="maplink">
        <subtype name="compound" value="184"/>
    </relation>
    <relation entry1="81" entry2="134" type="maplink">
        <subtype name="compound" value="184"/>
    </relation>
    <relation entry1="113" entry2="134" type="maplink">
        <subtype name="compound" value="184"/>
    </relation>
    <relation entry1="127" entry2="134" type="maplink">
        <subtype name="compound" value="184"/>
    </relation>
    <relation entry1="77" entry2="134" type="maplink">
        <subtype name="compound" value="184"/>
    </relation>
    <relation entry1="153" entry2="111" type="maplink">
        <subtype name="compound" value="223"/>
    </relation>
    <relation entry1="153" entry2="110" type="maplink">
        <subtype name="compound" value="223"/>
    </relation>
    <relation entry1="81" entry2="145" type="ECrel">
        <subtype name="compound" value="276"/>
    </relation>
    <relation entry1="81" entry2="152" type="ECrel">
        <subtype name="compound" value="276"/>
    </relation>
    <relation entry1="282" entry2="81" type="ECrel">
        <subtype name="compound" value="184"/>
    </relation>
    <relation entry1="282" entry2="115" type="ECrel">
        <subtype name="compound" value="184"/>
    </relation>
    <relation entry1="282" entry2="134" type="maplink">
        <subtype name="compound" value="184"/>
    </relation>
    <relation entry1="282" entry2="113" type="ECrel">
        <subtype name="compound" value="184"/>
    </relation>
    <relation entry1="282" entry2="77" type="ECrel">
        <subtype name="compound" value="184"/>
    </relation>
    <relation entry1="282" entry2="145" type="ECrel">
        <subtype name="compound" value="216"/>
    </relation>
    <relation entry1="282" entry2="152" type="ECrel">
        <subtype name="compound" value="216"/>
    </relation>
    <relation entry1="282" entry2="155" type="ECrel">
        <subtype name="compound" value="216"/>
    </relation>
    <reaction id="77" name="rn:R00678" type="irreversible">
        <substrate id="184" name="cpd:C00078"/>
        <product id="177" name="cpd:C02700"/>
    </reaction>
    <reaction id="81" name="rn:R00677" type="irreversible">
        <substrate id="184" name="cpd:C00078"/>
        <product id="276" name="cpd:C00331"/>
    </reaction>
    <reaction id="82" name="rn:R03628" type="irreversible">
        <substrate id="209" name="cpd:C01598"/>
        <product id="211" name="cpd:C05642"/>
    </reaction>
    <reaction id="83" name="rn:R03629" type="irreversible">
        <substrate id="209" name="cpd:C01598"/>
        <product id="210" name="cpd:C05643"/>
    </reaction>
    <reaction id="84" name="rn:R03130" type="irreversible">
        <substrate id="208" name="cpd:C00978"/>
        <product id="209" name="cpd:C01598"/>
    </reaction>
    <reaction id="86" name="rn:R02911" type="irreversible">
        <substrate id="203" name="cpd:C00780"/>
        <product id="208" name="cpd:C00978"/>
    </reaction>
    <reaction id="87" name="rn:R02909" type="irreversible">
        <substrate id="203" name="cpd:C00780"/>
        <product id="207" name="cpd:C05647"/>
    </reaction>
    <reaction id="88" name="rn:R04905" type="irreversible">
        <substrate id="205" name="cpd:C05635"/>
        <product id="217" name="cpd:C05660"/>
    </reaction>
    <reaction id="89" name="rn:R04908" type="irreversible">
        <substrate id="160" name="cpd:C05638"/>
        <product id="158" name="cpd:C05639"/>
    </reaction>
    <reaction id="90" name="rn:R04909" type="irreversible">
        <substrate id="161" name="cpd:C05651"/>
        <product id="160" name="cpd:C05638"/>
    </reaction>
    <reaction id="92" name="rn:R02701" type="irreversible">
        <substrate id="183" name="cpd:C00643"/>
        <product id="203" name="cpd:C00780"/>
    </reaction>
    <reaction id="93" name="rn:R02702" type="irreversible">
        <substrate id="183" name="cpd:C00643"/>
        <product id="162" name="cpd:C05648"/>
    </reaction>
    <reaction id="98" name="rn:R01959" type="irreversible">
        <substrate id="177" name="cpd:C02700"/>
        <product id="176" name="cpd:C00328"/>
    </reaction>
    <reaction id="101" name="rn:R00238" type="irreversible">
        <substrate id="185" name="cpd:C00332"/>
        <product id="173" name="cpd:C00024"/>
    </reaction>
    <reaction id="35" name="rn:R01975" type="irreversible">
        <substrate id="186" name="cpd:C01144"/>
        <product id="185" name="cpd:C00332"/>
    </reaction>
    <reaction id="102" name="rn:R03026" type="irreversible">
        <substrate id="187" name="cpd:C00877"/>
        <product id="186" name="cpd:C01144"/>
    </reaction>
    <reaction id="103" name="rn:R02488" type="irreversible">
        <substrate id="188" name="cpd:C00527"/>
        <product id="187" name="cpd:C00877"/>
    </reaction>
    <reaction id="104" name="rn:R01933" type="irreversible">
        <substrate id="189" name="cpd:C00322"/>
        <product id="188" name="cpd:C00527"/>
    </reaction>
    <reaction id="105" name="rn:R03889" type="irreversible">
        <substrate id="191" name="cpd:C03824"/>
        <product id="190" name="cpd:C02220"/>
    </reaction>
    <reaction id="106" name="rn:R04323" type="irreversible">
        <substrate id="193" name="cpd:C04409"/>
        <product id="191" name="cpd:C03824"/>
    </reaction>
    <reaction id="107" name="rn:R02665" type="irreversible">
        <substrate id="194" name="cpd:C00632"/>
        <product id="193" name="cpd:C04409"/>
    </reaction>
    <reaction id="108" name="rn:R03936" type="irreversible">
        <substrate id="177" name="cpd:C02700"/>
        <product id="225" name="cpd:C05653"/>
    </reaction>
    <reaction id="109" name="rn:R01960" type="irreversible">
        <substrate id="176" name="cpd:C00328"/>
        <product id="199" name="cpd:C03227"/>
    </reaction>
    <reaction id="110" name="rn:R00987" type="irreversible">
        <substrate id="176" name="cpd:C00328"/>
        <product id="223" name="cpd:C00108"/>
    </reaction>
    <reaction id="111" name="rn:R00988" type="irreversible">
        <substrate id="225" name="cpd:C05653"/>
        <product id="223" name="cpd:C00108"/>
    </reaction>
    <reaction id="112" name="rn:R02668" type="irreversible">
        <substrate id="199" name="cpd:C03227"/>
        <product id="194" name="cpd:C00632"/>
    </reaction>
    <reaction id="113" name="rn:R00678" type="irreversible">
        <substrate id="184" name="cpd:C00078"/>
        <product id="177" name="cpd:C02700"/>
    </reaction>
    <reaction id="115" name="rn:R01814" type="irreversible">
        <substrate id="184" name="cpd:C00078"/>
        <product id="183" name="cpd:C00643"/>
    </reaction>
    <reaction id="19" name="rn:R02670" type="irreversible">
        <substrate id="194" name="cpd:C00632"/>
        <product id="202" name="cpd:C05640"/>
    </reaction>
    <reaction id="117" name="rn:R04171" type="irreversible">
        <substrate id="199" name="cpd:C03227"/>
        <product id="196" name="cpd:C05645"/>
    </reaction>
    <reaction id="118" name="rn:R01956" type="irreversible">
        <substrate id="176" name="cpd:C00328"/>
        <product id="175" name="cpd:C01252"/>
    </reaction>
    <reaction id="120" name="rn:R04907" type="irreversible">
        <substrate id="198" name="cpd:C05636"/>
        <product id="197" name="cpd:C05637"/>
    </reaction>
    <reaction id="127" name="rn:R00685" type="irreversible">
        <substrate id="184" name="cpd:C00078"/>
        <product id="216" name="cpd:C00398"/>
    </reaction>
    <reaction id="128" name="rn:R02908" type="irreversible">
        <substrate id="203" name="cpd:C00780"/>
        <product id="204" name="cpd:C05634"/>
    </reaction>
    <reaction id="131" name="rn:R02678" type="irreversible">
        <substrate id="215" name="cpd:C00637"/>
        <product id="214" name="cpd:C00954"/>
    </reaction>
    <reaction id="137" name="rn:R04911" type="irreversible">
        <substrate id="162" name="cpd:C05648"/>
        <product id="161" name="cpd:C05651"/>
    </reaction>
    <reaction id="138" name="rn:R04903" type="irreversible">
        <substrate id="204" name="cpd:C05634"/>
        <product id="205" name="cpd:C05635"/>
    </reaction>
    <reaction id="139" name="rn:R04904" type="irreversible">
        <substrate id="204" name="cpd:C05634"/>
        <product id="205" name="cpd:C05635"/>
    </reaction>
    <reaction id="145" name="rn:R02173" type="irreversible">
        <substrate id="216" name="cpd:C00398"/>
        <product id="215" name="cpd:C00637"/>
    </reaction>
    <reaction id="152" name="rn:R02173" type="irreversible">
        <substrate id="216" name="cpd:C00398"/>
        <product id="215" name="cpd:C00637"/>
    </reaction>
    <reaction id="154" name="rn:R02910" type="irreversible">
        <substrate id="203" name="cpd:C00780"/>
        <product id="226" name="cpd:C06212"/>
    </reaction>
    <reaction id="155" name="rn:R02174" type="irreversible">
        <substrate id="216" name="cpd:C00398"/>
        <product id="227" name="cpd:C06213"/>
    </reaction>
    <reaction id="282" name="rn:R00685" type="irreversible">
        <substrate id="184" name="cpd:C00078"/>
        <product id="216" name="cpd:C00398"/>
    </reaction>
</pathway>
