<?xml version="1.0"?>
<!DOCTYPE pathway SYSTEM "https://www.kegg.jp/kegg/xml/KGML_v0.7.2_.dtd">
<!-- Creation date: Nov 29, 2022 11:29:58 +0900 (GMT+9) -->
<pathway name="path:hsa00534" org="hsa" number="00534"
         title="Glycosaminoglycan biosynthesis - heparan sulfate / heparin"
         image="https://www.kegg.jp/kegg/pathway/hsa/hsa00534.png"
         link="https://www.kegg.jp/kegg-bin/show_pathway?hsa00534">
    <entry id="11" name="gl:G00164" type="compound"
        link="https://www.kegg.jp/dbget-bin/www_bget?G00164">
        <graphics name="G00164" fgcolor="#000000" bgcolor="#FFFFFF"
             type="circle" x="1311" y="629" width="8" height="8"/>
    </entry>
    <entry id="12" name="gl:G00163" type="compound"
        link="https://www.kegg.jp/dbget-bin/www_bget?G00163">
        <graphics name="G00163" fgcolor="#000000" bgcolor="#FFFFFF"
             type="circle" x="1311" y="559" width="8" height="8"/>
    </entry>
    <entry id="13" name="gl:G00162" type="compound"
        link="https://www.kegg.jp/dbget-bin/www_bget?G00162">
        <graphics name="G00162" fgcolor="#000000" bgcolor="#FFFFFF"
             type="circle" x="1311" y="489" width="8" height="8"/>
    </entry>
    <entry id="14" name="gl:G00157" type="compound"
        link="https://www.kegg.jp/dbget-bin/www_bget?G00157">
        <graphics name="G00157" fgcolor="#000000" bgcolor="#FFFFFF"
             type="circle" x="1311" y="419" width="8" height="8"/>
    </entry>
    <entry id="15" name="hsa:2135 hsa:2137" type="gene" reaction="rn:R05930"
        link="https://www.kegg.jp/dbget-bin/www_bget?hsa:2135+hsa:2137">
        <graphics name="EXTL2, EXTR2..." fgcolor="#000000" bgcolor="#BFFFBF"
             type="rectangle" x="1312" y="452" width="46" height="17"/>
    </entry>
    <entry id="17" name="hsa:64131 hsa:64132" type="gene" reaction="rn:R05925"
        link="https://www.kegg.jp/dbget-bin/www_bget?hsa:64131+hsa:64132">
        <graphics name="XYLT1, DBQD2, PXYLT1, XT-I, XT1, XTI, XYLTI, xylT-I..." fgcolor="#66CC66" bgcolor="#FFFFFF"
             type="line" coords="1021,296,1064,296"/>
    </entry>
    <entry id="18" name="hsa:2131 hsa:2132" type="gene"
        link="https://www.kegg.jp/dbget-bin/www_bget?hsa:2131+hsa:2132">
        <graphics name="EXT1, EXT, LGCR, LGS, TRPS2, TTV..." fgcolor="#66CC66" bgcolor="#FFFFFF"
             type="line" coords="128,296,178,296"/>
    </entry>
    <entry id="19" name="path:hsa00534" type="map"
        link="https://www.kegg.jp/dbget-bin/www_bget?hsa00534">
        <graphics name="TITLE:Glycosaminoglycan biosynthesis - heparan sulfate / heparin" fgcolor="#000000" bgcolor="#FFFFFF"
             type="roundrectangle" x="290" y="58" width="499" height="25"/>
    </entry>
    <entry id="21" name="hsa:3340 hsa:64579 hsa:8509 hsa:9348" type="gene"
        link="https://www.kegg.jp/dbget-bin/www_bget?hsa:3340+hsa:64579+hsa:8509+hsa:9348">
        <graphics name="NDST1, HSST, MRT46, NST1..." fgcolor="#000000" bgcolor="#BFFFBF"
             type="rectangle" x="337" y="462" width="46" height="17"/>
    </entry>
    <entry id="22" name="hsa:9956" type="gene"
        link="https://www.kegg.jp/dbget-bin/www_bget?hsa:9956">
        <graphics name="HS3ST2, 30ST2, 3OST2" fgcolor="#000000" bgcolor="#BFFFBF"
             type="rectangle" x="503" y="762" width="46" height="17"/>
    </entry>
    <entry id="23" name="hsa:9957" type="gene"
        link="https://www.kegg.jp/dbget-bin/www_bget?hsa:9957">
        <graphics name="HS3ST1, 3OST, 3OST1" fgcolor="#000000" bgcolor="#BFFFBF"
             type="rectangle" x="337" y="762" width="46" height="17"/>
    </entry>
    <entry id="24" name="hsa:90161" type="gene"
        link="https://www.kegg.jp/dbget-bin/www_bget?hsa:90161">
        <graphics name="HS6ST2, MRXSPM" fgcolor="#000000" bgcolor="#BFFFBF"
             type="rectangle" x="145" y="610" width="46" height="17"/>
    </entry>
    <entry id="25" name="hsa:9957" type="gene"
        link="https://www.kegg.jp/dbget-bin/www_bget?hsa:9957">
        <graphics name="HS3ST1, 3OST, 3OST1" fgcolor="#000000" bgcolor="#BFFFBF"
             type="rectangle" x="145" y="762" width="46" height="17"/>
    </entry>
    <entry id="31" name="hsa:9953 hsa:9955" type="gene"
        link="https://www.kegg.jp/dbget-bin/www_bget?hsa:9953+hsa:9955">
        <graphics name="HS3ST3B1, 3-OST-3B, 3OST3B1, h3-OST-3B..." fgcolor="#000000" bgcolor="#BFFFBF"
             type="rectangle" x="746" y="941" width="46" height="17"/>
    </entry>
    <entry id="32" name="hsa:9956" type="gene"
        link="https://www.kegg.jp/dbget-bin/www_bget?hsa:9956">
        <graphics name="HS3ST2, 30ST2, 3OST2" fgcolor="#000000" bgcolor="#BFFFBF"
             type="rectangle" x="897" y="941" width="46" height="17"/>
    </entry>
    <entry id="33" name="hsa:9394" type="gene"
        link="https://www.kegg.jp/dbget-bin/www_bget?hsa:9394">
        <graphics name="HS6ST1, HH15, HS6ST" fgcolor="#000000" bgcolor="#BFFFBF"
             type="rectangle" x="1063" y="799" width="46" height="17"/>
    </entry>
    <entry id="34" name="hsa:26035" type="gene"
        link="https://www.kegg.jp/dbget-bin/www_bget?hsa:26035">
        <graphics name="GLCE, HSEPI" fgcolor="#000000" bgcolor="#BFFFBF"
             type="rectangle" x="568" y="511" width="46" height="17"/>
    </entry>
    <entry id="35" name="cpd:C00054" type="compound"
        link="https://www.kegg.jp/dbget-bin/www_bget?C00054">
        <graphics name="C00054" fgcolor="#000000" bgcolor="#FFFFFF"
             type="circle" x="1343" y="796" width="8" height="8"/>
    </entry>
    <entry id="43" name="hsa:11285" type="gene" reaction="rn:R05926"
        link="https://www.kegg.jp/dbget-bin/www_bget?hsa:11285">
        <graphics name="B4GALT7, EDSP1, EDSSLA, EDSSPD1, XGALT1, XGPT, XGPT1" fgcolor="#66CC66" bgcolor="#FFFFFF"
             type="line" coords="937,296,980,296"/>
    </entry>
    <entry id="44" name="hsa:9653" type="gene"
        link="https://www.kegg.jp/dbget-bin/www_bget?hsa:9653">
        <graphics name="HS2ST1, NFSRA, dJ604K5.2" fgcolor="#000000" bgcolor="#BFFFBF"
             type="rectangle" x="922" y="610" width="46" height="17"/>
    </entry>
    <entry id="46" name="hsa:2131 hsa:2132" type="gene" reaction="rn:R05935"
        link="https://www.kegg.jp/dbget-bin/www_bget?hsa:2131+hsa:2132">
        <graphics name="EXT1, EXT, LGCR, LGS, TRPS2, TTV..." fgcolor="#000000" bgcolor="#BFFFBF"
             type="rectangle" x="1312" y="520" width="46" height="17"/>
    </entry>
    <entry id="48" name="hsa:2134 hsa:2137" type="gene" reaction="rn:R05936"
        link="https://www.kegg.jp/dbget-bin/www_bget?hsa:2134+hsa:2137">
        <graphics name="EXTL1, EXTL..." fgcolor="#000000" bgcolor="#BFFFBF"
             type="rectangle" x="1312" y="589" width="46" height="17"/>
    </entry>
    <entry id="53" name="hsa:26035" type="gene"
        link="https://www.kegg.jp/dbget-bin/www_bget?hsa:26035">
        <graphics name="GLCE, HSEPI" fgcolor="#000000" bgcolor="#BFFFBF"
             type="rectangle" x="1312" y="850" width="46" height="17"/>
    </entry>
    <entry id="54" name="hsa:126792" type="gene" reaction="rn:R05927"
        link="https://www.kegg.jp/dbget-bin/www_bget?hsa:126792">
        <graphics name="B3GALT6, ALGAZ, EDSP2, EDSSPD2, SEMDJL1, beta3GalT6" fgcolor="#66CC66" bgcolor="#FFFFFF"
             type="line" coords="851,296,894,296"/>
    </entry>
    <entry id="55" name="hsa:26229" type="gene" reaction="rn:R05928"
        link="https://www.kegg.jp/dbget-bin/www_bget?hsa:26229">
        <graphics name="B3GAT3, GLCATI, JDSCD, glcUAT-I" fgcolor="#66CC66" bgcolor="#FFFFFF"
             type="line" coords="761,296,804,296"/>
    </entry>
    <entry id="56" name="hsa:2135 hsa:2137" type="gene" reaction="rn:R05930"
        link="https://www.kegg.jp/dbget-bin/www_bget?hsa:2135+hsa:2137">
        <graphics name="EXTL2, EXTR2..." fgcolor="#66CC66" bgcolor="#FFFFFF"
             type="line" coords="671,296,714,296"/>
    </entry>
    <entry id="57" name="hsa:2131 hsa:2132" type="gene" reaction="rn:R05935"
        link="https://www.kegg.jp/dbget-bin/www_bget?hsa:2131+hsa:2132">
        <graphics name="EXT1, EXT, LGCR, LGS, TRPS2, TTV..." fgcolor="#66CC66" bgcolor="#FFFFFF"
             type="line" coords="567,296,610,296"/>
    </entry>
    <entry id="58" name="hsa:2134 hsa:2137" type="gene" reaction="rn:R05936"
        link="https://www.kegg.jp/dbget-bin/www_bget?hsa:2134+hsa:2137">
        <graphics name="EXTL1, EXTL..." fgcolor="#66CC66" bgcolor="#FFFFFF"
             type="line" coords="479,296,522,296"/>
    </entry>
    <entry id="59" name="hsa:2131 hsa:2132" type="gene" reaction="rn:R10138"
        link="https://www.kegg.jp/dbget-bin/www_bget?hsa:2131+hsa:2132">
        <graphics name="EXT1, EXT, LGCR, LGS, TRPS2, TTV..." fgcolor="#66CC66" bgcolor="#FFFFFF"
             type="line" coords="375,296,418,296"/>
    </entry>
    <entry id="60" name="hsa:2131 hsa:2132" type="gene" reaction="rn:R10139"
        link="https://www.kegg.jp/dbget-bin/www_bget?hsa:2131+hsa:2132">
        <graphics name="EXT1, EXT, LGCR, LGS, TRPS2, TTV..." fgcolor="#66CC66" bgcolor="#FFFFFF"
             type="line" coords="285,296,328,296"/>
    </entry>
    <entry id="61" name="hsa:2131 hsa:2132" type="gene"
        link="https://www.kegg.jp/dbget-bin/www_bget?hsa:2131+hsa:2132">
        <graphics name="EXT1, EXT, LGCR, LGS, TRPS2, TTV..." fgcolor="#66CC66" bgcolor="#FFFFFF"
             type="line" coords="182,296,225,296"/>
    </entry>
    <entry id="62" name="hsa:9653" type="gene"
        link="https://www.kegg.jp/dbget-bin/www_bget?hsa:9653">
        <graphics name="HS2ST1, NFSRA, dJ604K5.2" fgcolor="#000000" bgcolor="#BFFFBF"
             type="rectangle" x="505" y="610" width="46" height="17"/>
    </entry>
    <entry id="63" name="hsa:9394" type="gene"
        link="https://www.kegg.jp/dbget-bin/www_bget?hsa:9394">
        <graphics name="HS6ST1, HH15, HS6ST" fgcolor="#000000" bgcolor="#BFFFBF"
             type="rectangle" x="657" y="610" width="46" height="17"/>
    </entry>
    <entry id="64" name="hsa:266722" type="gene"
        link="https://www.kegg.jp/dbget-bin/www_bget?hsa:266722">
        <graphics name="HS6ST3, HS6ST-3" fgcolor="#000000" bgcolor="#BFFFBF"
             type="rectangle" x="195" y="610" width="46" height="17"/>
    </entry>
    <entry id="65" name="hsa:266722" type="gene"
        link="https://www.kegg.jp/dbget-bin/www_bget?hsa:266722">
        <graphics name="HS6ST3, HS6ST-3" fgcolor="#000000" bgcolor="#BFFFBF"
             type="rectangle" x="707" y="610" width="46" height="17"/>
    </entry>
    <entry id="66" name="hsa:266722" type="gene"
        link="https://www.kegg.jp/dbget-bin/www_bget?hsa:266722">
        <graphics name="HS6ST3, HS6ST-3" fgcolor="#000000" bgcolor="#BFFFBF"
             type="rectangle" x="1113" y="799" width="46" height="17"/>
    </entry>
    <entry id="142" name="path:hsa00531" type="map"
        link="https://www.kegg.jp/dbget-bin/www_bget?hsa00531">
        <graphics name="Glycosaminoglycan degradation" fgcolor="#000000" bgcolor="#FFFFFF"
             type="roundrectangle" x="1311" y="974" width="116" height="34"/>
    </entry>
    <entry id="149" name="hsa:3340 hsa:64579 hsa:8509 hsa:9348" type="gene"
        link="https://www.kegg.jp/dbget-bin/www_bget?hsa:3340+hsa:64579+hsa:8509+hsa:9348">
        <graphics name="NDST1, HSST, MRT46, NST1..." fgcolor="#000000" bgcolor="#BFFFBF"
             type="rectangle" x="1312" y="776" width="46" height="17"/>
    </entry>
    <entry id="154" name="hsa:222537" type="gene"
        link="https://www.kegg.jp/dbget-bin/www_bget?hsa:222537">
        <graphics name="HS3ST5, 3-OST-5, 3OST5, HS3OST5, NBLA04021" fgcolor="#000000" bgcolor="#BFFFBF"
             type="rectangle" x="195" y="762" width="46" height="17"/>
    </entry>
    <entry id="155" name="hsa:9953 hsa:9955" type="gene"
        link="https://www.kegg.jp/dbget-bin/www_bget?hsa:9953+hsa:9955">
        <graphics name="HS3ST3B1, 3-OST-3B, 3OST3B1, h3-OST-3B..." fgcolor="#000000" bgcolor="#BFFFBF"
             type="rectangle" x="947" y="941" width="46" height="17"/>
    </entry>
    <entry id="157" name="hsa:9953 hsa:9955" type="gene"
        link="https://www.kegg.jp/dbget-bin/www_bget?hsa:9953+hsa:9955">
        <graphics name="HS3ST3B1, 3-OST-3B, 3OST3B1, h3-OST-3B..." fgcolor="#000000" bgcolor="#BFFFBF"
             type="rectangle" x="1088" y="942" width="46" height="17"/>
    </entry>
    <entry id="167" name="gl:G00156" type="compound"
        link="https://www.kegg.jp/dbget-bin/www_bget?G00156">
        <graphics name="G00156" fgcolor="#000000" bgcolor="#FFFFFF"
             type="circle" x="1311" y="349" width="8" height="8"/>
    </entry>
    <entry id="168" name="gl:G00155" type="compound"
        link="https://www.kegg.jp/dbget-bin/www_bget?G00155">
        <graphics name="G00155" fgcolor="#000000" bgcolor="#FFFFFF"
             type="circle" x="1311" y="279" width="8" height="8"/>
    </entry>
    <entry id="169" name="gl:G00154" type="compound"
        link="https://www.kegg.jp/dbget-bin/www_bget?G00154">
        <graphics name="G00154" fgcolor="#000000" bgcolor="#FFFFFF"
             type="circle" x="1311" y="209" width="8" height="8"/>
    </entry>
    <entry id="170" name="hsa:26229" type="gene" reaction="rn:R05928"
        link="https://www.kegg.jp/dbget-bin/www_bget?hsa:26229">
        <graphics name="B3GAT3, GLCATI, JDSCD, glcUAT-I" fgcolor="#000000" bgcolor="#BFFFBF"
             type="rectangle" x="1312" y="381" width="46" height="17"/>
    </entry>
    <entry id="171" name="hsa:64131 hsa:64132" type="gene" reaction="rn:R05925"
        link="https://www.kegg.jp/dbget-bin/www_bget?hsa:64131+hsa:64132">
        <graphics name="XYLT1, DBQD2, PXYLT1, XT-I, XT1, XTI, XYLTI, xylT-I..." fgcolor="#000000" bgcolor="#BFFFBF"
             type="rectangle" x="1312" y="170" width="46" height="17"/>
    </entry>
    <entry id="172" name="hsa:11285" type="gene" reaction="rn:R05926"
        link="https://www.kegg.jp/dbget-bin/www_bget?hsa:11285">
        <graphics name="B4GALT7, EDSP1, EDSSLA, EDSSPD1, XGALT1, XGPT, XGPT1" fgcolor="#000000" bgcolor="#BFFFBF"
             type="rectangle" x="1312" y="240" width="46" height="17"/>
    </entry>
    <entry id="173" name="cpd:C02189" type="compound"
        link="https://www.kegg.jp/dbget-bin/www_bget?C02189">
        <graphics name="C02189" fgcolor="#000000" bgcolor="#FFFFFF"
             type="circle" x="1311" y="139" width="8" height="8"/>
    </entry>
    <entry id="175" name="hsa:126792" type="gene" reaction="rn:R05927"
        link="https://www.kegg.jp/dbget-bin/www_bget?hsa:126792">
        <graphics name="B3GALT6, ALGAZ, EDSP2, EDSSPD2, SEMDJL1, beta3GalT6" fgcolor="#000000" bgcolor="#BFFFBF"
             type="rectangle" x="1312" y="309" width="46" height="17"/>
    </entry>
    <entry id="36" name="cpd:C00053" type="compound"
        link="https://www.kegg.jp/dbget-bin/www_bget?C00053">
        <graphics name="C00053" fgcolor="#000000" bgcolor="#FFFFFF"
             type="circle" x="1282" y="759" width="8" height="8"/>
    </entry>
    <entry id="37" name="cpd:C00033" type="compound"
        link="https://www.kegg.jp/dbget-bin/www_bget?C00033">
        <graphics name="C00033" fgcolor="#000000" bgcolor="#FFFFFF"
             type="circle" x="1283" y="796" width="8" height="8"/>
    </entry>
    <relation entry1="171" entry2="172" type="ECrel">
        <subtype name="compound" value="169"/>
    </relation>
    <relation entry1="172" entry2="175" type="ECrel">
        <subtype name="compound" value="168"/>
    </relation>
    <relation entry1="175" entry2="170" type="ECrel">
        <subtype name="compound" value="167"/>
    </relation>
    <relation entry1="170" entry2="15" type="ECrel">
        <subtype name="compound" value="14"/>
    </relation>
    <relation entry1="15" entry2="46" type="ECrel">
        <subtype name="compound" value="13"/>
    </relation>
    <relation entry1="46" entry2="48" type="ECrel">
        <subtype name="compound" value="12"/>
    </relation>
    <reaction id="15" name="rn:R05930" type="irreversible">
        <substrate id="14" name="gl:G00157"/>
        <product id="13" name="gl:G00162"/>
    </reaction>
    <reaction id="48" name="rn:R05936" type="irreversible">
        <substrate id="12" name="gl:G00163"/>
        <product id="11" name="gl:G00164"/>
    </reaction>
    <reaction id="46" name="rn:R05935" type="irreversible">
        <substrate id="13" name="gl:G00162"/>
        <product id="12" name="gl:G00163"/>
    </reaction>
    <reaction id="17" name="rn:R05925" type="irreversible">
        <substrate id="173" name="cpd:C02189"/>
        <product id="169" name="gl:G00154"/>
    </reaction>
    <reaction id="43" name="rn:R05926" type="irreversible">
        <substrate id="169" name="gl:G00154"/>
        <product id="168" name="gl:G00155"/>
    </reaction>
    <reaction id="54" name="rn:R05927" type="irreversible">
        <substrate id="168" name="gl:G00155"/>
        <product id="167" name="gl:G00156"/>
    </reaction>
    <reaction id="55" name="rn:R05928" type="irreversible">
        <substrate id="167" name="gl:G00156"/>
        <product id="14" name="gl:G00157"/>
    </reaction>
    <reaction id="56" name="rn:R05930" type="irreversible">
        <substrate id="14" name="gl:G00157"/>
        <product id="13" name="gl:G00162"/>
    </reaction>
    <reaction id="57" name="rn:R05935" type="irreversible">
        <substrate id="13" name="gl:G00162"/>
        <product id="12" name="gl:G00163"/>
    </reaction>
    <reaction id="58" name="rn:R05936" type="irreversible">
        <substrate id="12" name="gl:G00163"/>
        <product id="11" name="gl:G00164"/>
    </reaction>
    <reaction id="175" name="rn:R05927" type="irreversible">
        <substrate id="168" name="gl:G00155"/>
        <product id="167" name="gl:G00156"/>
    </reaction>
    <reaction id="172" name="rn:R05926" type="irreversible">
        <substrate id="169" name="gl:G00154"/>
        <product id="168" name="gl:G00155"/>
    </reaction>
    <reaction id="171" name="rn:R05925" type="irreversible">
        <substrate id="173" name="cpd:C02189"/>
        <product id="169" name="gl:G00154"/>
    </reaction>
    <reaction id="170" name="rn:R05928" type="irreversible">
        <substrate id="167" name="gl:G00156"/>
        <product id="14" name="gl:G00157"/>
    </reaction>
</pathway>
