<?xml version="1.0"?>
<!DOCTYPE pathway SYSTEM "https://www.kegg.jp/kegg/xml/KGML_v0.7.2_.dtd">
<!-- Creation date: Apr 27, 2022 15:13:36 +0900 (GMT+9) -->
<pathway name="path:hsa04014" org="hsa" number="04014"
         title="Ras signaling pathway"
         image="https://www.kegg.jp/kegg/pathway/hsa/hsa04014.png"
         link="https://www.kegg.jp/kegg-bin/show_pathway?hsa04014">
    <entry id="7" name="path:hsa04010" type="map"
        link="https://www.kegg.jp/dbget-bin/www_bget?hsa04010">
        <graphics name="MAPK signaling pathway" fgcolor="#000000" bgcolor="#FFFFFF"
             type="roundrectangle" x="953" y="533" width="110" height="34"/>
    </entry>
    <entry id="8" name="path:hsa04014" type="map"
        link="https://www.kegg.jp/dbget-bin/www_bget?hsa04014">
        <graphics name="TITLE:Ras signaling pathway" fgcolor="#000000" bgcolor="#FFFFFF"
             type="roundrectangle" x="157" y="58" width="233" height="25"/>
    </entry>
    <entry id="9" name="hsa:5594 hsa:5595" type="gene"
        link="https://www.kegg.jp/dbget-bin/www_bget?hsa:5594+hsa:5595">
        <graphics name="MAPK1, ERK, ERK-2, ERK2, ERT1, MAPK2, NS13, P42MAPK, PRKM1, PRKM2, p38, p40, p41, p41mapk, p42-MAPK..." fgcolor="#000000" bgcolor="#BFFFBF"
             type="rectangle" x="1045" y="572" width="46" height="17"/>
    </entry>
    <entry id="10" name="hsa:5604 hsa:5605" type="gene"
        link="https://www.kegg.jp/dbget-bin/www_bget?hsa:5604+hsa:5605">
        <graphics name="MAP2K1, CFC3, MAPKK1, MEK1, MEL, MKK1, PRKMK1..." fgcolor="#000000" bgcolor="#BFFFBF"
             type="rectangle" x="972" y="572" width="46" height="17"/>
    </entry>
    <entry id="11" name="hsa:5894" type="gene"
        link="https://www.kegg.jp/dbget-bin/www_bget?hsa:5894">
        <graphics name="RAF1, CMD1NN, CRAF, NS5, Raf-1, c-Raf" fgcolor="#000000" bgcolor="#BFFFBF"
             type="rectangle" x="854" y="572" width="46" height="17"/>
    </entry>
    <entry id="12" name="hsa:22800 hsa:22808 hsa:3265 hsa:3845 hsa:4893 hsa:6237" type="gene"
        link="https://www.kegg.jp/dbget-bin/www_bget?hsa:22800+hsa:22808+hsa:3265+hsa:3845+hsa:4893+hsa:6237">
        <graphics name="RRAS2, NS12, TC21..." fgcolor="#000000" bgcolor="#BFFFBF"
             type="rectangle" x="683" y="450" width="46" height="17"/>
    </entry>
    <entry id="16" name="path:hsa04151" type="map"
        link="https://www.kegg.jp/dbget-bin/www_bget?hsa04151">
        <graphics name="PI3K-Akt signaling pathway" fgcolor="#000000" bgcolor="#FFFFFF"
             type="roundrectangle" x="847" y="329" width="110" height="34"/>
    </entry>
    <entry id="18" name="hsa:2885" type="gene"
        link="https://www.kegg.jp/dbget-bin/www_bget?hsa:2885">
        <graphics name="GRB2, ASH, EGFRBP-GRB2, Grb3-3, MST084, MSTP084, NCKAP2" fgcolor="#000000" bgcolor="#BFFFBF"
             type="rectangle" x="271" y="220" width="46" height="17"/>
    </entry>
    <entry id="19" name="hsa:6654 hsa:6655" type="gene"
        link="https://www.kegg.jp/dbget-bin/www_bget?hsa:6654+hsa:6655">
        <graphics name="SOS1, GF1, GGF1, GINGF, HGF, NS4, SOS-1..." fgcolor="#000000" bgcolor="#BFFFBF"
             type="rectangle" x="398" y="233" width="46" height="17"/>
    </entry>
    <entry id="22" name="cpd:C05981" type="compound"
        link="https://www.kegg.jp/dbget-bin/www_bget?C05981">
        <graphics name="C05981" fgcolor="#000000" bgcolor="#FFFFFF"
             type="circle" x="872" y="282" width="8" height="8"/>
    </entry>
    <entry id="23" name="hsa:10000 hsa:207 hsa:208" type="gene"
        link="https://www.kegg.jp/dbget-bin/www_bget?hsa:10000+hsa:207+hsa:208">
        <graphics name="AKT3, MPPH, MPPH2, PKB-GAMMA, PKBG, PRKBG, RAC-PK-gamma, RAC-gamma, STK-2..." fgcolor="#000000" bgcolor="#BFFFBF"
             type="rectangle" x="934" y="283" width="46" height="17"/>
    </entry>
    <entry id="24" name="hsa:5290 hsa:5291 hsa:5293 hsa:5295 hsa:5296 hsa:8503" type="gene"
        link="https://www.kegg.jp/dbget-bin/www_bget?hsa:5290+hsa:5291+hsa:5293+hsa:5295+hsa:5296+hsa:8503">
        <graphics name="PIK3CA, CCM4, CLAPO, CLOVE, CWS5, MCAP, MCM, MCMTC, PI3K, PI3K-alpha, p110-alpha..." fgcolor="#000000" bgcolor="#BFFFBF"
             type="rectangle" x="807" y="283" width="46" height="17"/>
    </entry>
    <entry id="27" name="hsa:25759 hsa:399694 hsa:53358 hsa:6464" type="gene"
        link="https://www.kegg.jp/dbget-bin/www_bget?hsa:25759+hsa:399694+hsa:53358+hsa:6464">
        <graphics name="SHC2, SCK, SHCB, SLI..." fgcolor="#000000" bgcolor="#BFFFBF"
             type="rectangle" x="271" y="246" width="46" height="17"/>
    </entry>
    <entry id="30" name="hsa:1435 hsa:1942 hsa:1943 hsa:1944 hsa:1945 hsa:1946 hsa:1950 hsa:2246 hsa:2247 hsa:2248 hsa:2249 hsa:2250 hsa:2251 hsa:2252 hsa:2253 hsa:2254 hsa:2255 hsa:2277 hsa:2323 hsa:26281 hsa:26291 hsa:27006 hsa:284 hsa:285 hsa:3082 hsa:3479 hsa:3481 hsa:3630 hsa:4254 hsa:4803 hsa:4908 hsa:4909 hsa:51378 hsa:5154 hsa:5155 hsa:5228 hsa:56034 hsa:627 hsa:7039 hsa:7422 hsa:7423 hsa:7424 hsa:80310 hsa:8074 hsa:8817 hsa:8822 hsa:8823 hsa:9965" type="gene"
        link="https://www.kegg.jp/dbget-bin/www_bget?hsa:1435+hsa:1942+hsa:1943+hsa:1944+hsa:1945+hsa:1946+hsa:1950+hsa:2246+hsa:2247+hsa:2248+hsa:2249+hsa:2250+hsa:2251+hsa:2252+hsa:2253+hsa:2254+hsa:2255+hsa:2277+hsa:2323+hsa:26281+hsa:26291+hsa:27006+hsa:284+hsa:285+hsa:3082+hsa:3479+hsa:3481+hsa:3630+hsa:4254+hsa:4803+hsa:4908+hsa:4909+hsa:51378+hsa:5154+hsa:5155+hsa:5228+hsa:56034+hsa:627+hsa:7039+hsa:7422+hsa:7423+hsa:7424+hsa:80310+hsa:8074+hsa:8817+hsa:8822+hsa:8823+hsa:9965">
        <graphics name="CSF1, CSF-1, MCSF..." fgcolor="#000000" bgcolor="#BFFFBF"
             type="rectangle" x="122" y="305" width="46" height="17"/>
    </entry>
    <entry id="31" name="hsa:1436 hsa:1956 hsa:1969 hsa:2260 hsa:2261 hsa:2263 hsa:2264 hsa:2321 hsa:2322 hsa:2324 hsa:3480 hsa:3643 hsa:3791 hsa:3815 hsa:4233 hsa:4804 hsa:4914 hsa:4915 hsa:5156 hsa:5159 hsa:7010" type="gene"
        link="https://www.kegg.jp/dbget-bin/www_bget?hsa:1436+hsa:1956+hsa:1969+hsa:2260+hsa:2261+hsa:2263+hsa:2264+hsa:2321+hsa:2322+hsa:2324+hsa:3480+hsa:3643+hsa:3791+hsa:3815+hsa:4233+hsa:4804+hsa:4914+hsa:4915+hsa:5156+hsa:5159+hsa:7010">
        <graphics name="CSF1R, BANDDOS, C-FMS, CD115, CSF-1R, CSFR, FIM2, FMS, HDLS, HDLS1, M-CSF-R..." fgcolor="#000000" bgcolor="#BFFFBF"
             type="rectangle" x="200" y="305" width="46" height="17"/>
    </entry>
    <entry id="32" name="hsa:2549 hsa:9846" type="gene"
        link="https://www.kegg.jp/dbget-bin/www_bget?hsa:2549+hsa:9846">
        <graphics name="GAB1, DFNB26..." fgcolor="#000000" bgcolor="#BFFFBF"
             type="rectangle" x="323" y="220" width="46" height="17"/>
    </entry>
    <entry id="33" name="hsa:5781" type="gene"
        link="https://www.kegg.jp/dbget-bin/www_bget?hsa:5781">
        <graphics name="PTPN11, BPTP3, CFC, JMML, METCDS, NS1, PTP-1D, PTP2C, SH-PTP2, SH-PTP3, SHP2" fgcolor="#000000" bgcolor="#BFFFBF"
             type="rectangle" x="323" y="246" width="46" height="17"/>
    </entry>
    <entry id="35" name="hsa:7074" type="gene"
        link="https://www.kegg.jp/dbget-bin/www_bget?hsa:7074">
        <graphics name="TIAM1, NEDLDS, TIAM-1" fgcolor="#000000" bgcolor="#BFFFBF"
             type="rectangle" x="807" y="189" width="46" height="17"/>
    </entry>
    <entry id="36" name="hsa:5879 hsa:5880 hsa:5881" type="gene"
        link="https://www.kegg.jp/dbget-bin/www_bget?hsa:5879+hsa:5880+hsa:5881">
        <graphics name="RAC1, MIG5, MRD48, Rac-1, TC-25, p21-Rac1..." fgcolor="#000000" bgcolor="#BFFFBF"
             type="rectangle" x="881" y="189" width="46" height="17"/>
    </entry>
    <entry id="37" name="hsa:5900" type="gene"
        link="https://www.kegg.jp/dbget-bin/www_bget?hsa:5900">
        <graphics name="RALGDS, RGDS, RGF, RalGEF" fgcolor="#000000" bgcolor="#BFFFBF"
             type="rectangle" x="807" y="393" width="46" height="17"/>
    </entry>
    <entry id="38" name="hsa:23179" type="gene"
        link="https://www.kegg.jp/dbget-bin/www_bget?hsa:23179">
        <graphics name="RGL1, RGL" fgcolor="#000000" bgcolor="#BFFFBF"
             type="rectangle" x="807" y="416" width="46" height="17"/>
    </entry>
    <entry id="39" name="hsa:5863" type="gene"
        link="https://www.kegg.jp/dbget-bin/www_bget?hsa:5863">
        <graphics name="RGL2, HKE1.5, KE1.5, RAB2L" fgcolor="#000000" bgcolor="#BFFFBF"
             type="rectangle" x="807" y="440" width="46" height="17"/>
    </entry>
    <entry id="40" name="hsa:5898 hsa:5899" type="gene"
        link="https://www.kegg.jp/dbget-bin/www_bget?hsa:5898+hsa:5899">
        <graphics name="RALA, HINCONS, RAL..." fgcolor="#000000" bgcolor="#BFFFBF"
             type="rectangle" x="902" y="416" width="46" height="17"/>
    </entry>
    <entry id="41" name="hsa:5337 hsa:5338" type="gene"
        link="https://www.kegg.jp/dbget-bin/www_bget?hsa:5337+hsa:5338">
        <graphics name="PLD1, CVDD, CVDP1..." fgcolor="#000000" bgcolor="#BFFFBF"
             type="rectangle" x="1002" y="371" width="46" height="17"/>
    </entry>
    <entry id="42" name="hsa:51196" type="gene"
        link="https://www.kegg.jp/dbget-bin/www_bget?hsa:51196">
        <graphics name="PLCE1, NPHS3, PLCE, PPLC" fgcolor="#000000" bgcolor="#BFFFBF"
             type="rectangle" x="807" y="712" width="46" height="17"/>
    </entry>
    <entry id="43" name="hsa:5578 hsa:5579 hsa:5582" type="gene"
        link="https://www.kegg.jp/dbget-bin/www_bget?hsa:5578+hsa:5579+hsa:5582">
        <graphics name="PRKCA, AAG6, PKC-alpha, PKCA, PKCI+/-, PKCalpha, PRKACA..." fgcolor="#000000" bgcolor="#BFFFBF"
             type="rectangle" x="963" y="692" width="46" height="17"/>
    </entry>
    <entry id="48" name="hsa:25 hsa:27" type="gene"
        link="https://www.kegg.jp/dbget-bin/www_bget?hsa:25+hsa:27">
        <graphics name="ABL1, ABL, BCR-ABL, CHDSKM, JTK7, bcr/abl, c-ABL, c-ABL1, p150, v-abl..." fgcolor="#000000" bgcolor="#BFFFBF"
             type="rectangle" x="889" y="776" width="46" height="17"/>
    </entry>
    <entry id="49" name="hsa:9610" type="gene"
        link="https://www.kegg.jp/dbget-bin/www_bget?hsa:9610">
        <graphics name="RIN1" fgcolor="#000000" bgcolor="#BFFFBF"
             type="rectangle" x="807" y="791" width="46" height="17"/>
    </entry>
    <entry id="50" name="cpd:C00165" type="compound"
        link="https://www.kegg.jp/dbget-bin/www_bget?C00165">
        <graphics name="C00165" fgcolor="#000000" bgcolor="#FFFFFF"
             type="circle" x="888" y="690" width="8" height="8"/>
    </entry>
    <entry id="51" name="cpd:C01245" type="compound"
        link="https://www.kegg.jp/dbget-bin/www_bget?C01245">
        <graphics name="C01245" fgcolor="#000000" bgcolor="#FFFFFF"
             type="circle" x="889" y="733" width="8" height="8"/>
    </entry>
    <entry id="52" name="cpd:C00076" type="compound"
        link="https://www.kegg.jp/dbget-bin/www_bget?C00076">
        <graphics name="C00076" fgcolor="#000000" bgcolor="#FFFFFF"
             type="circle" x="949" y="733" width="8" height="8"/>
    </entry>
    <entry id="57" name="hsa:572" type="gene"
        link="https://www.kegg.jp/dbget-bin/www_bget?hsa:572">
        <graphics name="BAD, BBC2, BCL2L8" fgcolor="#000000" bgcolor="#BFFFBF"
             type="rectangle" x="1025" y="283" width="46" height="17"/>
    </entry>
    <entry id="58" name="hsa:598" type="gene"
        link="https://www.kegg.jp/dbget-bin/www_bget?hsa:598">
        <graphics name="BCL2L1, BCL-XL/S, BCL2L, BCLX, Bcl-X, PPP1R52" fgcolor="#000000" bgcolor="#BFFFBF"
             type="rectangle" x="1106" y="283" width="46" height="17"/>
    </entry>
    <entry id="59" name="hsa:1147 hsa:3551 hsa:8517" type="gene"
        link="https://www.kegg.jp/dbget-bin/www_bget?hsa:1147+hsa:3551+hsa:8517">
        <graphics name="CHUK, BPS2, IKBKA, IKK-alpha, IKK1, IKKA, NFKBIKA, TCF16..." fgcolor="#000000" bgcolor="#BFFFBF"
             type="rectangle" x="1025" y="245" width="46" height="17"/>
    </entry>
    <entry id="60" name="hsa:4790 hsa:5970" type="gene"
        link="https://www.kegg.jp/dbget-bin/www_bget?hsa:4790+hsa:5970">
        <graphics name="NFKB1, CVID12, EBP-1, KBF1, NF-kB, NF-kB1, NF-kappa-B1, NF-kappaB, NF-kappabeta, NFKB-p105, NFKB-p50, NFkappaB..." fgcolor="#000000" bgcolor="#BFFFBF"
             type="rectangle" x="1105" y="245" width="46" height="17"/>
    </entry>
    <entry id="61" name="hsa:4303" type="gene"
        link="https://www.kegg.jp/dbget-bin/www_bget?hsa:4303">
        <graphics name="FOXO4, AFX, AFX1, MLLT7" fgcolor="#000000" bgcolor="#BFFFBF"
             type="rectangle" x="1026" y="320" width="46" height="17"/>
    </entry>
    <entry id="62" name="hsa:356" type="gene"
        link="https://www.kegg.jp/dbget-bin/www_bget?hsa:356">
        <graphics name="FASLG, ALPS1B, APT1LG1, APTL, CD178, CD95-L, CD95L, FASL, TNFSF6, TNLG1A" fgcolor="#000000" bgcolor="#BFFFBF"
             type="rectangle" x="1107" y="320" width="46" height="17"/>
    </entry>
    <entry id="70" name="hsa:5599 hsa:5601 hsa:5602" type="gene"
        link="https://www.kegg.jp/dbget-bin/www_bget?hsa:5599+hsa:5601+hsa:5602">
        <graphics name="MAPK8, JNK, JNK-46, JNK1, JNK1A2, JNK21B1/2, PRKM8, SAPK1, SAPK1c..." fgcolor="#000000" bgcolor="#BFFFBF"
             type="rectangle" x="1002" y="428" width="46" height="17"/>
    </entry>
    <entry id="71" name="hsa:10928" type="gene"
        link="https://www.kegg.jp/dbget-bin/www_bget?hsa:10928">
        <graphics name="RALBP1, RIP1, RLIP1, RLIP76" fgcolor="#000000" bgcolor="#BFFFBF"
             type="rectangle" x="1002" y="455" width="46" height="17"/>
    </entry>
    <entry id="72" name="hsa:998" type="gene"
        link="https://www.kegg.jp/dbget-bin/www_bget?hsa:998">
        <graphics name="CDC42, CDC42Hs, G25K, TKS" fgcolor="#000000" bgcolor="#BFFFBF"
             type="rectangle" x="1107" y="445" width="46" height="17"/>
    </entry>
    <entry id="73" name="hsa:5879 hsa:5880 hsa:5881" type="gene"
        link="https://www.kegg.jp/dbget-bin/www_bget?hsa:5879+hsa:5880+hsa:5881">
        <graphics name="RAC1, MIG5, MRD48, Rac-1, TC-25, p21-Rac1..." fgcolor="#000000" bgcolor="#BFFFBF"
             type="rectangle" x="1107" y="467" width="46" height="17"/>
    </entry>
    <entry id="78" name="hsa:100137049 hsa:11145 hsa:123745 hsa:255189 hsa:26279 hsa:283748 hsa:30814 hsa:391013 hsa:50487 hsa:51365 hsa:5319 hsa:5320 hsa:5321 hsa:5322 hsa:54979 hsa:64600 hsa:81579 hsa:8398 hsa:8399 hsa:84647 hsa:8605 hsa:8681" type="gene"
        link="https://www.kegg.jp/dbget-bin/www_bget?hsa:100137049+hsa:11145+hsa:123745+hsa:255189+hsa:26279+hsa:283748+hsa:30814+hsa:391013+hsa:50487+hsa:51365+hsa:5319+hsa:5320+hsa:5321+hsa:5322+hsa:54979+hsa:64600+hsa:81579+hsa:8398+hsa:8399+hsa:84647+hsa:8605+hsa:8681">
        <graphics name="PLA2G4B, HsT16992, cPLA2-beta..." fgcolor="#000000" bgcolor="#BFFFBF"
             type="rectangle" x="1137" y="533" width="46" height="17"/>
    </entry>
    <entry id="79" name="hsa:2002" type="gene"
        link="https://www.kegg.jp/dbget-bin/www_bget?hsa:2002">
        <graphics name="ELK1" fgcolor="#000000" bgcolor="#BFFFBF"
             type="rectangle" x="1137" y="563" width="46" height="17"/>
    </entry>
    <entry id="80" name="hsa:2113 hsa:2114" type="gene"
        link="https://www.kegg.jp/dbget-bin/www_bget?hsa:2113+hsa:2114">
        <graphics name="ETS1, ETS-1, EWSR2, c-ets-1, p54..." fgcolor="#000000" bgcolor="#BFFFBF"
             type="rectangle" x="1137" y="584" width="46" height="17"/>
    </entry>
    <entry id="86" name="hsa:5868 hsa:5869 hsa:5878" type="gene"
        link="https://www.kegg.jp/dbget-bin/www_bget?hsa:5868+hsa:5869+hsa:5878">
        <graphics name="RAB5A, RAB5..." fgcolor="#000000" bgcolor="#BFFFBF"
             type="rectangle" x="889" y="812" width="46" height="17"/>
    </entry>
    <entry id="88" name="path:hsa04020" type="map"
        link="https://www.kegg.jp/dbget-bin/www_bget?hsa04020">
        <graphics name="Calcium signaling pathway" fgcolor="#000000" bgcolor="#FFFFFF"
             type="roundrectangle" x="1051" y="716" width="110" height="34"/>
    </entry>
    <entry id="89" name="hsa:22800 hsa:22808 hsa:3265 hsa:3845 hsa:4893 hsa:6237" type="gene"
        link="https://www.kegg.jp/dbget-bin/www_bget?hsa:22800+hsa:22808+hsa:3265+hsa:3845+hsa:4893+hsa:6237">
        <graphics name="RRAS2, NS12, TC21..." fgcolor="#000000" bgcolor="#BFFFBF"
             type="rectangle" x="357" y="145" width="46" height="17"/>
    </entry>
    <entry id="91" name="cpd:C00044" type="compound"
        link="https://www.kegg.jp/dbget-bin/www_bget?C00044">
        <graphics name="C00044" fgcolor="#000000" bgcolor="#FFFFFF"
             type="circle" x="684" y="421" width="8" height="8"/>
    </entry>
    <entry id="92" name="cpd:C00035" type="compound"
        link="https://www.kegg.jp/dbget-bin/www_bget?C00035">
        <graphics name="C00035" fgcolor="#000000" bgcolor="#FFFFFF"
             type="circle" x="357" y="116" width="8" height="8"/>
    </entry>
    <entry id="96" name="hsa:10125 hsa:10235 hsa:115727 hsa:25780" type="gene"
        link="https://www.kegg.jp/dbget-bin/www_bget?hsa:10125+hsa:10235+hsa:115727+hsa:25780">
        <graphics name="RASGRP1, CALDAG-GEFI, CALDAG-GEFII, IMD64, RASGRP..." fgcolor="#000000" bgcolor="#BFFFBF"
             type="rectangle" x="461" y="305" width="46" height="17"/>
    </entry>
    <entry id="97" name="hsa:5923 hsa:5924" type="gene"
        link="https://www.kegg.jp/dbget-bin/www_bget?hsa:5923+hsa:5924">
        <graphics name="RASGRF1, CDC25, CDC25L, GNRP, GRF1, GRF55, H-GRF55, PP13187, ras-GRF1..." fgcolor="#000000" bgcolor="#BFFFBF"
             type="rectangle" x="546" y="388" width="46" height="17"/>
    </entry>
    <entry id="98" name="hsa:100271927 hsa:10156 hsa:22821 hsa:5921 hsa:5922 hsa:64926 hsa:8437 hsa:8831 hsa:9462" type="gene"
        link="https://www.kegg.jp/dbget-bin/www_bget?hsa:100271927+hsa:10156+hsa:22821+hsa:5921+hsa:5922+hsa:64926+hsa:8437+hsa:8831+hsa:9462">
        <graphics name="RASA4B..." fgcolor="#000000" bgcolor="#BFFFBF"
             type="rectangle" x="535" y="231" width="46" height="17"/>
    </entry>
    <entry id="99" name="hsa:4763" type="gene"
        link="https://www.kegg.jp/dbget-bin/www_bget?hsa:4763">
        <graphics name="NF1, NFNS, VRNF, WSS" fgcolor="#000000" bgcolor="#BFFFBF"
             type="rectangle" x="507" y="200" width="46" height="17"/>
    </entry>
    <entry id="102" name="hsa:387" type="gene"
        link="https://www.kegg.jp/dbget-bin/www_bget?hsa:387">
        <graphics name="RHOA, ARH12, ARHA, EDFAOB, RHO12, RHOH12" fgcolor="#000000" bgcolor="#BFFFBF"
             type="rectangle" x="1025" y="208" width="46" height="17"/>
    </entry>
    <entry id="109" name="hsa:4301" type="gene"
        link="https://www.kegg.jp/dbget-bin/www_bget?hsa:4301">
        <graphics name="AFDN, AF6, MLL-AF6, MLLT4, l-afadin" fgcolor="#000000" bgcolor="#BFFFBF"
             type="rectangle" x="807" y="493" width="46" height="17"/>
    </entry>
    <entry id="113" name="hsa:83593" type="gene"
        link="https://www.kegg.jp/dbget-bin/www_bget?hsa:83593">
        <graphics name="RASSF5, Maxp1, NORE1, NORE1A, NORE1B, RAPL, RASSF3" fgcolor="#000000" bgcolor="#BFFFBF"
             type="rectangle" x="807" y="133" width="46" height="17"/>
    </entry>
    <entry id="114" name="hsa:11186" type="gene"
        link="https://www.kegg.jp/dbget-bin/www_bget?hsa:11186">
        <graphics name="RASSF1, 123F2, NORE2A, RASSF1A, RDA32, REH3P21" fgcolor="#000000" bgcolor="#BFFFBF"
             type="rectangle" x="807" y="105" width="46" height="17"/>
    </entry>
    <entry id="115" name="hsa:6789" type="gene"
        link="https://www.kegg.jp/dbget-bin/www_bget?hsa:6789">
        <graphics name="STK4, KRS2, MST1, YSK3" fgcolor="#000000" bgcolor="#BFFFBF"
             type="rectangle" x="881" y="105" width="46" height="17"/>
    </entry>
    <entry id="116" name="hsa:6789" type="gene"
        link="https://www.kegg.jp/dbget-bin/www_bget?hsa:6789">
        <graphics name="STK4, KRS2, MST1, YSK3" fgcolor="#000000" bgcolor="#BFFFBF"
             type="rectangle" x="881" y="133" width="46" height="17"/>
    </entry>
    <entry id="119" name="hsa:9771" type="gene"
        link="https://www.kegg.jp/dbget-bin/www_bget?hsa:9771">
        <graphics name="RAPGEF5, GFR, MR-GEF, MRGEF, REPAC" fgcolor="#000000" bgcolor="#BFFFBF"
             type="rectangle" x="807" y="647" width="46" height="17"/>
    </entry>
    <entry id="120" name="hsa:5906 hsa:5908" type="gene"
        link="https://www.kegg.jp/dbget-bin/www_bget?hsa:5906+hsa:5908">
        <graphics name="RAP1A, C21KG, G-22K, KREV-1, KREV1, RAP1, SMGP21..." fgcolor="#000000" bgcolor="#BFFFBF"
             type="rectangle" x="885" y="647" width="46" height="17"/>
    </entry>
    <entry id="125" name="hsa:83593" type="gene"
        link="https://www.kegg.jp/dbget-bin/www_bget?hsa:83593">
        <graphics name="RASSF5, Maxp1, NORE1, NORE1A, NORE1B, RAPL, RASSF3" fgcolor="#000000" bgcolor="#BFFFBF"
             type="rectangle" x="596" y="522" width="46" height="17"/>
    </entry>
    <entry id="126" name="hsa:7074" type="gene"
        link="https://www.kegg.jp/dbget-bin/www_bget?hsa:7074">
        <graphics name="TIAM1, NEDLDS, TIAM-1" fgcolor="#000000" bgcolor="#BFFFBF"
             type="rectangle" x="596" y="554" width="46" height="17"/>
    </entry>
    <entry id="127" name="hsa:5290 hsa:5291 hsa:5293 hsa:5295 hsa:5296 hsa:8503" type="gene"
        link="https://www.kegg.jp/dbget-bin/www_bget?hsa:5290+hsa:5291+hsa:5293+hsa:5295+hsa:5296+hsa:8503">
        <graphics name="PIK3CA, CCM4, CLAPO, CLOVE, CWS5, MCAP, MCM, MCMTC, PI3K, PI3K-alpha, p110-alpha..." fgcolor="#000000" bgcolor="#BFFFBF"
             type="rectangle" x="596" y="581" width="46" height="17"/>
    </entry>
    <entry id="128" name="hsa:4301" type="gene"
        link="https://www.kegg.jp/dbget-bin/www_bget?hsa:4301">
        <graphics name="AFDN, AF6, MLL-AF6, MLLT4, l-afadin" fgcolor="#000000" bgcolor="#BFFFBF"
             type="rectangle" x="596" y="611" width="46" height="17"/>
    </entry>
    <entry id="129" name="hsa:5894" type="gene"
        link="https://www.kegg.jp/dbget-bin/www_bget?hsa:5894">
        <graphics name="RAF1, CMD1NN, CRAF, NS5, Raf-1, c-Raf" fgcolor="#000000" bgcolor="#BFFFBF"
             type="rectangle" x="596" y="641" width="46" height="17"/>
    </entry>
    <entry id="130" name="hsa:9771" type="gene"
        link="https://www.kegg.jp/dbget-bin/www_bget?hsa:9771">
        <graphics name="RAPGEF5, GFR, MR-GEF, MRGEF, REPAC" fgcolor="#000000" bgcolor="#BFFFBF"
             type="rectangle" x="596" y="688" width="46" height="17"/>
    </entry>
    <entry id="131" name="hsa:5900" type="gene"
        link="https://www.kegg.jp/dbget-bin/www_bget?hsa:5900">
        <graphics name="RALGDS, RGDS, RGF, RalGEF" fgcolor="#000000" bgcolor="#BFFFBF"
             type="rectangle" x="596" y="717" width="46" height="17"/>
    </entry>
    <entry id="132" name="hsa:51196" type="gene"
        link="https://www.kegg.jp/dbget-bin/www_bget?hsa:51196">
        <graphics name="PLCE1, NPHS3, PLCE, PPLC" fgcolor="#000000" bgcolor="#BFFFBF"
             type="rectangle" x="596" y="745" width="46" height="17"/>
    </entry>
    <entry id="133" name="hsa:9610" type="gene"
        link="https://www.kegg.jp/dbget-bin/www_bget?hsa:9610">
        <graphics name="RIN1" fgcolor="#000000" bgcolor="#BFFFBF"
             type="rectangle" x="596" y="775" width="46" height="17"/>
    </entry>
    <entry id="134" name="hsa:3265 hsa:3845 hsa:4893" type="gene"
        link="https://www.kegg.jp/dbget-bin/www_bget?hsa:3265+hsa:3845+hsa:4893">
        <graphics name="HRAS, C-BAS/HAS, C-H-RAS, C-HA-RAS1, CTLO, H-RASIDX, HAMSV, HRAS1, RASH1, p21ras..." fgcolor="#000000" bgcolor="#BFFFBF"
             type="rectangle" x="477" y="602" width="46" height="17"/>
    </entry>
    <entry id="135" name="hsa:22808" type="gene"
        link="https://www.kegg.jp/dbget-bin/www_bget?hsa:22808">
        <graphics name="MRAS, M-RAs, NS11, R-RAS3, RRAS3" fgcolor="#000000" bgcolor="#BFFFBF"
             type="rectangle" x="477" y="666" width="46" height="17"/>
    </entry>
    <entry id="154" name="path:hsa04144" type="map"
        link="https://www.kegg.jp/dbget-bin/www_bget?hsa04144">
        <graphics name="Endocytosis" fgcolor="#000000" bgcolor="#FFFFFF"
             type="roundrectangle" x="1137" y="793" width="92" height="25"/>
    </entry>
    <entry id="155" name="path:hsa04810" type="map"
        link="https://www.kegg.jp/dbget-bin/www_bget?hsa04810">
        <graphics name="Regulation of actin cytoskeleton" fgcolor="#000000" bgcolor="#FFFFFF"
             type="roundrectangle" x="1117" y="162" width="110" height="34"/>
    </entry>
    <entry id="156" name="hsa:6237" type="gene"
        link="https://www.kegg.jp/dbget-bin/www_bget?hsa:6237">
        <graphics name="RRAS, R-Ras" fgcolor="#000000" bgcolor="#BFFFBF"
             type="rectangle" x="478" y="711" width="46" height="17"/>
    </entry>
    <entry id="161" name="hsa:10928" type="gene"
        link="https://www.kegg.jp/dbget-bin/www_bget?hsa:10928">
        <graphics name="RALBP1, RIP1, RLIP1, RLIP76" fgcolor="#000000" bgcolor="#BFFFBF"
             type="rectangle" x="596" y="801" width="46" height="17"/>
    </entry>
    <entry id="163" name="hsa:10928" type="gene"
        link="https://www.kegg.jp/dbget-bin/www_bget?hsa:10928">
        <graphics name="RALBP1, RIP1, RLIP1, RLIP76" fgcolor="#000000" bgcolor="#BFFFBF"
             type="rectangle" x="807" y="852" width="46" height="17"/>
    </entry>
    <entry id="164" name="hsa:382" type="gene"
        link="https://www.kegg.jp/dbget-bin/www_bget?hsa:382">
        <graphics name="ARF6" fgcolor="#000000" bgcolor="#BFFFBF"
             type="rectangle" x="889" y="852" width="46" height="17"/>
    </entry>
    <entry id="165" name="hsa:5879" type="gene"
        link="https://www.kegg.jp/dbget-bin/www_bget?hsa:5879">
        <graphics name="RAC1, MIG5, MRD48, Rac-1, TC-25, p21-Rac1" fgcolor="#000000" bgcolor="#BFFFBF"
             type="rectangle" x="970" y="852" width="46" height="17"/>
    </entry>
    <entry id="176" name="hsa:6654 hsa:6655" type="gene"
        link="https://www.kegg.jp/dbget-bin/www_bget?hsa:6654+hsa:6655">
        <graphics name="SOS1, GF1, GGF1, GINGF, HGF, NS4, SOS-1..." fgcolor="#000000" bgcolor="#BFFFBF"
             type="rectangle" x="390" y="602" width="46" height="17"/>
    </entry>
    <entry id="177" name="hsa:5923" type="gene"
        link="https://www.kegg.jp/dbget-bin/www_bget?hsa:5923">
        <graphics name="RASGRF1, CDC25, CDC25L, GNRP, GRF1, GRF55, H-GRF55, PP13187, ras-GRF1" fgcolor="#000000" bgcolor="#BFFFBF"
             type="rectangle" x="390" y="711" width="46" height="17"/>
    </entry>
    <entry id="178" name="hsa:10125 hsa:10235 hsa:115727 hsa:25780" type="gene"
        link="https://www.kegg.jp/dbget-bin/www_bget?hsa:10125+hsa:10235+hsa:115727+hsa:25780">
        <graphics name="RASGRP1, CALDAG-GEFI, CALDAG-GEFII, IMD64, RASGRP..." fgcolor="#000000" bgcolor="#BFFFBF"
             type="rectangle" x="390" y="666" width="46" height="17"/>
    </entry>
    <entry id="185" name="hsa:2902 hsa:2903 hsa:2904" type="gene"
        link="https://www.kegg.jp/dbget-bin/www_bget?hsa:2902+hsa:2903+hsa:2904">
        <graphics name="GRIN1, DEE101, GluN1, MRD8, NDHMSD, NDHMSR, NMD-R1, NMDA1, NMDAR1, NR1..." fgcolor="#000000" bgcolor="#BFFFBF"
             type="rectangle" x="200" y="467" width="46" height="17"/>
    </entry>
    <entry id="186" name="hsa:163688 hsa:51806 hsa:801 hsa:805 hsa:808 hsa:810 hsa:91860" type="gene"
        link="https://www.kegg.jp/dbget-bin/www_bget?hsa:163688+hsa:51806+hsa:801+hsa:805+hsa:808+hsa:810+hsa:91860">
        <graphics name="CALML6, CAGLP..." fgcolor="#000000" bgcolor="#BFFFBF"
             type="rectangle" x="350" y="465" width="46" height="17"/>
    </entry>
    <entry id="187" name="hsa:10681 hsa:2782 hsa:2783 hsa:2784 hsa:2785 hsa:2786 hsa:2787 hsa:2788 hsa:2790 hsa:2791 hsa:2792 hsa:2793 hsa:51764 hsa:54331 hsa:55970 hsa:59345 hsa:94235" type="gene"
        link="https://www.kegg.jp/dbget-bin/www_bget?hsa:10681+hsa:2782+hsa:2783+hsa:2784+hsa:2785+hsa:2786+hsa:2787+hsa:2788+hsa:2790+hsa:2791+hsa:2792+hsa:2793+hsa:51764+hsa:54331+hsa:55970+hsa:59345+hsa:94235">
        <graphics name="GNB5, GB5, HG2E, IDDCA, LADCI, gbeta5..." fgcolor="#000000" bgcolor="#BFFFBF"
             type="rectangle" x="311" y="388" width="46" height="17"/>
    </entry>
    <entry id="190" name="cpd:C00076" type="compound"
        link="https://www.kegg.jp/dbget-bin/www_bget?C00076">
        <graphics name="C00076" fgcolor="#000000" bgcolor="#FFFFFF"
             type="circle" x="280" y="467" width="8" height="8"/>
    </entry>
    <entry id="194" name="hsa:3363" type="gene"
        link="https://www.kegg.jp/dbget-bin/www_bget?hsa:3363">
        <graphics name="HTR7, 5-HT7" fgcolor="#000000" bgcolor="#BFFFBF"
             type="rectangle" x="200" y="388" width="46" height="17"/>
    </entry>
    <entry id="195" name="hsa:5335 hsa:5336" type="gene"
        link="https://www.kegg.jp/dbget-bin/www_bget?hsa:5335+hsa:5336">
        <graphics name="PLCG1, NCKAP3, PLC-II, PLC1, PLC148, PLCgamma1..." fgcolor="#000000" bgcolor="#BFFFBF"
             type="rectangle" x="333" y="305" width="46" height="17"/>
    </entry>
    <entry id="198" name="cpd:C00165" type="compound"
        link="https://www.kegg.jp/dbget-bin/www_bget?C00165">
        <graphics name="C00165" fgcolor="#000000" bgcolor="#FFFFFF"
             type="circle" x="400" y="305" width="8" height="8"/>
    </entry>
    <entry id="201" name="cpd:C01245" type="compound"
        link="https://www.kegg.jp/dbget-bin/www_bget?C01245">
        <graphics name="C01245" fgcolor="#000000" bgcolor="#FFFFFF"
             type="circle" x="400" y="262" width="8" height="8"/>
    </entry>
    <entry id="203" name="cpd:C00076" type="compound"
        link="https://www.kegg.jp/dbget-bin/www_bget?C00076">
        <graphics name="C00076" fgcolor="#000000" bgcolor="#FFFFFF"
             type="circle" x="449" y="260" width="8" height="8"/>
    </entry>
    <entry id="205" name="path:hsa04720" type="map"
        link="https://www.kegg.jp/dbget-bin/www_bget?hsa04720">
        <graphics name="Long-term potentiation" fgcolor="#000000" bgcolor="#FFFFFF"
             type="roundrectangle" x="549" y="443" width="136" height="25"/>
    </entry>
    <entry id="206" name="ko:K10784 ko:K10785" type="ortholog"
        link="https://www.kegg.jp/dbget-bin/www_bget?K10784+K10785">
        <graphics name="K10784..." fgcolor="#000000" bgcolor="#FFFFFF"
             type="rectangle" x="200" y="343" width="46" height="17"/>
    </entry>
    <entry id="207" name="hsa:7535" type="gene"
        link="https://www.kegg.jp/dbget-bin/www_bget?hsa:7535">
        <graphics name="ZAP70, ADMIO2, IMD48, SRK, STCD, STD, TZK, ZAP-70" fgcolor="#000000" bgcolor="#BFFFBF"
             type="rectangle" x="271" y="343" width="46" height="17"/>
    </entry>
    <entry id="208" name="hsa:27040" type="gene"
        link="https://www.kegg.jp/dbget-bin/www_bget?hsa:27040">
        <graphics name="LAT, IMD52, LAT1, pp36" fgcolor="#000000" bgcolor="#BFFFBF"
             type="rectangle" x="341" y="343" width="46" height="17"/>
    </entry>
    <entry id="212" name="path:hsa04660" type="map"
        link="https://www.kegg.jp/dbget-bin/www_bget?hsa04660">
        <graphics name="T cell receptor signaling pathway" fgcolor="#000000" bgcolor="#FFFFFF"
             type="roundrectangle" x="443" y="348" width="110" height="34"/>
    </entry>
    <entry id="215" name="hsa:10298 hsa:106821730 hsa:5058 hsa:5062 hsa:5063 hsa:56924 hsa:57144" type="gene"
        link="https://www.kegg.jp/dbget-bin/www_bget?hsa:10298+hsa:106821730+hsa:5058+hsa:5062+hsa:5063+hsa:56924+hsa:57144">
        <graphics name="PAK4..." fgcolor="#000000" bgcolor="#BFFFBF"
             type="rectangle" x="1025" y="176" width="46" height="17"/>
    </entry>
    <entry id="216" name="hsa:55770" type="gene"
        link="https://www.kegg.jp/dbget-bin/www_bget?hsa:55770">
        <graphics name="EXOC2, NEDFACH, SEC5, SEC5L1, Sec5p" fgcolor="#000000" bgcolor="#BFFFBF"
             type="rectangle" x="1002" y="401" width="46" height="17"/>
    </entry>
    <entry id="217" name="hsa:29110" type="gene"
        link="https://www.kegg.jp/dbget-bin/www_bget?hsa:29110">
        <graphics name="TBK1, FTDALS4, IIAE8, NAK, T2K" fgcolor="#000000" bgcolor="#BFFFBF"
             type="rectangle" x="1075" y="399" width="46" height="17"/>
    </entry>
    <entry id="218" name="hsa:5966" type="gene"
        link="https://www.kegg.jp/dbget-bin/www_bget?hsa:5966">
        <graphics name="REL, C-Rel, HIVEN86A, IMD92" fgcolor="#000000" bgcolor="#BFFFBF"
             type="rectangle" x="1149" y="399" width="46" height="17"/>
    </entry>
    <entry id="223" name="path:hsa04015" type="map"
        link="https://www.kegg.jp/dbget-bin/www_bget?hsa04015">
        <graphics name="Rap1 signaling pathway" fgcolor="#000000" bgcolor="#FFFFFF"
             type="roundrectangle" x="985" y="646" width="110" height="34"/>
    </entry>
    <entry id="224" name="hsa:8315" type="gene"
        link="https://www.kegg.jp/dbget-bin/www_bget?hsa:8315">
        <graphics name="BRAP, BRAP2, IMP, RNF52" fgcolor="#000000" bgcolor="#BFFFBF"
             type="rectangle" x="807" y="608" width="46" height="17"/>
    </entry>
    <entry id="225" name="hsa:283455 hsa:8844" type="gene"
        link="https://www.kegg.jp/dbget-bin/www_bget?hsa:283455+hsa:8844">
        <graphics name="KSR2..." fgcolor="#000000" bgcolor="#BFFFBF"
             type="rectangle" x="932" y="592" width="46" height="17"/>
    </entry>
    <entry id="230" name="hsa:8315" type="gene"
        link="https://www.kegg.jp/dbget-bin/www_bget?hsa:8315">
        <graphics name="BRAP, BRAP2, IMP, RNF52" fgcolor="#000000" bgcolor="#BFFFBF"
             type="rectangle" x="596" y="665" width="46" height="17"/>
    </entry>
    <entry id="234" name="cpd:C00575" type="compound"
        link="https://www.kegg.jp/dbget-bin/www_bget?C00575">
        <graphics name="C00575" fgcolor="#000000" bgcolor="#FFFFFF"
             type="circle" x="278" y="423" width="8" height="8"/>
    </entry>
    <entry id="236" name="hsa:5566 hsa:5567 hsa:5568" type="gene"
        link="https://www.kegg.jp/dbget-bin/www_bget?hsa:5566+hsa:5567+hsa:5568">
        <graphics name="PRKACA, CAFD1, PKACA, PPNAD4..." fgcolor="#000000" bgcolor="#BFFFBF"
             type="rectangle" x="351" y="425" width="46" height="17"/>
    </entry>
    <entry id="238" name="hsa:8036" type="gene"
        link="https://www.kegg.jp/dbget-bin/www_bget?hsa:8036">
        <graphics name="SHOC2, NSLH1, SIAA0862, SOC2, SUR8" fgcolor="#000000" bgcolor="#BFFFBF"
             type="rectangle" x="840" y="530" width="46" height="17"/>
    </entry>
    <entry id="240" name="hsa:253959 hsa:57148 hsa:57186" type="gene"
        link="https://www.kegg.jp/dbget-bin/www_bget?hsa:253959+hsa:57148+hsa:57186">
        <graphics name="RALGAPA1, GARNL1, GRIPE, NEDHRIT, RalGAPalpha1, TULIP1, p240..." fgcolor="#000000" bgcolor="#BFFFBF"
             type="rectangle" x="934" y="352" width="46" height="17"/>
    </entry>
    <relation entry1="30" entry2="31" type="PPrel">
        <subtype name="activation" value="--&gt;"/>
    </relation>
    <relation entry1="31" entry2="27" type="PPrel">
        <subtype name="activation" value="--&gt;"/>
    </relation>
    <relation entry1="27" entry2="18" type="PPrel">
        <subtype name="binding/association" value="---"/>
    </relation>
    <relation entry1="18" entry2="32" type="PPrel">
        <subtype name="binding/association" value="---"/>
    </relation>
    <relation entry1="18" entry2="33" type="PPrel">
        <subtype name="binding/association" value="---"/>
    </relation>
    <relation entry1="18" entry2="19" type="PPrel">
        <subtype name="activation" value="--&gt;"/>
    </relation>
    <relation entry1="19" entry2="89" type="PPrel">
        <subtype name="activation" value="--&gt;"/>
    </relation>
    <relation entry1="207" entry2="208" type="PPrel">
        <subtype name="activation" value="--&gt;"/>
    </relation>
    <relation entry1="208" entry2="195" type="PPrel">
        <subtype name="activation" value="--&gt;"/>
    </relation>
    <relation entry1="195" entry2="198" type="PCrel">
        <subtype name="activation" value="--&gt;"/>
    </relation>
    <relation entry1="198" entry2="96" type="PCrel">
        <subtype name="activation" value="--&gt;"/>
        <subtype name="indirect effect" value="..&gt;"/>
    </relation>
    <relation entry1="96" entry2="89" type="PPrel">
        <subtype name="activation" value="--&gt;"/>
    </relation>
    <relation entry1="194" entry2="187" type="PPrel">
        <subtype name="activation" value="--&gt;"/>
    </relation>
    <relation entry1="187" entry2="97" type="PPrel">
        <subtype name="activation" value="--&gt;"/>
    </relation>
    <relation entry1="97" entry2="89" type="PPrel">
        <subtype name="activation" value="--&gt;"/>
    </relation>
    <relation entry1="194" entry2="234" type="PCrel">
        <subtype name="activation" value="--&gt;"/>
        <subtype name="indirect effect" value="..&gt;"/>
    </relation>
    <relation entry1="194" entry2="190" type="PCrel">
        <subtype name="activation" value="--&gt;"/>
        <subtype name="indirect effect" value="..&gt;"/>
    </relation>
    <relation entry1="234" entry2="236" type="PCrel">
        <subtype name="activation" value="--&gt;"/>
    </relation>
    <relation entry1="190" entry2="186" type="PCrel">
        <subtype name="activation" value="--&gt;"/>
    </relation>
    <relation entry1="186" entry2="97" type="PPrel">
        <subtype name="activation" value="--&gt;"/>
    </relation>
    <relation entry1="236" entry2="97" type="PPrel">
        <subtype name="activation" value="--&gt;"/>
        <subtype name="phosphorylation" value="+p"/>
    </relation>
    <relation entry1="92" entry2="89" type="PCrel">
        <subtype name="binding/association" value="---"/>
    </relation>
    <relation entry1="91" entry2="12" type="PCrel">
        <subtype name="binding/association" value="---"/>
    </relation>
    <relation entry1="99" entry2="12" type="PPrel">
        <subtype name="activation" value="--&gt;"/>
    </relation>
    <relation entry1="98" entry2="12" type="PPrel">
        <subtype name="activation" value="--&gt;"/>
    </relation>
    <relation entry1="12" entry2="114" type="PPrel">
        <subtype name="activation" value="--&gt;"/>
    </relation>
    <relation entry1="114" entry2="115" type="PPrel">
        <subtype name="activation" value="--&gt;"/>
    </relation>
    <relation entry1="113" entry2="116" type="PPrel">
        <subtype name="activation" value="--&gt;"/>
    </relation>
    <relation entry1="114" entry2="113" type="PPrel">
        <subtype name="binding/association" value="---"/>
    </relation>
    <relation entry1="115" entry2="116" type="PPrel">
        <subtype name="binding/association" value="---"/>
    </relation>
    <relation entry1="12" entry2="113" type="PPrel">
        <subtype name="activation" value="--&gt;"/>
    </relation>
    <relation entry1="12" entry2="35" type="PPrel">
        <subtype name="activation" value="--&gt;"/>
    </relation>
    <relation entry1="12" entry2="24" type="PPrel">
        <subtype name="activation" value="--&gt;"/>
    </relation>
    <relation entry1="12" entry2="109" type="PPrel">
        <subtype name="activation" value="--&gt;"/>
    </relation>
    <relation entry1="12" entry2="11" type="PPrel">
        <subtype name="activation" value="--&gt;"/>
    </relation>
    <relation entry1="12" entry2="37" type="PPrel">
        <subtype name="activation" value="--&gt;"/>
    </relation>
    <relation entry1="12" entry2="38" type="PPrel">
        <subtype name="activation" value="--&gt;"/>
    </relation>
    <relation entry1="12" entry2="39" type="PPrel">
        <subtype name="activation" value="--&gt;"/>
    </relation>
    <relation entry1="12" entry2="42" type="PPrel">
        <subtype name="activation" value="--&gt;"/>
    </relation>
    <relation entry1="12" entry2="49" type="PPrel">
        <subtype name="activation" value="--&gt;"/>
    </relation>
    <relation entry1="12" entry2="163" type="PPrel">
        <subtype name="activation" value="--&gt;"/>
    </relation>
    <relation entry1="12" entry2="224" type="PPrel">
        <subtype name="inhibition" value="--|"/>
    </relation>
    <relation entry1="12" entry2="119" type="PPrel">
        <subtype name="inhibition" value="--|"/>
    </relation>
    <relation entry1="114" entry2="35" type="PPrel">
        <subtype name="activation" value="--&gt;"/>
    </relation>
    <relation entry1="35" entry2="36" type="PPrel">
        <subtype name="activation" value="--&gt;"/>
    </relation>
    <relation entry1="36" entry2="215" type="PPrel">
        <subtype name="activation" value="--&gt;"/>
    </relation>
    <relation entry1="36" entry2="102" type="PPrel">
        <subtype name="activation" value="--&gt;"/>
    </relation>
    <relation entry1="24" entry2="36" type="PPrel">
        <subtype name="activation" value="--&gt;"/>
    </relation>
    <relation entry1="24" entry2="22" type="PCrel">
        <subtype name="activation" value="--&gt;"/>
    </relation>
    <relation entry1="22" entry2="35" type="PCrel">
        <subtype name="activation" value="--&gt;"/>
    </relation>
    <relation entry1="22" entry2="23" type="PCrel">
        <subtype name="activation" value="--&gt;"/>
    </relation>
    <relation entry1="23" entry2="59" type="PPrel">
        <subtype name="activation" value="--&gt;"/>
    </relation>
    <relation entry1="59" entry2="60" type="PPrel">
        <subtype name="activation" value="--&gt;"/>
    </relation>
    <relation entry1="23" entry2="57" type="PPrel">
        <subtype name="inhibition" value="--|"/>
        <subtype name="phosphorylation" value="+p"/>
    </relation>
    <relation entry1="57" entry2="58" type="PPrel">
        <subtype name="inhibition" value="--|"/>
    </relation>
    <relation entry1="23" entry2="61" type="PPrel">
        <subtype name="inhibition" value="--|"/>
    </relation>
    <relation entry1="61" entry2="62" type="PPrel">
        <subtype name="activation" value="--&gt;"/>
    </relation>
    <relation entry1="11" entry2="10" type="PPrel">
        <subtype name="activation" value="--&gt;"/>
        <subtype name="phosphorylation" value="+p"/>
    </relation>
    <relation entry1="10" entry2="9" type="PPrel">
        <subtype name="activation" value="--&gt;"/>
        <subtype name="phosphorylation" value="+p"/>
    </relation>
    <relation entry1="9" entry2="78" type="PPrel">
        <subtype name="activation" value="--&gt;"/>
    </relation>
    <relation entry1="9" entry2="79" type="PPrel">
        <subtype name="activation" value="--&gt;"/>
    </relation>
    <relation entry1="9" entry2="80" type="PPrel">
        <subtype name="activation" value="--&gt;"/>
    </relation>
    <relation entry1="224" entry2="225" type="PPrel">
        <subtype name="inhibition" value="--|"/>
    </relation>
    <relation entry1="119" entry2="120" type="PPrel">
        <subtype name="activation" value="--&gt;"/>
    </relation>
    <relation entry1="37" entry2="40" type="PPrel">
        <subtype name="activation" value="--&gt;"/>
    </relation>
    <relation entry1="38" entry2="40" type="PPrel">
        <subtype name="activation" value="--&gt;"/>
    </relation>
    <relation entry1="39" entry2="40" type="PPrel">
        <subtype name="activation" value="--&gt;"/>
    </relation>
    <relation entry1="40" entry2="70" type="PPrel">
        <subtype name="activation" value="--&gt;"/>
    </relation>
    <relation entry1="40" entry2="216" type="PPrel">
        <subtype name="activation" value="--&gt;"/>
    </relation>
    <relation entry1="216" entry2="217" type="PPrel">
        <subtype name="activation" value="--&gt;"/>
    </relation>
    <relation entry1="217" entry2="218" type="PPrel">
        <subtype name="activation" value="--&gt;"/>
    </relation>
    <relation entry1="40" entry2="41" type="PPrel">
        <subtype name="activation" value="--&gt;"/>
    </relation>
    <relation entry1="40" entry2="71" type="PPrel">
        <subtype name="activation" value="--&gt;"/>
    </relation>
    <relation entry1="71" entry2="72" type="PPrel">
        <subtype name="activation" value="--&gt;"/>
    </relation>
    <relation entry1="71" entry2="73" type="PPrel">
        <subtype name="activation" value="--&gt;"/>
    </relation>
    <relation entry1="72" entry2="70" type="PPrel">
        <subtype name="activation" value="--&gt;"/>
    </relation>
    <relation entry1="42" entry2="50" type="PCrel">
        <subtype name="activation" value="--&gt;"/>
    </relation>
    <relation entry1="50" entry2="43" type="PCrel">
        <subtype name="activation" value="--&gt;"/>
    </relation>
    <relation entry1="49" entry2="48" type="PPrel">
        <subtype name="activation" value="--&gt;"/>
    </relation>
    <relation entry1="49" entry2="86" type="PPrel">
        <subtype name="activation" value="--&gt;"/>
    </relation>
    <relation entry1="163" entry2="164" type="PPrel">
        <subtype name="activation" value="--&gt;"/>
    </relation>
    <relation entry1="164" entry2="165" type="PPrel">
        <subtype name="activation" value="--&gt;"/>
    </relation>
    <relation entry1="176" entry2="134" type="PPrel">
        <subtype name="activation" value="--&gt;"/>
    </relation>
    <relation entry1="176" entry2="135" type="PPrel">
        <subtype name="activation" value="--&gt;"/>
    </relation>
    <relation entry1="178" entry2="134" type="PPrel">
        <subtype name="activation" value="--&gt;"/>
    </relation>
    <relation entry1="177" entry2="134" type="PPrel">
        <subtype name="activation" value="--&gt;"/>
    </relation>
    <relation entry1="177" entry2="135" type="PPrel">
        <subtype name="activation" value="--&gt;"/>
    </relation>
    <relation entry1="177" entry2="156" type="PPrel">
        <subtype name="activation" value="--&gt;"/>
    </relation>
    <relation entry1="134" entry2="125" type="PPrel">
        <subtype name="activation" value="--&gt;"/>
    </relation>
    <relation entry1="134" entry2="126" type="PPrel">
        <subtype name="activation" value="--&gt;"/>
    </relation>
    <relation entry1="134" entry2="127" type="PPrel">
        <subtype name="activation" value="--&gt;"/>
    </relation>
    <relation entry1="134" entry2="128" type="PPrel">
        <subtype name="activation" value="--&gt;"/>
    </relation>
    <relation entry1="134" entry2="129" type="PPrel">
        <subtype name="activation" value="--&gt;"/>
    </relation>
    <relation entry1="134" entry2="230" type="PPrel">
        <subtype name="activation" value="--&gt;"/>
    </relation>
    <relation entry1="134" entry2="131" type="PPrel">
        <subtype name="activation" value="--&gt;"/>
    </relation>
    <relation entry1="134" entry2="132" type="PPrel">
        <subtype name="activation" value="--&gt;"/>
    </relation>
    <relation entry1="134" entry2="133" type="PPrel">
        <subtype name="activation" value="--&gt;"/>
    </relation>
    <relation entry1="135" entry2="125" type="PPrel">
        <subtype name="activation" value="--&gt;"/>
    </relation>
    <relation entry1="135" entry2="127" type="PPrel">
        <subtype name="activation" value="--&gt;"/>
    </relation>
    <relation entry1="135" entry2="128" type="PPrel">
        <subtype name="activation" value="--&gt;"/>
    </relation>
    <relation entry1="135" entry2="130" type="PPrel">
        <subtype name="activation" value="--&gt;"/>
    </relation>
    <relation entry1="156" entry2="125" type="PPrel">
        <subtype name="activation" value="--&gt;"/>
    </relation>
    <relation entry1="156" entry2="127" type="PPrel">
        <subtype name="activation" value="--&gt;"/>
    </relation>
    <relation entry1="156" entry2="129" type="PPrel">
        <subtype name="activation" value="--&gt;"/>
    </relation>
    <relation entry1="156" entry2="131" type="PPrel">
        <subtype name="activation" value="--&gt;"/>
    </relation>
    <relation entry1="156" entry2="132" type="PPrel">
        <subtype name="activation" value="--&gt;"/>
    </relation>
    <relation entry1="156" entry2="161" type="PPrel">
        <subtype name="activation" value="--&gt;"/>
    </relation>
    <relation entry1="42" entry2="51" type="PCrel">
        <subtype name="activation" value="--&gt;"/>
    </relation>
    <relation entry1="238" entry2="12" type="PPrel">
        <subtype name="binding/association" value="---"/>
    </relation>
    <relation entry1="238" entry2="11" type="PPrel">
        <subtype name="binding/association" value="---"/>
    </relation>
    <relation entry1="240" entry2="40" type="PPrel">
        <subtype name="inhibition" value="--|"/>
    </relation>
    <relation entry1="23" entry2="240" type="PPrel">
        <subtype name="inhibition" value="--|"/>
        <subtype name="phosphorylation" value="+p"/>
    </relation>
</pathway>
